"recording_id","station_id","recording_date","recording_time","recording_file_path","annotation_file_path","ARU","file_name","local_directory","server_directory_name","server_directory_URL","hard_drive_directory","second_recording","third_recording","fourth_recording","commune","lon","lat","recorder","habitat","comment","altitude","week_number","hard_drive_recording_file_path","hard_drive_second_recording_file_path","hard_drive_third_recording_file_path","hard_drive_fourth_recording_file_path"
181,1001,2022-06-03,"00:00:00","Sites démonstrateurs/1001/SMM00803_20220603_000000.wav","Sites démonstrateurs/1001/SMM00803_20220603_000000_labels.txt","SMMicro","SMM00803_20220603_000000.wav","../Recordings/Selected/Sites démonstrateurs/1001","-","-","/media/david/One Touch/PSI-BIOM/Travail/Enregistrements analyses BirdNET/Sites démonstrateurs/1001","SMM00803_20220603_001500.wav","SMM00803_20220603_003000.wav","SMM00803_20220603_004500.wav","Auradé",1.044752,43.571729,"","crop","",NA,22,"/media/david/One Touch/PSI-BIOM/Travail/Enregistrements analyses BirdNET/Sites démonstrateurs/1001/SMM00803_20220603_000000.wav","/media/david/One Touch/PSI-BIOM/Travail/Enregistrements analyses BirdNET/Sites démonstrateurs/1001/SMM00803_20220603_001500.wav","/media/david/One Touch/PSI-BIOM/Travail/Enregistrements analyses BirdNET/Sites démonstrateurs/1001/SMM00803_20220603_003000.wav","/media/david/One Touch/PSI-BIOM/Travail/Enregistrements analyses BirdNET/Sites démonstrateurs/1001/SMM00803_20220603_004500.wav"
182,1001,2022-06-03,"07:00:00","Sites démonstrateurs/1001/SMM00803_20220603_070000.wav","Sites démonstrateurs/1001/SMM00803_20220603_070000_labels.txt","SMMicro","SMM00803_20220603_070000.wav","../Recordings/Selected/Sites démonstrateurs/1001","-","-","/media/david/One Touch/PSI-BIOM/Travail/Enregistrements analyses BirdNET/Sites démonstrateurs/1001","SMM00803_20220603_071500.wav","SMM00803_20220603_073000.wav","SMM00803_20220603_074500.wav","Auradé",1.044752,43.571729,"","crop","",NA,22,"/media/david/One Touch/PSI-BIOM/Travail/Enregistrements analyses BirdNET/Sites démonstrateurs/1001/SMM00803_20220603_070000.wav","/media/david/One Touch/PSI-BIOM/Travail/Enregistrements analyses BirdNET/Sites démonstrateurs/1001/SMM00803_20220603_071500.wav","/media/david/One Touch/PSI-BIOM/Travail/Enregistrements analyses BirdNET/Sites démonstrateurs/1001/SMM00803_20220603_073000.wav","/media/david/One Touch/PSI-BIOM/Travail/Enregistrements analyses BirdNET/Sites démonstrateurs/1001/SMM00803_20220603_074500.wav"
183,1001,2022-06-03,"13:00:00","Sites démonstrateurs/1001/SMM00803_20220603_130000.wav","Sites démonstrateurs/1001/SMM00803_20220603_130000_labels.txt","SMMicro","SMM00803_20220603_130000.wav","../Recordings/Selected/Sites démonstrateurs/1001","-","-","/media/david/One Touch/PSI-BIOM/Travail/Enregistrements analyses BirdNET/Sites démonstrateurs/1001","SMM00803_20220603_131500.wav","SMM00803_20220603_133000.wav","SMM00803_20220603_134500.wav","Auradé",1.044752,43.571729,"","crop","",NA,22,"/media/david/One Touch/PSI-BIOM/Travail/Enregistrements analyses BirdNET/Sites démonstrateurs/1001/SMM00803_20220603_130000.wav","/media/david/One Touch/PSI-BIOM/Travail/Enregistrements analyses BirdNET/Sites démonstrateurs/1001/SMM00803_20220603_131500.wav","/media/david/One Touch/PSI-BIOM/Travail/Enregistrements analyses BirdNET/Sites démonstrateurs/1001/SMM00803_20220603_133000.wav","/media/david/One Touch/PSI-BIOM/Travail/Enregistrements analyses BirdNET/Sites démonstrateurs/1001/SMM00803_20220603_134500.wav"
184,1002,2022-06-15,"00:00:00","Sites démonstrateurs/1002/SMM00674_20220615_000000.wav","Sites démonstrateurs/1002/SMM00674_20220615_000000_labels.txt","SMMicro","SMM00674_20220615_000000.wav","../Recordings/Selected/Sites démonstrateurs/1002","-","-","/media/david/One Touch/PSI-BIOM/Travail/Enregistrements analyses BirdNET/Sites démonstrateurs/1002","SMM00674_20220615_001500.wav","SMM00674_20220615_003000.wav","SMM00674_20220615_004500.wav","Barjac",1.133977,43.070118,"","mosaic","",NA,24,"/media/david/One Touch/PSI-BIOM/Travail/Enregistrements analyses BirdNET/Sites démonstrateurs/1002/SMM00674_20220615_000000.wav","/media/david/One Touch/PSI-BIOM/Travail/Enregistrements analyses BirdNET/Sites démonstrateurs/1002/SMM00674_20220615_001500.wav","/media/david/One Touch/PSI-BIOM/Travail/Enregistrements analyses BirdNET/Sites démonstrateurs/1002/SMM00674_20220615_003000.wav","/media/david/One Touch/PSI-BIOM/Travail/Enregistrements analyses BirdNET/Sites démonstrateurs/1002/SMM00674_20220615_004500.wav"
185,1002,2022-06-15,"07:00:00","Sites démonstrateurs/1002/SMM00674_20220615_070000.wav","Sites démonstrateurs/1002/SMM00674_20220615_070000_labels.txt","SMMicro","SMM00674_20220615_070000.wav","../Recordings/Selected/Sites démonstrateurs/1002","-","-","/media/david/One Touch/PSI-BIOM/Travail/Enregistrements analyses BirdNET/Sites démonstrateurs/1002","SMM00674_20220615_071500.wav","SMM00674_20220615_073000.wav","SMM00674_20220615_074500.wav","Barjac",1.133977,43.070118,"","mosaic","",NA,24,"/media/david/One Touch/PSI-BIOM/Travail/Enregistrements analyses BirdNET/Sites démonstrateurs/1002/SMM00674_20220615_070000.wav","/media/david/One Touch/PSI-BIOM/Travail/Enregistrements analyses BirdNET/Sites démonstrateurs/1002/SMM00674_20220615_071500.wav","/media/david/One Touch/PSI-BIOM/Travail/Enregistrements analyses BirdNET/Sites démonstrateurs/1002/SMM00674_20220615_073000.wav","/media/david/One Touch/PSI-BIOM/Travail/Enregistrements analyses BirdNET/Sites démonstrateurs/1002/SMM00674_20220615_074500.wav"
186,1002,2022-06-15,"13:00:00","Sites démonstrateurs/1002/SMM00674_20220615_130000.wav","Sites démonstrateurs/1002/SMM00674_20220615_130000_labels.txt","SMMicro","SMM00674_20220615_130000.wav","../Recordings/Selected/Sites démonstrateurs/1002","-","-","/media/david/One Touch/PSI-BIOM/Travail/Enregistrements analyses BirdNET/Sites démonstrateurs/1002","SMM00674_20220615_131500.wav","SMM00674_20220615_133000.wav","SMM00674_20220615_134500.wav","Barjac",1.133977,43.070118,"","mosaic","",NA,24,"/media/david/One Touch/PSI-BIOM/Travail/Enregistrements analyses BirdNET/Sites démonstrateurs/1002/SMM00674_20220615_130000.wav","/media/david/One Touch/PSI-BIOM/Travail/Enregistrements analyses BirdNET/Sites démonstrateurs/1002/SMM00674_20220615_131500.wav","/media/david/One Touch/PSI-BIOM/Travail/Enregistrements analyses BirdNET/Sites démonstrateurs/1002/SMM00674_20220615_133000.wav","/media/david/One Touch/PSI-BIOM/Travail/Enregistrements analyses BirdNET/Sites démonstrateurs/1002/SMM00674_20220615_134500.wav"
187,1003,2022-06-17,"00:00:00","Sites démonstrateurs/1003/SMM00685_20220617_000000.wav","Sites démonstrateurs/1003/SMM00685_20220617_000000_labels.txt","SMMicro","SMM00685_20220617_000000.wav","../Recordings/Selected/Sites démonstrateurs/1003","-","-","/media/david/One Touch/PSI-BIOM/Travail/Enregistrements analyses BirdNET/Sites démonstrateurs/1003","SMM00685_20220617_001500.wav","SMM00685_20220617_003000.wav","SMM00685_20220617_004500.wav","Francon",1.006073,43.260611,"","crop","",NA,24,"/media/david/One Touch/PSI-BIOM/Travail/Enregistrements analyses BirdNET/Sites démonstrateurs/1003/SMM00685_20220617_000000.wav","/media/david/One Touch/PSI-BIOM/Travail/Enregistrements analyses BirdNET/Sites démonstrateurs/1003/SMM00685_20220617_001500.wav","/media/david/One Touch/PSI-BIOM/Travail/Enregistrements analyses BirdNET/Sites démonstrateurs/1003/SMM00685_20220617_003000.wav","/media/david/One Touch/PSI-BIOM/Travail/Enregistrements analyses BirdNET/Sites démonstrateurs/1003/SMM00685_20220617_004500.wav"
188,1003,2022-06-17,"07:00:00","Sites démonstrateurs/1003/SMM00685_20220617_070000.wav","Sites démonstrateurs/1003/SMM00685_20220617_070000_labels.txt","SMMicro","SMM00685_20220617_070000.wav","../Recordings/Selected/Sites démonstrateurs/1003","-","-","/media/david/One Touch/PSI-BIOM/Travail/Enregistrements analyses BirdNET/Sites démonstrateurs/1003","SMM00685_20220617_071500.wav","SMM00685_20220617_073000.wav","SMM00685_20220617_074500.wav","Francon",1.006073,43.260611,"","crop","",NA,24,"/media/david/One Touch/PSI-BIOM/Travail/Enregistrements analyses BirdNET/Sites démonstrateurs/1003/SMM00685_20220617_070000.wav","/media/david/One Touch/PSI-BIOM/Travail/Enregistrements analyses BirdNET/Sites démonstrateurs/1003/SMM00685_20220617_071500.wav","/media/david/One Touch/PSI-BIOM/Travail/Enregistrements analyses BirdNET/Sites démonstrateurs/1003/SMM00685_20220617_073000.wav","/media/david/One Touch/PSI-BIOM/Travail/Enregistrements analyses BirdNET/Sites démonstrateurs/1003/SMM00685_20220617_074500.wav"
189,1003,2022-06-17,"13:00:00","Sites démonstrateurs/1003/SMM00685_20220617_130000.wav","Sites démonstrateurs/1003/SMM00685_20220617_130000_labels.txt","SMMicro","SMM00685_20220617_130000.wav","../Recordings/Selected/Sites démonstrateurs/1003","-","-","/media/david/One Touch/PSI-BIOM/Travail/Enregistrements analyses BirdNET/Sites démonstrateurs/1003","SMM00685_20220617_131500.wav","SMM00685_20220617_133000.wav","SMM00685_20220617_134500.wav","Francon",1.006073,43.260611,"","crop","",NA,24,"/media/david/One Touch/PSI-BIOM/Travail/Enregistrements analyses BirdNET/Sites démonstrateurs/1003/SMM00685_20220617_130000.wav","/media/david/One Touch/PSI-BIOM/Travail/Enregistrements analyses BirdNET/Sites démonstrateurs/1003/SMM00685_20220617_131500.wav","/media/david/One Touch/PSI-BIOM/Travail/Enregistrements analyses BirdNET/Sites démonstrateurs/1003/SMM00685_20220617_133000.wav","/media/david/One Touch/PSI-BIOM/Travail/Enregistrements analyses BirdNET/Sites démonstrateurs/1003/SMM00685_20220617_134500.wav"
190,2001,2022-05-22,"00:00:00","SpatialTreeP/2001/SMA06988_20220522_235702.wav","SpatialTreeP/2001/SMA06988_20220522_235702_labels.txt","SMMini","SMA06988_20220522_235702.wav","../Recordings/Selected/SpatialTreeP/2001","372RougeE_6988_Pose 29.6","https://nextcloud.inrae.fr/s/Yn7yyCcDBkybZLR?path=%2FAscou_Pailh%C3%A8res%2F372RougeE_6988_Pose%2029.6%2FData","/media/david/One Touch/PSI-BIOM/Travail/Enregistrements analyses BirdNET/SpatialTreeP/2001","SMA06988_20220523_005702.wav","SMA06988_20220523_015702.wav","SMA06988_20220523_025702.wav","Ascou",1.972673,42.721411,"6988","alpine meadow","",2056,20,"/media/david/One Touch/PSI-BIOM/Travail/Enregistrements analyses BirdNET/SpatialTreeP/2001/SMA06988_20220522_235702.wav","/media/david/One Touch/PSI-BIOM/Travail/Enregistrements analyses BirdNET/SpatialTreeP/2001/SMA06988_20220523_005702.wav","/media/david/One Touch/PSI-BIOM/Travail/Enregistrements analyses BirdNET/SpatialTreeP/2001/SMA06988_20220523_015702.wav","/media/david/One Touch/PSI-BIOM/Travail/Enregistrements analyses BirdNET/SpatialTreeP/2001/SMA06988_20220523_025702.wav"
191,2001,2022-05-23,"07:00:00","SpatialTreeP/2001/SMA06988_20220523_065702.wav","SpatialTreeP/2001/SMA06988_20220523_065702_labels.txt","SMMini","SMA06988_20220523_065702.wav","../Recordings/Selected/SpatialTreeP/2001","372RougeE_6988_Pose 29.6","https://nextcloud.inrae.fr/s/Yn7yyCcDBkybZLR?path=%2FAscou_Pailh%C3%A8res%2F372RougeE_6988_Pose%2029.6%2FData","/media/david/One Touch/PSI-BIOM/Travail/Enregistrements analyses BirdNET/SpatialTreeP/2001","SMA06988_20220523_075702.wav","SMA06988_20220523_085702.wav","SMA06988_20220523_095702.wav","Ascou",1.972673,42.721411,"6988","alpine meadow","",2056,21,"/media/david/One Touch/PSI-BIOM/Travail/Enregistrements analyses BirdNET/SpatialTreeP/2001/SMA06988_20220523_065702.wav","/media/david/One Touch/PSI-BIOM/Travail/Enregistrements analyses BirdNET/SpatialTreeP/2001/SMA06988_20220523_075702.wav","/media/david/One Touch/PSI-BIOM/Travail/Enregistrements analyses BirdNET/SpatialTreeP/2001/SMA06988_20220523_085702.wav","/media/david/One Touch/PSI-BIOM/Travail/Enregistrements analyses BirdNET/SpatialTreeP/2001/SMA06988_20220523_095702.wav"
192,2001,2022-05-23,"13:00:00","SpatialTreeP/2001/SMA06988_20220523_125702.wav","SpatialTreeP/2001/SMA06988_20220523_125702_labels.txt","SMMini","SMA06988_20220523_125702.wav","../Recordings/Selected/SpatialTreeP/2001","372RougeE_6988_Pose 29.6","https://nextcloud.inrae.fr/s/Yn7yyCcDBkybZLR?path=%2FAscou_Pailh%C3%A8res%2F372RougeE_6988_Pose%2029.6%2FData","/media/david/One Touch/PSI-BIOM/Travail/Enregistrements analyses BirdNET/SpatialTreeP/2001","SMA06988_20220523_135702.wav","SMA06988_20220523_145702.wav","SMA06988_20220523_155702.wav","Ascou",1.972673,42.721411,"6988","alpine meadow","",2056,21,"/media/david/One Touch/PSI-BIOM/Travail/Enregistrements analyses BirdNET/SpatialTreeP/2001/SMA06988_20220523_125702.wav","/media/david/One Touch/PSI-BIOM/Travail/Enregistrements analyses BirdNET/SpatialTreeP/2001/SMA06988_20220523_135702.wav","/media/david/One Touch/PSI-BIOM/Travail/Enregistrements analyses BirdNET/SpatialTreeP/2001/SMA06988_20220523_145702.wav","/media/david/One Touch/PSI-BIOM/Travail/Enregistrements analyses BirdNET/SpatialTreeP/2001/SMA06988_20220523_155702.wav"
193,2002,2022-05-21,"00:00:00","SpatialTreeP/2002/SMA07142_20220521_235402.wav","SpatialTreeP/2002/SMA07142_20220521_235402_labels.txt","SMMini","SMA07142_20220521_235402.wav","../Recordings/Selected/SpatialTreeP/2002","estagnet 374 bleu E","https://nextcloud.inrae.fr/s/Yn7yyCcDBkybZLR?path=%2FEstagnet%2Festagnet%20374%20bleu%20E","/media/david/One Touch/PSI-BIOM/Travail/Enregistrements analyses BirdNET/SpatialTreeP/2002","SMA07142_20220522_005402.wav","SMA07142_20220522_015402.wav","SMA07142_20220522_025402.wav","Mijanès",1.975031,42.69566,"7142","alpine meadow","",1972,20,"/media/david/One Touch/PSI-BIOM/Travail/Enregistrements analyses BirdNET/SpatialTreeP/2002/SMA07142_20220521_235402.wav","/media/david/One Touch/PSI-BIOM/Travail/Enregistrements analyses BirdNET/SpatialTreeP/2002/SMA07142_20220522_005402.wav","/media/david/One Touch/PSI-BIOM/Travail/Enregistrements analyses BirdNET/SpatialTreeP/2002/SMA07142_20220522_015402.wav","/media/david/One Touch/PSI-BIOM/Travail/Enregistrements analyses BirdNET/SpatialTreeP/2002/SMA07142_20220522_025402.wav"
194,2002,2022-05-22,"07:00:00","SpatialTreeP/2002/SMA07142_20220522_065402.wav","SpatialTreeP/2002/SMA07142_20220522_065402_labels.txt","SMMini","SMA07142_20220522_065402.wav","../Recordings/Selected/SpatialTreeP/2002","estagnet 374 bleu E","https://nextcloud.inrae.fr/s/Yn7yyCcDBkybZLR?path=%2FEstagnet%2Festagnet%20374%20bleu%20E","/media/david/One Touch/PSI-BIOM/Travail/Enregistrements analyses BirdNET/SpatialTreeP/2002","SMA07142_20220522_075402.wav","SMA07142_20220522_085402.wav","SMA07142_20220522_095402.wav","Mijanès",1.975031,42.69566,"7142","alpine meadow","",1972,20,"/media/david/One Touch/PSI-BIOM/Travail/Enregistrements analyses BirdNET/SpatialTreeP/2002/SMA07142_20220522_065402.wav","/media/david/One Touch/PSI-BIOM/Travail/Enregistrements analyses BirdNET/SpatialTreeP/2002/SMA07142_20220522_075402.wav","/media/david/One Touch/PSI-BIOM/Travail/Enregistrements analyses BirdNET/SpatialTreeP/2002/SMA07142_20220522_085402.wav","/media/david/One Touch/PSI-BIOM/Travail/Enregistrements analyses BirdNET/SpatialTreeP/2002/SMA07142_20220522_095402.wav"
195,2002,2022-05-22,"13:00:00","SpatialTreeP/2002/SMA07142_20220522_125402.wav","SpatialTreeP/2002/SMA07142_20220522_125402_labels.txt","SMMini","SMA07142_20220522_125402.wav","../Recordings/Selected/SpatialTreeP/2002","estagnet 374 bleu E","https://nextcloud.inrae.fr/s/Yn7yyCcDBkybZLR?path=%2FEstagnet%2Festagnet%20374%20bleu%20E","/media/david/One Touch/PSI-BIOM/Travail/Enregistrements analyses BirdNET/SpatialTreeP/2002","SMA07142_20220522_135402.wav","SMA07142_20220522_145402.wav","SMA07142_20220522_155402.wav","Mijanès",1.975031,42.69566,"7142","alpine meadow","",1972,20,"/media/david/One Touch/PSI-BIOM/Travail/Enregistrements analyses BirdNET/SpatialTreeP/2002/SMA07142_20220522_125402.wav","/media/david/One Touch/PSI-BIOM/Travail/Enregistrements analyses BirdNET/SpatialTreeP/2002/SMA07142_20220522_135402.wav","/media/david/One Touch/PSI-BIOM/Travail/Enregistrements analyses BirdNET/SpatialTreeP/2002/SMA07142_20220522_145402.wav","/media/david/One Touch/PSI-BIOM/Travail/Enregistrements analyses BirdNET/SpatialTreeP/2002/SMA07142_20220522_155402.wav"
196,2003,2022-06-21,"00:00:00","SpatialTreeP/2003/SMA04564_20220621_235802.wav","SpatialTreeP/2003/SMA04564_20220621_235802_labels.txt","SMMini","SMA04564_20220621_235802.wav","../Recordings/Selected/SpatialTreeP/2003","4564_eychelle_bleuE","https://nextcloud.inrae.fr/s/Yn7yyCcDBkybZLR?path=%2FEychelle%2F4564_eychelle_bleuE","/media/david/One Touch/PSI-BIOM/Travail/Enregistrements analyses BirdNET/SpatialTreeP/2003","SMA04564_20220622_005802.wav","SMA04564_20220622_015802.wav","SMA04564_20220622_025802.wav","Bethmale",1.07248,42.85093,"4564","alpine meadow","",1724,25,"/media/david/One Touch/PSI-BIOM/Travail/Enregistrements analyses BirdNET/SpatialTreeP/2003/SMA04564_20220621_235802.wav","/media/david/One Touch/PSI-BIOM/Travail/Enregistrements analyses BirdNET/SpatialTreeP/2003/SMA04564_20220622_005802.wav","/media/david/One Touch/PSI-BIOM/Travail/Enregistrements analyses BirdNET/SpatialTreeP/2003/SMA04564_20220622_015802.wav","/media/david/One Touch/PSI-BIOM/Travail/Enregistrements analyses BirdNET/SpatialTreeP/2003/SMA04564_20220622_025802.wav"
197,2003,2022-06-22,"07:00:00","SpatialTreeP/2003/SMA04564_20220622_065802.wav","SpatialTreeP/2003/SMA04564_20220622_065802_labels.txt","SMMini","SMA04564_20220622_065802.wav","../Recordings/Selected/SpatialTreeP/2003","4564_eychelle_bleuE","https://nextcloud.inrae.fr/s/Yn7yyCcDBkybZLR?path=%2FEychelle%2F4564_eychelle_bleuE","/media/david/One Touch/PSI-BIOM/Travail/Enregistrements analyses BirdNET/SpatialTreeP/2003","SMA04564_20220622_075802.wav","SMA04564_20220622_085802.wav","SMA04564_20220622_095802.wav","Bethmale",1.07248,42.85093,"4564","alpine meadow","",1724,25,"/media/david/One Touch/PSI-BIOM/Travail/Enregistrements analyses BirdNET/SpatialTreeP/2003/SMA04564_20220622_065802.wav","/media/david/One Touch/PSI-BIOM/Travail/Enregistrements analyses BirdNET/SpatialTreeP/2003/SMA04564_20220622_075802.wav","/media/david/One Touch/PSI-BIOM/Travail/Enregistrements analyses BirdNET/SpatialTreeP/2003/SMA04564_20220622_085802.wav","/media/david/One Touch/PSI-BIOM/Travail/Enregistrements analyses BirdNET/SpatialTreeP/2003/SMA04564_20220622_095802.wav"
198,2003,2022-06-22,"13:00:00","SpatialTreeP/2003/SMA04564_20220622_125802.wav","SpatialTreeP/2003/SMA04564_20220622_125802_labels.txt","SMMini","SMA04564_20220622_125802.wav","../Recordings/Selected/SpatialTreeP/2003","4564_eychelle_bleuE","https://nextcloud.inrae.fr/s/Yn7yyCcDBkybZLR?path=%2FEychelle%2F4564_eychelle_bleuE","/media/david/One Touch/PSI-BIOM/Travail/Enregistrements analyses BirdNET/SpatialTreeP/2003","SMA04564_20220622_135802.wav","SMA04564_20220622_145802.wav","SMA04564_20220622_155802.wav","Bethmale",1.07248,42.85093,"4564","alpine meadow","",1724,25,"/media/david/One Touch/PSI-BIOM/Travail/Enregistrements analyses BirdNET/SpatialTreeP/2003/SMA04564_20220622_125802.wav","/media/david/One Touch/PSI-BIOM/Travail/Enregistrements analyses BirdNET/SpatialTreeP/2003/SMA04564_20220622_135802.wav","/media/david/One Touch/PSI-BIOM/Travail/Enregistrements analyses BirdNET/SpatialTreeP/2003/SMA04564_20220622_145802.wav","/media/david/One Touch/PSI-BIOM/Travail/Enregistrements analyses BirdNET/SpatialTreeP/2003/SMA04564_20220622_155802.wav"
199,2004,2022-06-16,"00:00:00","SpatialTreeP/2004/SMA06989_20220616_235202.wav","SpatialTreeP/2004/SMA06989_20220616_235202_labels.txt","SMMini","SMA06989_20220616_235202.wav","../Recordings/Selected/SpatialTreeP/2004","SM6989_ST_245e_16VI2022","https://nextcloud.inrae.fr/s/Yn7yyCcDBkybZLR?path=%2FEylie_montNer%2FSM6989_ST_245e_16VI2022%2FData","/media/david/One Touch/PSI-BIOM/Travail/Enregistrements analyses BirdNET/SpatialTreeP/2004","SMA06989_20220617_005202.wav","SMA06989_20220617_015202.wav","SMA06989_20220617_025202.wav","Sentein",0.955438,42.824579,"6989","alpine meadow","",1724,24,"/media/david/One Touch/PSI-BIOM/Travail/Enregistrements analyses BirdNET/SpatialTreeP/2004/SMA06989_20220616_235202.wav","/media/david/One Touch/PSI-BIOM/Travail/Enregistrements analyses BirdNET/SpatialTreeP/2004/SMA06989_20220617_005202.wav","/media/david/One Touch/PSI-BIOM/Travail/Enregistrements analyses BirdNET/SpatialTreeP/2004/SMA06989_20220617_015202.wav","/media/david/One Touch/PSI-BIOM/Travail/Enregistrements analyses BirdNET/SpatialTreeP/2004/SMA06989_20220617_025202.wav"
200,2004,2022-06-17,"07:00:00","SpatialTreeP/2004/SMA06989_20220617_065202.wav","SpatialTreeP/2004/SMA06989_20220617_065202_labels.txt","SMMini","SMA06989_20220617_065202.wav","../Recordings/Selected/SpatialTreeP/2004","SM6989_ST_245e_16VI2022","https://nextcloud.inrae.fr/s/Yn7yyCcDBkybZLR?path=%2FEylie_montNer%2FSM6989_ST_245e_16VI2022%2FData","/media/david/One Touch/PSI-BIOM/Travail/Enregistrements analyses BirdNET/SpatialTreeP/2004","SMA06989_20220617_075202.wav","SMA06989_20220617_085202.wav","SMA06989_20220617_095202.wav","Sentein",0.955438,42.824579,"6989","alpine meadow","",1724,24,"/media/david/One Touch/PSI-BIOM/Travail/Enregistrements analyses BirdNET/SpatialTreeP/2004/SMA06989_20220617_065202.wav","/media/david/One Touch/PSI-BIOM/Travail/Enregistrements analyses BirdNET/SpatialTreeP/2004/SMA06989_20220617_075202.wav","/media/david/One Touch/PSI-BIOM/Travail/Enregistrements analyses BirdNET/SpatialTreeP/2004/SMA06989_20220617_085202.wav","/media/david/One Touch/PSI-BIOM/Travail/Enregistrements analyses BirdNET/SpatialTreeP/2004/SMA06989_20220617_095202.wav"
201,2004,2022-06-17,"13:00:00","SpatialTreeP/2004/SMA06989_20220617_125202.wav","SpatialTreeP/2004/SMA06989_20220617_125202_labels.txt","SMMini","SMA06989_20220617_125202.wav","../Recordings/Selected/SpatialTreeP/2004","SM6989_ST_245e_16VI2022","https://nextcloud.inrae.fr/s/Yn7yyCcDBkybZLR?path=%2FEylie_montNer%2FSM6989_ST_245e_16VI2022%2FData","/media/david/One Touch/PSI-BIOM/Travail/Enregistrements analyses BirdNET/SpatialTreeP/2004","SMA06989_20220617_135202.wav","SMA06989_20220617_145202.wav","SMA06989_20220617_155202.wav","Sentein",0.955438,42.824579,"6989","alpine meadow","",1724,24,"/media/david/One Touch/PSI-BIOM/Travail/Enregistrements analyses BirdNET/SpatialTreeP/2004/SMA06989_20220617_125202.wav","/media/david/One Touch/PSI-BIOM/Travail/Enregistrements analyses BirdNET/SpatialTreeP/2004/SMA06989_20220617_135202.wav","/media/david/One Touch/PSI-BIOM/Travail/Enregistrements analyses BirdNET/SpatialTreeP/2004/SMA06989_20220617_145202.wav","/media/david/One Touch/PSI-BIOM/Travail/Enregistrements analyses BirdNET/SpatialTreeP/2004/SMA06989_20220617_155202.wav"
202,2005,2022-06-15,"00:00:00","SpatialTreeP/2005/SMA04559_20220615_000702.wav","SpatialTreeP/2005/SMA04559_20220615_000702_labels.txt","SMMini","SMA04559_20220615_000702.wav","../Recordings/Selected/SpatialTreeP/2005","goulier_4559_bleuL","https://nextcloud.inrae.fr/s/Yn7yyCcDBkybZLR?path=%2FGoulier%2Fgoulier_4559_bleuL","/media/david/One Touch/PSI-BIOM/Travail/Enregistrements analyses BirdNET/SpatialTreeP/2005","SMA04559_20220615_010748.wav","SMA04559_20220615_020702.wav","SMA04559_20220615_030702.wav","Goulier",1.514719,42.744627,"4559","alpine meadow","",1527,24,"/media/david/One Touch/PSI-BIOM/Travail/Enregistrements analyses BirdNET/SpatialTreeP/2005/SMA04559_20220615_000702.wav","/media/david/One Touch/PSI-BIOM/Travail/Enregistrements analyses BirdNET/SpatialTreeP/2005/SMA04559_20220615_010748.wav","/media/david/One Touch/PSI-BIOM/Travail/Enregistrements analyses BirdNET/SpatialTreeP/2005/SMA04559_20220615_020702.wav","/media/david/One Touch/PSI-BIOM/Travail/Enregistrements analyses BirdNET/SpatialTreeP/2005/SMA04559_20220615_030702.wav"
203,2005,2022-06-15,"07:00:00","SpatialTreeP/2005/SMA04559_20220615_070702.wav","SpatialTreeP/2005/SMA04559_20220615_070702_labels.txt","SMMini","SMA04559_20220615_070702.wav","../Recordings/Selected/SpatialTreeP/2005","goulier_4559_bleuL","https://nextcloud.inrae.fr/s/Yn7yyCcDBkybZLR?path=%2FGoulier%2Fgoulier_4559_bleuL","/media/david/One Touch/PSI-BIOM/Travail/Enregistrements analyses BirdNET/SpatialTreeP/2005","SMA04559_20220615_080702.wav","SMA04559_20220615_090702.wav","SMA04559_20220615_100702.wav","Goulier",1.514719,42.744627,"4559","alpine meadow","",1527,24,"/media/david/One Touch/PSI-BIOM/Travail/Enregistrements analyses BirdNET/SpatialTreeP/2005/SMA04559_20220615_070702.wav","/media/david/One Touch/PSI-BIOM/Travail/Enregistrements analyses BirdNET/SpatialTreeP/2005/SMA04559_20220615_080702.wav","/media/david/One Touch/PSI-BIOM/Travail/Enregistrements analyses BirdNET/SpatialTreeP/2005/SMA04559_20220615_090702.wav","/media/david/One Touch/PSI-BIOM/Travail/Enregistrements analyses BirdNET/SpatialTreeP/2005/SMA04559_20220615_100702.wav"
204,2005,2022-06-15,"13:00:00","SpatialTreeP/2005/SMA04559_20220615_130702.wav","SpatialTreeP/2005/SMA04559_20220615_130702_labels.txt","SMMini","SMA04559_20220615_130702.wav","../Recordings/Selected/SpatialTreeP/2005","goulier_4559_bleuL","https://nextcloud.inrae.fr/s/Yn7yyCcDBkybZLR?path=%2FGoulier%2Fgoulier_4559_bleuL","/media/david/One Touch/PSI-BIOM/Travail/Enregistrements analyses BirdNET/SpatialTreeP/2005","SMA04559_20220615_140702.wav","SMA04559_20220615_150702.wav","SMA04559_20220615_160702.wav","Goulier",1.514719,42.744627,"4559","alpine meadow","",1527,24,"/media/david/One Touch/PSI-BIOM/Travail/Enregistrements analyses BirdNET/SpatialTreeP/2005/SMA04559_20220615_130702.wav","/media/david/One Touch/PSI-BIOM/Travail/Enregistrements analyses BirdNET/SpatialTreeP/2005/SMA04559_20220615_140702.wav","/media/david/One Touch/PSI-BIOM/Travail/Enregistrements analyses BirdNET/SpatialTreeP/2005/SMA04559_20220615_150702.wav","/media/david/One Touch/PSI-BIOM/Travail/Enregistrements analyses BirdNET/SpatialTreeP/2005/SMA04559_20220615_160702.wav"
205,2006,2022-06-28,"00:00:00","SpatialTreeP/2006/SMA05810_20220628_000602.wav","SpatialTreeP/2006/SMA05810_20220628_000602_labels.txt","SMMini","SMA05810_20220628_000602.wav","../Recordings/Selected/SpatialTreeP/2006","5810","https://nextcloud.inrae.fr/s/Yn7yyCcDBkybZLR?path=%2FGuzet%20neige%2F5810","/media/david/One Touch/PSI-BIOM/Travail/Enregistrements analyses BirdNET/SpatialTreeP/2006","SMA05810_20220628_010602.wav","SMA05810_20220628_020602.wav","SMA05810_20220628_030602.wav","Ustou",1.297619,42.774006,"5810","alpine meadow","",1576,26,"/media/david/One Touch/PSI-BIOM/Travail/Enregistrements analyses BirdNET/SpatialTreeP/2006/SMA05810_20220628_000602.wav","/media/david/One Touch/PSI-BIOM/Travail/Enregistrements analyses BirdNET/SpatialTreeP/2006/SMA05810_20220628_010602.wav","/media/david/One Touch/PSI-BIOM/Travail/Enregistrements analyses BirdNET/SpatialTreeP/2006/SMA05810_20220628_020602.wav","/media/david/One Touch/PSI-BIOM/Travail/Enregistrements analyses BirdNET/SpatialTreeP/2006/SMA05810_20220628_030602.wav"
206,2006,2022-06-28,"07:00:00","SpatialTreeP/2006/SMA05810_20220628_070602.wav","SpatialTreeP/2006/SMA05810_20220628_070602_labels.txt","SMMini","SMA05810_20220628_070602.wav","../Recordings/Selected/SpatialTreeP/2006","5810","https://nextcloud.inrae.fr/s/Yn7yyCcDBkybZLR?path=%2FGuzet%20neige%2F5810","/media/david/One Touch/PSI-BIOM/Travail/Enregistrements analyses BirdNET/SpatialTreeP/2006","SMA05810_20220628_080602.wav","SMA05810_20220628_090602.wav","SMA05810_20220628_100602.wav","Ustou",1.297619,42.774006,"5810","alpine meadow","",1576,26,"/media/david/One Touch/PSI-BIOM/Travail/Enregistrements analyses BirdNET/SpatialTreeP/2006/SMA05810_20220628_070602.wav","/media/david/One Touch/PSI-BIOM/Travail/Enregistrements analyses BirdNET/SpatialTreeP/2006/SMA05810_20220628_080602.wav","/media/david/One Touch/PSI-BIOM/Travail/Enregistrements analyses BirdNET/SpatialTreeP/2006/SMA05810_20220628_090602.wav","/media/david/One Touch/PSI-BIOM/Travail/Enregistrements analyses BirdNET/SpatialTreeP/2006/SMA05810_20220628_100602.wav"
207,2006,2022-06-28,"13:00:00","SpatialTreeP/2006/SMA05810_20220628_130602.wav","SpatialTreeP/2006/SMA05810_20220628_130602_labels.txt","SMMini","SMA05810_20220628_130602.wav","../Recordings/Selected/SpatialTreeP/2006","5810","https://nextcloud.inrae.fr/s/Yn7yyCcDBkybZLR?path=%2FGuzet%20neige%2F5810","/media/david/One Touch/PSI-BIOM/Travail/Enregistrements analyses BirdNET/SpatialTreeP/2006","SMA05810_20220628_140602.wav","SMA05810_20220628_150602.wav","SMA05810_20220628_160602.wav","Ustou",1.297619,42.774006,"5810","alpine meadow","",1576,26,"/media/david/One Touch/PSI-BIOM/Travail/Enregistrements analyses BirdNET/SpatialTreeP/2006/SMA05810_20220628_130602.wav","/media/david/One Touch/PSI-BIOM/Travail/Enregistrements analyses BirdNET/SpatialTreeP/2006/SMA05810_20220628_140602.wav","/media/david/One Touch/PSI-BIOM/Travail/Enregistrements analyses BirdNET/SpatialTreeP/2006/SMA05810_20220628_150602.wav","/media/david/One Touch/PSI-BIOM/Travail/Enregistrements analyses BirdNET/SpatialTreeP/2006/SMA05810_20220628_160602.wav"
208,2007,2022-05-31,"00:00:00","SpatialTreeP/2007/SMA07134_20220531_235802.wav","SpatialTreeP/2007/SMA07134_20220531_235802_labels.txt","SMMini","SMA07134_20220531_235802.wav","../Recordings/Selected/SpatialTreeP/2007","isard 234 rouge E","https://nextcloud.inrae.fr/s/Yn7yyCcDBkybZLR?path=%2FIsard%2Fisard%20234%20rouge%20E","/media/david/One Touch/PSI-BIOM/Travail/Enregistrements analyses BirdNET/SpatialTreeP/2007","SMA07134_20220601_005802.wav","SMA07134_20220601_015802.wav","SMA07134_20220601_025802.wav","Antras",0.877045,42.861577,"7134","alpine meadow","",1640,22,"/media/david/One Touch/PSI-BIOM/Travail/Enregistrements analyses BirdNET/SpatialTreeP/2007/SMA07134_20220531_235802.wav","/media/david/One Touch/PSI-BIOM/Travail/Enregistrements analyses BirdNET/SpatialTreeP/2007/SMA07134_20220601_005802.wav","/media/david/One Touch/PSI-BIOM/Travail/Enregistrements analyses BirdNET/SpatialTreeP/2007/SMA07134_20220601_015802.wav","/media/david/One Touch/PSI-BIOM/Travail/Enregistrements analyses BirdNET/SpatialTreeP/2007/SMA07134_20220601_025802.wav"
209,2007,2022-06-01,"07:00:00","SpatialTreeP/2007/SMA07134_20220601_065802.wav","SpatialTreeP/2007/SMA07134_20220601_065802_labels.txt","SMMini","SMA07134_20220601_065802.wav","../Recordings/Selected/SpatialTreeP/2007","isard 234 rouge E","https://nextcloud.inrae.fr/s/Yn7yyCcDBkybZLR?path=%2FIsard%2Fisard%20234%20rouge%20E","/media/david/One Touch/PSI-BIOM/Travail/Enregistrements analyses BirdNET/SpatialTreeP/2007","SMA07134_20220601_075802.wav","SMA07134_20220601_085802.wav","SMA07134_20220601_095802.wav","Antras",0.877045,42.861577,"7134","alpine meadow","",1640,22,"/media/david/One Touch/PSI-BIOM/Travail/Enregistrements analyses BirdNET/SpatialTreeP/2007/SMA07134_20220601_065802.wav","/media/david/One Touch/PSI-BIOM/Travail/Enregistrements analyses BirdNET/SpatialTreeP/2007/SMA07134_20220601_075802.wav","/media/david/One Touch/PSI-BIOM/Travail/Enregistrements analyses BirdNET/SpatialTreeP/2007/SMA07134_20220601_085802.wav","/media/david/One Touch/PSI-BIOM/Travail/Enregistrements analyses BirdNET/SpatialTreeP/2007/SMA07134_20220601_095802.wav"
210,2007,2022-06-01,"13:00:00","SpatialTreeP/2007/SMA07134_20220601_125802.wav","SpatialTreeP/2007/SMA07134_20220601_125802_labels.txt","SMMini","SMA07134_20220601_125802.wav","../Recordings/Selected/SpatialTreeP/2007","isard 234 rouge E","https://nextcloud.inrae.fr/s/Yn7yyCcDBkybZLR?path=%2FIsard%2Fisard%20234%20rouge%20E","/media/david/One Touch/PSI-BIOM/Travail/Enregistrements analyses BirdNET/SpatialTreeP/2007","SMA07134_20220601_135802.wav","SMA07134_20220601_145802.wav","SMA07134_20220601_155802.wav","Antras",0.877045,42.861577,"7134","alpine meadow","",1640,22,"/media/david/One Touch/PSI-BIOM/Travail/Enregistrements analyses BirdNET/SpatialTreeP/2007/SMA07134_20220601_125802.wav","/media/david/One Touch/PSI-BIOM/Travail/Enregistrements analyses BirdNET/SpatialTreeP/2007/SMA07134_20220601_135802.wav","/media/david/One Touch/PSI-BIOM/Travail/Enregistrements analyses BirdNET/SpatialTreeP/2007/SMA07134_20220601_145802.wav","/media/david/One Touch/PSI-BIOM/Travail/Enregistrements analyses BirdNET/SpatialTreeP/2007/SMA07134_20220601_155802.wav"
211,2008,2022-07-07,"00:00:00","SpatialTreeP/2008/SMA06988_20220707_000902.wav","SpatialTreeP/2008/SMA06988_20220707_000902_labels.txt","SMMini","SMA06988_20220707_000902.wav","../Recordings/Selected/SpatialTreeP/2008","6988_E_bleu","https://nextcloud.inrae.fr/s/Yn7yyCcDBkybZLR?path=%2FLuzenac%2F6988_E_bleu","/media/david/One Touch/PSI-BIOM/Travail/Enregistrements analyses BirdNET/SpatialTreeP/2008","SMA06988_20220707_010902.wav","SMA06988_20220707_020902.wav","SMA06988_20220707_030902.wav","Cassou",1.807893,42.791288,"6988","alpine meadow","",1614,27,"/media/david/One Touch/PSI-BIOM/Travail/Enregistrements analyses BirdNET/SpatialTreeP/2008/SMA06988_20220707_000902.wav","/media/david/One Touch/PSI-BIOM/Travail/Enregistrements analyses BirdNET/SpatialTreeP/2008/SMA06988_20220707_010902.wav","/media/david/One Touch/PSI-BIOM/Travail/Enregistrements analyses BirdNET/SpatialTreeP/2008/SMA06988_20220707_020902.wav","/media/david/One Touch/PSI-BIOM/Travail/Enregistrements analyses BirdNET/SpatialTreeP/2008/SMA06988_20220707_030902.wav"
212,2008,2022-07-07,"07:00:00","SpatialTreeP/2008/SMA06988_20220707_070902.wav","SpatialTreeP/2008/SMA06988_20220707_070902_labels.txt","SMMini","SMA06988_20220707_070902.wav","../Recordings/Selected/SpatialTreeP/2008","6988_E_bleu","https://nextcloud.inrae.fr/s/Yn7yyCcDBkybZLR?path=%2FLuzenac%2F6988_E_bleu","/media/david/One Touch/PSI-BIOM/Travail/Enregistrements analyses BirdNET/SpatialTreeP/2008","SMA06988_20220707_080902.wav","SMA06988_20220707_090902.wav","SMA06988_20220707_100902.wav","Cassou",1.807893,42.791288,"6988","alpine meadow","",1614,27,"/media/david/One Touch/PSI-BIOM/Travail/Enregistrements analyses BirdNET/SpatialTreeP/2008/SMA06988_20220707_070902.wav","/media/david/One Touch/PSI-BIOM/Travail/Enregistrements analyses BirdNET/SpatialTreeP/2008/SMA06988_20220707_080902.wav","/media/david/One Touch/PSI-BIOM/Travail/Enregistrements analyses BirdNET/SpatialTreeP/2008/SMA06988_20220707_090902.wav","/media/david/One Touch/PSI-BIOM/Travail/Enregistrements analyses BirdNET/SpatialTreeP/2008/SMA06988_20220707_100902.wav"
213,2008,2022-07-07,"13:00:00","SpatialTreeP/2008/SMA06988_20220707_130902.wav","SpatialTreeP/2008/SMA06988_20220707_130902_labels.txt","SMMini","SMA06988_20220707_130902.wav","../Recordings/Selected/SpatialTreeP/2008","6988_E_bleu","https://nextcloud.inrae.fr/s/Yn7yyCcDBkybZLR?path=%2FLuzenac%2F6988_E_bleu","/media/david/One Touch/PSI-BIOM/Travail/Enregistrements analyses BirdNET/SpatialTreeP/2008","SMA06988_20220707_140902.wav","SMA06988_20220707_150902.wav","SMA06988_20220707_160902.wav","Cassou",1.807893,42.791288,"6988","alpine meadow","",1614,27,"/media/david/One Touch/PSI-BIOM/Travail/Enregistrements analyses BirdNET/SpatialTreeP/2008/SMA06988_20220707_130902.wav","/media/david/One Touch/PSI-BIOM/Travail/Enregistrements analyses BirdNET/SpatialTreeP/2008/SMA06988_20220707_140902.wav","/media/david/One Touch/PSI-BIOM/Travail/Enregistrements analyses BirdNET/SpatialTreeP/2008/SMA06988_20220707_150902.wav","/media/david/One Touch/PSI-BIOM/Travail/Enregistrements analyses BirdNET/SpatialTreeP/2008/SMA06988_20220707_160902.wav"
214,2009,2022-06-11,"00:00:00","SpatialTreeP/2009/SMA05744_20220611_235402.wav","SpatialTreeP/2009/SMA05744_20220611_235402_labels.txt","SMMini","SMA05744_20220611_235402.wav","../Recordings/Selected/SpatialTreeP/2009","349BleuE_5744","https://nextcloud.inrae.fr/s/Yn7yyCcDBkybZLR?path=%2FMerens%20_etang%20de%20Comte%2F349BleuE_5744%2FSMA05744","/media/david/One Touch/PSI-BIOM/Travail/Enregistrements analyses BirdNET/SpatialTreeP/2009","SMA05744_20220612_005402.wav","SMA05744_20220612_015402.wav","SMA05744_20220612_025402.wav","Mérens-les-Vals",1.80646,42.649569,"5744","alpine meadow","",1718,23,"/media/david/One Touch/PSI-BIOM/Travail/Enregistrements analyses BirdNET/SpatialTreeP/2009/SMA05744_20220611_235402.wav","/media/david/One Touch/PSI-BIOM/Travail/Enregistrements analyses BirdNET/SpatialTreeP/2009/SMA05744_20220612_005402.wav","/media/david/One Touch/PSI-BIOM/Travail/Enregistrements analyses BirdNET/SpatialTreeP/2009/SMA05744_20220612_015402.wav","/media/david/One Touch/PSI-BIOM/Travail/Enregistrements analyses BirdNET/SpatialTreeP/2009/SMA05744_20220612_025402.wav"
215,2009,2022-06-12,"07:00:00","SpatialTreeP/2009/SMA05744_20220612_065451.wav","SpatialTreeP/2009/SMA05744_20220612_065451_labels.txt","SMMini","SMA05744_20220612_065451.wav","../Recordings/Selected/SpatialTreeP/2009","349BleuE_5744","https://nextcloud.inrae.fr/s/Yn7yyCcDBkybZLR?path=%2FMerens%20_etang%20de%20Comte%2F349BleuE_5744%2FSMA05744","/media/david/One Touch/PSI-BIOM/Travail/Enregistrements analyses BirdNET/SpatialTreeP/2009","SMA05744_20220612_075402.wav","SMA05744_20220612_085402.wav","SMA05744_20220612_095402.wav","Mérens-les-Vals",1.80646,42.649569,"5744","alpine meadow","",1718,23,"/media/david/One Touch/PSI-BIOM/Travail/Enregistrements analyses BirdNET/SpatialTreeP/2009/SMA05744_20220612_065451.wav","/media/david/One Touch/PSI-BIOM/Travail/Enregistrements analyses BirdNET/SpatialTreeP/2009/SMA05744_20220612_075402.wav","/media/david/One Touch/PSI-BIOM/Travail/Enregistrements analyses BirdNET/SpatialTreeP/2009/SMA05744_20220612_085402.wav","/media/david/One Touch/PSI-BIOM/Travail/Enregistrements analyses BirdNET/SpatialTreeP/2009/SMA05744_20220612_095402.wav"
216,2009,2022-06-12,"13:00:00","SpatialTreeP/2009/SMA05744_20220612_125402.wav","SpatialTreeP/2009/SMA05744_20220612_125402_labels.txt","SMMini","SMA05744_20220612_125402.wav","../Recordings/Selected/SpatialTreeP/2009","349BleuE_5744","https://nextcloud.inrae.fr/s/Yn7yyCcDBkybZLR?path=%2FMerens%20_etang%20de%20Comte%2F349BleuE_5744%2FSMA05744","/media/david/One Touch/PSI-BIOM/Travail/Enregistrements analyses BirdNET/SpatialTreeP/2009","SMA05744_20220612_135402.wav","SMA05744_20220612_145402.wav","SMA05744_20220612_155402.wav","Mérens-les-Vals",1.80646,42.649569,"5744","alpine meadow","",1718,23,"/media/david/One Touch/PSI-BIOM/Travail/Enregistrements analyses BirdNET/SpatialTreeP/2009/SMA05744_20220612_125402.wav","/media/david/One Touch/PSI-BIOM/Travail/Enregistrements analyses BirdNET/SpatialTreeP/2009/SMA05744_20220612_135402.wav","/media/david/One Touch/PSI-BIOM/Travail/Enregistrements analyses BirdNET/SpatialTreeP/2009/SMA05744_20220612_145402.wav","/media/david/One Touch/PSI-BIOM/Travail/Enregistrements analyses BirdNET/SpatialTreeP/2009/SMA05744_20220612_155402.wav"
217,2010,2022-06-28,"00:00:00","SpatialTreeP/2010/SMA04559_20220628_234602.wav","SpatialTreeP/2010/SMA04559_20220628_234602_labels.txt","SMMini","SMA04559_20220628_234602.wav","../Recordings/Selected/SpatialTreeP/2010","SM4559_ST_402l_28VI2022","https://nextcloud.inrae.fr/s/Yn7yyCcDBkybZLR?path=%2FOrle_besset%2FSM4559_ST_402l_28VI2022%2FData","/media/david/One Touch/PSI-BIOM/Travail/Enregistrements analyses BirdNET/SpatialTreeP/2010","SMA04559_20220629_004602.wav","SMA04559_20220629_014602.wav","SMA04559_20220629_024602.wav","Bonac-Irazein",0.994684,42.827935,"4559","alpine meadow","",1419,26,"/media/david/One Touch/PSI-BIOM/Travail/Enregistrements analyses BirdNET/SpatialTreeP/2010/SMA04559_20220628_234602.wav","/media/david/One Touch/PSI-BIOM/Travail/Enregistrements analyses BirdNET/SpatialTreeP/2010/SMA04559_20220629_004602.wav","/media/david/One Touch/PSI-BIOM/Travail/Enregistrements analyses BirdNET/SpatialTreeP/2010/SMA04559_20220629_014602.wav","/media/david/One Touch/PSI-BIOM/Travail/Enregistrements analyses BirdNET/SpatialTreeP/2010/SMA04559_20220629_024602.wav"
218,2010,2022-06-29,"07:00:00","SpatialTreeP/2010/SMA04559_20220629_064602.wav","SpatialTreeP/2010/SMA04559_20220629_064602_labels.txt","SMMini","SMA04559_20220629_064602.wav","../Recordings/Selected/SpatialTreeP/2010","SM4559_ST_402l_28VI2022","https://nextcloud.inrae.fr/s/Yn7yyCcDBkybZLR?path=%2FOrle_besset%2FSM4559_ST_402l_28VI2022%2FData","/media/david/One Touch/PSI-BIOM/Travail/Enregistrements analyses BirdNET/SpatialTreeP/2010","SMA04559_20220629_074602.wav","SMA04559_20220629_084602.wav","SMA04559_20220629_094602.wav","Bonac-Irazein",0.994684,42.827935,"4559","alpine meadow","",1419,26,"/media/david/One Touch/PSI-BIOM/Travail/Enregistrements analyses BirdNET/SpatialTreeP/2010/SMA04559_20220629_064602.wav","/media/david/One Touch/PSI-BIOM/Travail/Enregistrements analyses BirdNET/SpatialTreeP/2010/SMA04559_20220629_074602.wav","/media/david/One Touch/PSI-BIOM/Travail/Enregistrements analyses BirdNET/SpatialTreeP/2010/SMA04559_20220629_084602.wav","/media/david/One Touch/PSI-BIOM/Travail/Enregistrements analyses BirdNET/SpatialTreeP/2010/SMA04559_20220629_094602.wav"
219,2010,2022-06-29,"13:00:00","SpatialTreeP/2010/SMA04559_20220629_124602.wav","SpatialTreeP/2010/SMA04559_20220629_124602_labels.txt","SMMini","SMA04559_20220629_124602.wav","../Recordings/Selected/SpatialTreeP/2010","SM4559_ST_402l_28VI2022","https://nextcloud.inrae.fr/s/Yn7yyCcDBkybZLR?path=%2FOrle_besset%2FSM4559_ST_402l_28VI2022%2FData","/media/david/One Touch/PSI-BIOM/Travail/Enregistrements analyses BirdNET/SpatialTreeP/2010","SMA04559_20220629_134602.wav","SMA04559_20220629_144602.wav","SMA04559_20220629_154602.wav","Bonac-Irazein",0.994684,42.827935,"4559","alpine meadow","",1419,26,"/media/david/One Touch/PSI-BIOM/Travail/Enregistrements analyses BirdNET/SpatialTreeP/2010/SMA04559_20220629_124602.wav","/media/david/One Touch/PSI-BIOM/Travail/Enregistrements analyses BirdNET/SpatialTreeP/2010/SMA04559_20220629_134602.wav","/media/david/One Touch/PSI-BIOM/Travail/Enregistrements analyses BirdNET/SpatialTreeP/2010/SMA04559_20220629_144602.wav","/media/david/One Touch/PSI-BIOM/Travail/Enregistrements analyses BirdNET/SpatialTreeP/2010/SMA04559_20220629_154602.wav"
220,2011,2022-06-13,"00:00:00","SpatialTreeP/2011/SMA07142_20220613_000702.wav","SpatialTreeP/2011/SMA07142_20220613_000702_labels.txt","SMMini","SMA07142_20220613_000702.wav","../Recordings/Selected/SpatialTreeP/2011","369BleuE_7142","https://nextcloud.inrae.fr/s/Yn7yyCcDBkybZLR?path=%2FOrlu%20_orri%20de%20la%20Coume%2F369BleuE_7142%2FSMA07142","/media/david/One Touch/PSI-BIOM/Travail/Enregistrements analyses BirdNET/SpatialTreeP/2011","SMA07142_20220613_010702.wav","SMA07142_20220613_020702.wav","SMA07142_20220613_030702.wav","Orgeix",1.872652,42.655974,"7142","alpine meadow","",1894,24,"/media/david/One Touch/PSI-BIOM/Travail/Enregistrements analyses BirdNET/SpatialTreeP/2011/SMA07142_20220613_000702.wav","/media/david/One Touch/PSI-BIOM/Travail/Enregistrements analyses BirdNET/SpatialTreeP/2011/SMA07142_20220613_010702.wav","/media/david/One Touch/PSI-BIOM/Travail/Enregistrements analyses BirdNET/SpatialTreeP/2011/SMA07142_20220613_020702.wav","/media/david/One Touch/PSI-BIOM/Travail/Enregistrements analyses BirdNET/SpatialTreeP/2011/SMA07142_20220613_030702.wav"
221,2011,2022-06-13,"07:00:00","SpatialTreeP/2011/SMA07142_20220613_070702.wav","SpatialTreeP/2011/SMA07142_20220613_070702_labels.txt","SMMini","SMA07142_20220613_070702.wav","../Recordings/Selected/SpatialTreeP/2011","369BleuE_7142","https://nextcloud.inrae.fr/s/Yn7yyCcDBkybZLR?path=%2FOrlu%20_orri%20de%20la%20Coume%2F369BleuE_7142%2FSMA07142","/media/david/One Touch/PSI-BIOM/Travail/Enregistrements analyses BirdNET/SpatialTreeP/2011","SMA07142_20220613_080702.wav","SMA07142_20220613_090702.wav","SMA07142_20220613_100702.wav","Orgeix",1.872652,42.655974,"7142","alpine meadow","",1894,24,"/media/david/One Touch/PSI-BIOM/Travail/Enregistrements analyses BirdNET/SpatialTreeP/2011/SMA07142_20220613_070702.wav","/media/david/One Touch/PSI-BIOM/Travail/Enregistrements analyses BirdNET/SpatialTreeP/2011/SMA07142_20220613_080702.wav","/media/david/One Touch/PSI-BIOM/Travail/Enregistrements analyses BirdNET/SpatialTreeP/2011/SMA07142_20220613_090702.wav","/media/david/One Touch/PSI-BIOM/Travail/Enregistrements analyses BirdNET/SpatialTreeP/2011/SMA07142_20220613_100702.wav"
222,2011,2022-06-13,"13:00:00","SpatialTreeP/2011/SMA07142_20220613_130702.wav","SpatialTreeP/2011/SMA07142_20220613_130702_labels.txt","SMMini","SMA07142_20220613_130702.wav","../Recordings/Selected/SpatialTreeP/2011","369BleuE_7142","https://nextcloud.inrae.fr/s/Yn7yyCcDBkybZLR?path=%2FOrlu%20_orri%20de%20la%20Coume%2F369BleuE_7142%2FSMA07142","/media/david/One Touch/PSI-BIOM/Travail/Enregistrements analyses BirdNET/SpatialTreeP/2011","SMA07142_20220613_140702.wav","SMA07142_20220613_150702.wav","SMA07142_20220613_160702.wav","Orgeix",1.872652,42.655974,"7142","alpine meadow","",1894,24,"/media/david/One Touch/PSI-BIOM/Travail/Enregistrements analyses BirdNET/SpatialTreeP/2011/SMA07142_20220613_130702.wav","/media/david/One Touch/PSI-BIOM/Travail/Enregistrements analyses BirdNET/SpatialTreeP/2011/SMA07142_20220613_140702.wav","/media/david/One Touch/PSI-BIOM/Travail/Enregistrements analyses BirdNET/SpatialTreeP/2011/SMA07142_20220613_150702.wav","/media/david/One Touch/PSI-BIOM/Travail/Enregistrements analyses BirdNET/SpatialTreeP/2011/SMA07142_20220613_160702.wav"
223,2012,2022-07-05,"00:00:00","SpatialTreeP/2012/SMA06936_20220705_235202.wav","SpatialTreeP/2012/SMA06936_20220705_235202_labels.txt","SMMini","SMA06936_20220705_235202.wav","../Recordings/Selected/SpatialTreeP/2012","SM6936","https://nextcloud.inrae.fr/s/Yn7yyCcDBkybZLR?path=%2FOrlu_RNCFS%2FSM6936%2FData","/media/david/One Touch/PSI-BIOM/Travail/Enregistrements analyses BirdNET/SpatialTreeP/2012","SMA06936_20220706_005202.wav","SMA06936_20220706_015202.wav","SMA06936_20220706_025202.wav","Orlu",1.971476,42.651597,"5810","alpine meadow","",1655,27,"/media/david/One Touch/PSI-BIOM/Travail/Enregistrements analyses BirdNET/SpatialTreeP/2012/SMA06936_20220705_235202.wav","/media/david/One Touch/PSI-BIOM/Travail/Enregistrements analyses BirdNET/SpatialTreeP/2012/SMA06936_20220706_005202.wav","/media/david/One Touch/PSI-BIOM/Travail/Enregistrements analyses BirdNET/SpatialTreeP/2012/SMA06936_20220706_015202.wav","/media/david/One Touch/PSI-BIOM/Travail/Enregistrements analyses BirdNET/SpatialTreeP/2012/SMA06936_20220706_025202.wav"
224,2012,2022-07-06,"07:00:00","SpatialTreeP/2012/SMA06936_20220706_065202.wav","SpatialTreeP/2012/SMA06936_20220706_065202_labels.txt","SMMini","SMA06936_20220706_065202.wav","../Recordings/Selected/SpatialTreeP/2012","SM6936","https://nextcloud.inrae.fr/s/Yn7yyCcDBkybZLR?path=%2FOrlu_RNCFS%2FSM6936%2FData","/media/david/One Touch/PSI-BIOM/Travail/Enregistrements analyses BirdNET/SpatialTreeP/2012","SMA06936_20220706_075202.wav","SMA06936_20220706_085202.wav","SMA06936_20220706_095202.wav","Orlu",1.971476,42.651597,"5810","alpine meadow","",1655,27,"/media/david/One Touch/PSI-BIOM/Travail/Enregistrements analyses BirdNET/SpatialTreeP/2012/SMA06936_20220706_065202.wav","/media/david/One Touch/PSI-BIOM/Travail/Enregistrements analyses BirdNET/SpatialTreeP/2012/SMA06936_20220706_075202.wav","/media/david/One Touch/PSI-BIOM/Travail/Enregistrements analyses BirdNET/SpatialTreeP/2012/SMA06936_20220706_085202.wav","/media/david/One Touch/PSI-BIOM/Travail/Enregistrements analyses BirdNET/SpatialTreeP/2012/SMA06936_20220706_095202.wav"
225,2012,2022-07-06,"13:00:00","SpatialTreeP/2012/SMA06936_20220706_125202.wav","SpatialTreeP/2012/SMA06936_20220706_125202_labels.txt","SMMini","SMA06936_20220706_125202.wav","../Recordings/Selected/SpatialTreeP/2012","SM6936","https://nextcloud.inrae.fr/s/Yn7yyCcDBkybZLR?path=%2FOrlu_RNCFS%2FSM6936%2FData","/media/david/One Touch/PSI-BIOM/Travail/Enregistrements analyses BirdNET/SpatialTreeP/2012","SMA06936_20220706_135202.wav","SMA06936_20220706_145202.wav","SMA06936_20220706_155202.wav","Orlu",1.971476,42.651597,"5810","alpine meadow","",1655,27,"/media/david/One Touch/PSI-BIOM/Travail/Enregistrements analyses BirdNET/SpatialTreeP/2012/SMA06936_20220706_125202.wav","/media/david/One Touch/PSI-BIOM/Travail/Enregistrements analyses BirdNET/SpatialTreeP/2012/SMA06936_20220706_135202.wav","/media/david/One Touch/PSI-BIOM/Travail/Enregistrements analyses BirdNET/SpatialTreeP/2012/SMA06936_20220706_145202.wav","/media/david/One Touch/PSI-BIOM/Travail/Enregistrements analyses BirdNET/SpatialTreeP/2012/SMA06936_20220706_155202.wav"
226,2013,2022-05-22,"00:00:00","SpatialTreeP/2013/SMA05810_20220522_234702.wav","SpatialTreeP/2013/SMA05810_20220522_234702_labels.txt","SMMini","SMA05810_20220522_234702.wav","../Recordings/Selected/SpatialTreeP/2013","373RougeE_5810","https://nextcloud.inrae.fr/s/Yn7yyCcDBkybZLR?path=%2FPailh%C3%A8resEst%2F373RougeE_5810%2FData","/media/david/One Touch/PSI-BIOM/Travail/Enregistrements analyses BirdNET/SpatialTreeP/2013","SMA05810_20220523_004702.wav","SMA05810_20220523_014702.wav","SMA05810_20220523_024702.wav","Mijanès",2.009482,42.73465,"5810","alpine meadow","",1934,20,"/media/david/One Touch/PSI-BIOM/Travail/Enregistrements analyses BirdNET/SpatialTreeP/2013/SMA05810_20220522_234702.wav","/media/david/One Touch/PSI-BIOM/Travail/Enregistrements analyses BirdNET/SpatialTreeP/2013/SMA05810_20220523_004702.wav","/media/david/One Touch/PSI-BIOM/Travail/Enregistrements analyses BirdNET/SpatialTreeP/2013/SMA05810_20220523_014702.wav","/media/david/One Touch/PSI-BIOM/Travail/Enregistrements analyses BirdNET/SpatialTreeP/2013/SMA05810_20220523_024702.wav"
227,2013,2022-05-23,"07:00:00","SpatialTreeP/2013/SMA05810_20220523_064702.wav","SpatialTreeP/2013/SMA05810_20220523_064702_labels.txt","SMMini","SMA05810_20220523_064702.wav","../Recordings/Selected/SpatialTreeP/2013","373RougeE_5810","https://nextcloud.inrae.fr/s/Yn7yyCcDBkybZLR?path=%2FPailh%C3%A8resEst%2F373RougeE_5810%2FData","/media/david/One Touch/PSI-BIOM/Travail/Enregistrements analyses BirdNET/SpatialTreeP/2013","SMA05810_20220523_074702.wav","SMA05810_20220523_084702.wav","SMA05810_20220523_094702.wav","Mijanès",2.009482,42.73465,"5810","alpine meadow","",1934,21,"/media/david/One Touch/PSI-BIOM/Travail/Enregistrements analyses BirdNET/SpatialTreeP/2013/SMA05810_20220523_064702.wav","/media/david/One Touch/PSI-BIOM/Travail/Enregistrements analyses BirdNET/SpatialTreeP/2013/SMA05810_20220523_074702.wav","/media/david/One Touch/PSI-BIOM/Travail/Enregistrements analyses BirdNET/SpatialTreeP/2013/SMA05810_20220523_084702.wav","/media/david/One Touch/PSI-BIOM/Travail/Enregistrements analyses BirdNET/SpatialTreeP/2013/SMA05810_20220523_094702.wav"
228,2013,2022-05-23,"13:00:00","SpatialTreeP/2013/SMA05810_20220523_124702.wav","SpatialTreeP/2013/SMA05810_20220523_124702_labels.txt","SMMini","SMA05810_20220523_124702.wav","../Recordings/Selected/SpatialTreeP/2013","373RougeE_5810","https://nextcloud.inrae.fr/s/Yn7yyCcDBkybZLR?path=%2FPailh%C3%A8resEst%2F373RougeE_5810%2FData","/media/david/One Touch/PSI-BIOM/Travail/Enregistrements analyses BirdNET/SpatialTreeP/2013","SMA05810_20220523_134702.wav","SMA05810_20220523_144702.wav","SMA05810_20220523_154702.wav","Mijanès",2.009482,42.73465,"5810","alpine meadow","",1934,21,"/media/david/One Touch/PSI-BIOM/Travail/Enregistrements analyses BirdNET/SpatialTreeP/2013/SMA05810_20220523_124702.wav","/media/david/One Touch/PSI-BIOM/Travail/Enregistrements analyses BirdNET/SpatialTreeP/2013/SMA05810_20220523_134702.wav","/media/david/One Touch/PSI-BIOM/Travail/Enregistrements analyses BirdNET/SpatialTreeP/2013/SMA05810_20220523_144702.wav","/media/david/One Touch/PSI-BIOM/Travail/Enregistrements analyses BirdNET/SpatialTreeP/2013/SMA05810_20220523_154702.wav"
229,2014,2022-06-23,"00:00:00","SpatialTreeP/2014/SMA04559_20220623_000902.wav","SpatialTreeP/2014/SMA04559_20220623_000902_labels.txt","SMMini","SMA04559_20220623_000902.wav","../Recordings/Selected/SpatialTreeP/2014","SMA_04559_P424_LISIERE","https://nextcloud.inrae.fr/s/Yn7yyCcDBkybZLR?path=%2FPause%2FSMA_04559_P424_LISIERE%2FData","/media/david/One Touch/PSI-BIOM/Travail/Enregistrements analyses BirdNET/SpatialTreeP/2014","SMA04559_20220623_010902.wav","SMA04559_20220623_020902.wav","SMA04559_20220623_030902.wav","Seix",1.12934,42.79046,"4559","alpine meadow","",1711,25,"/media/david/One Touch/PSI-BIOM/Travail/Enregistrements analyses BirdNET/SpatialTreeP/2014/SMA04559_20220623_000902.wav","/media/david/One Touch/PSI-BIOM/Travail/Enregistrements analyses BirdNET/SpatialTreeP/2014/SMA04559_20220623_010902.wav","/media/david/One Touch/PSI-BIOM/Travail/Enregistrements analyses BirdNET/SpatialTreeP/2014/SMA04559_20220623_020902.wav","/media/david/One Touch/PSI-BIOM/Travail/Enregistrements analyses BirdNET/SpatialTreeP/2014/SMA04559_20220623_030902.wav"
230,2014,2022-06-23,"07:00:00","SpatialTreeP/2014/SMA04559_20220623_070902.wav","SpatialTreeP/2014/SMA04559_20220623_070902_labels.txt","SMMini","SMA04559_20220623_070902.wav","../Recordings/Selected/SpatialTreeP/2014","SMA_04559_P424_LISIERE","https://nextcloud.inrae.fr/s/Yn7yyCcDBkybZLR?path=%2FPause%2FSMA_04559_P424_LISIERE%2FData","/media/david/One Touch/PSI-BIOM/Travail/Enregistrements analyses BirdNET/SpatialTreeP/2014","SMA04559_20220623_080902.wav","SMA04559_20220623_090902.wav","SMA04559_20220623_100902.wav","Seix",1.12934,42.79046,"4559","alpine meadow","",1711,25,"/media/david/One Touch/PSI-BIOM/Travail/Enregistrements analyses BirdNET/SpatialTreeP/2014/SMA04559_20220623_070902.wav","/media/david/One Touch/PSI-BIOM/Travail/Enregistrements analyses BirdNET/SpatialTreeP/2014/SMA04559_20220623_080902.wav","/media/david/One Touch/PSI-BIOM/Travail/Enregistrements analyses BirdNET/SpatialTreeP/2014/SMA04559_20220623_090902.wav","/media/david/One Touch/PSI-BIOM/Travail/Enregistrements analyses BirdNET/SpatialTreeP/2014/SMA04559_20220623_100902.wav"
231,2014,2022-06-23,"13:00:00","SpatialTreeP/2014/SMA04559_20220623_130902.wav","SpatialTreeP/2014/SMA04559_20220623_130902_labels.txt","SMMini","SMA04559_20220623_130902.wav","../Recordings/Selected/SpatialTreeP/2014","SMA_04559_P424_LISIERE","https://nextcloud.inrae.fr/s/Yn7yyCcDBkybZLR?path=%2FPause%2FSMA_04559_P424_LISIERE%2FData","/media/david/One Touch/PSI-BIOM/Travail/Enregistrements analyses BirdNET/SpatialTreeP/2014","SMA04559_20220623_140902.wav","SMA04559_20220623_150902.wav","SMA04559_20220623_160902.wav","Seix",1.12934,42.79046,"4559","alpine meadow","",1711,25,"/media/david/One Touch/PSI-BIOM/Travail/Enregistrements analyses BirdNET/SpatialTreeP/2014/SMA04559_20220623_130902.wav","/media/david/One Touch/PSI-BIOM/Travail/Enregistrements analyses BirdNET/SpatialTreeP/2014/SMA04559_20220623_140902.wav","/media/david/One Touch/PSI-BIOM/Travail/Enregistrements analyses BirdNET/SpatialTreeP/2014/SMA04559_20220623_150902.wav","/media/david/One Touch/PSI-BIOM/Travail/Enregistrements analyses BirdNET/SpatialTreeP/2014/SMA04559_20220623_160902.wav"
232,2015,2022-06-02,"00:00:00","SpatialTreeP/2015/SMA06989_20220602_234802.wav","SpatialTreeP/2015/SMA06989_20220602_234802_labels.txt","SMMini","SMA06989_20220602_234802.wav","../Recordings/Selected/SpatialTreeP/2015","Transect564_e_6989","https://nextcloud.inrae.fr/s/Yn7yyCcDBkybZLR?path=%2FSalau_saube%2FTransect564_e_6989%2FData","/media/david/One Touch/PSI-BIOM/Travail/Enregistrements analyses BirdNET/SpatialTreeP/2015","SMA06989_20220603_004802.wav","SMA06989_20220603_014802.wav","SMA06989_20220603_024802.wav","Couflens",1.217718,42.736134,"6989","alpine meadow","",1778,22,"/media/david/One Touch/PSI-BIOM/Travail/Enregistrements analyses BirdNET/SpatialTreeP/2015/SMA06989_20220602_234802.wav","/media/david/One Touch/PSI-BIOM/Travail/Enregistrements analyses BirdNET/SpatialTreeP/2015/SMA06989_20220603_004802.wav","/media/david/One Touch/PSI-BIOM/Travail/Enregistrements analyses BirdNET/SpatialTreeP/2015/SMA06989_20220603_014802.wav","/media/david/One Touch/PSI-BIOM/Travail/Enregistrements analyses BirdNET/SpatialTreeP/2015/SMA06989_20220603_024802.wav"
233,2015,2022-06-03,"07:00:00","SpatialTreeP/2015/SMA06989_20220603_064802.wav","SpatialTreeP/2015/SMA06989_20220603_064802_labels.txt","SMMini","SMA06989_20220603_064802.wav","../Recordings/Selected/SpatialTreeP/2015","Transect564_e_6989","https://nextcloud.inrae.fr/s/Yn7yyCcDBkybZLR?path=%2FSalau_saube%2FTransect564_e_6989%2FData","/media/david/One Touch/PSI-BIOM/Travail/Enregistrements analyses BirdNET/SpatialTreeP/2015","SMA06989_20220603_074802.wav","SMA06989_20220603_084802.wav","SMA06989_20220603_094802.wav","Couflens",1.217718,42.736134,"6989","alpine meadow","",1778,22,"/media/david/One Touch/PSI-BIOM/Travail/Enregistrements analyses BirdNET/SpatialTreeP/2015/SMA06989_20220603_064802.wav","/media/david/One Touch/PSI-BIOM/Travail/Enregistrements analyses BirdNET/SpatialTreeP/2015/SMA06989_20220603_074802.wav","/media/david/One Touch/PSI-BIOM/Travail/Enregistrements analyses BirdNET/SpatialTreeP/2015/SMA06989_20220603_084802.wav","/media/david/One Touch/PSI-BIOM/Travail/Enregistrements analyses BirdNET/SpatialTreeP/2015/SMA06989_20220603_094802.wav"
234,2015,2022-06-03,"13:00:00","SpatialTreeP/2015/SMA06989_20220603_124802.wav","SpatialTreeP/2015/SMA06989_20220603_124802_labels.txt","SMMini","SMA06989_20220603_124802.wav","../Recordings/Selected/SpatialTreeP/2015","Transect564_e_6989","https://nextcloud.inrae.fr/s/Yn7yyCcDBkybZLR?path=%2FSalau_saube%2FTransect564_e_6989%2FData","/media/david/One Touch/PSI-BIOM/Travail/Enregistrements analyses BirdNET/SpatialTreeP/2015","SMA06989_20220603_134802.wav","SMA06989_20220603_144818.wav","SMA06989_20220603_151834.wav","Couflens",1.217718,42.736134,"6989","alpine meadow","",1778,22,"/media/david/One Touch/PSI-BIOM/Travail/Enregistrements analyses BirdNET/SpatialTreeP/2015/SMA06989_20220603_124802.wav","/media/david/One Touch/PSI-BIOM/Travail/Enregistrements analyses BirdNET/SpatialTreeP/2015/SMA06989_20220603_134802.wav","/media/david/One Touch/PSI-BIOM/Travail/Enregistrements analyses BirdNET/SpatialTreeP/2015/SMA06989_20220603_144818.wav","/media/david/One Touch/PSI-BIOM/Travail/Enregistrements analyses BirdNET/SpatialTreeP/2015/SMA06989_20220603_151834.wav"
235,2016,2022-06-28,"00:00:00","SpatialTreeP/2016/SMA06992_20220628_235302.wav","SpatialTreeP/2016/SMA06992_20220628_235302_labels.txt","SMMini","SMA06992_20220628_235302.wav","../Recordings/Selected/SpatialTreeP/2016","626_EST_bleu_6992","https://nextcloud.inrae.fr/s/Yn7yyCcDBkybZLR?path=%2FSoularac%2F626_EST_bleu_6992","/media/david/One Touch/PSI-BIOM/Travail/Enregistrements analyses BirdNET/SpatialTreeP/2016","SMA06992_20220629_005302.wav","SMA06992_20220629_015302.wav","SMA06992_20220629_025302.wav","Montségur",1.780622,42.82339,"6992","alpine meadow","",2034,26,"/media/david/One Touch/PSI-BIOM/Travail/Enregistrements analyses BirdNET/SpatialTreeP/2016/SMA06992_20220628_235302.wav","/media/david/One Touch/PSI-BIOM/Travail/Enregistrements analyses BirdNET/SpatialTreeP/2016/SMA06992_20220629_005302.wav","/media/david/One Touch/PSI-BIOM/Travail/Enregistrements analyses BirdNET/SpatialTreeP/2016/SMA06992_20220629_015302.wav","/media/david/One Touch/PSI-BIOM/Travail/Enregistrements analyses BirdNET/SpatialTreeP/2016/SMA06992_20220629_025302.wav"
236,2016,2022-06-29,"07:00:00","SpatialTreeP/2016/SMA06992_20220629_065302.wav","SpatialTreeP/2016/SMA06992_20220629_065302_labels.txt","SMMini","SMA06992_20220629_065302.wav","../Recordings/Selected/SpatialTreeP/2016","626_EST_bleu_6992","https://nextcloud.inrae.fr/s/Yn7yyCcDBkybZLR?path=%2FSoularac%2F626_EST_bleu_6992","/media/david/One Touch/PSI-BIOM/Travail/Enregistrements analyses BirdNET/SpatialTreeP/2016","SMA06992_20220629_075302.wav","SMA06992_20220629_085302.wav","SMA06992_20220629_095302.wav","Montségur",1.780622,42.82339,"6992","alpine meadow","",2034,26,"/media/david/One Touch/PSI-BIOM/Travail/Enregistrements analyses BirdNET/SpatialTreeP/2016/SMA06992_20220629_065302.wav","/media/david/One Touch/PSI-BIOM/Travail/Enregistrements analyses BirdNET/SpatialTreeP/2016/SMA06992_20220629_075302.wav","/media/david/One Touch/PSI-BIOM/Travail/Enregistrements analyses BirdNET/SpatialTreeP/2016/SMA06992_20220629_085302.wav","/media/david/One Touch/PSI-BIOM/Travail/Enregistrements analyses BirdNET/SpatialTreeP/2016/SMA06992_20220629_095302.wav"
237,2016,2022-06-29,"13:00:00","SpatialTreeP/2016/SMA06992_20220629_125302.wav","SpatialTreeP/2016/SMA06992_20220629_125302_labels.txt","SMMini","SMA06992_20220629_125302.wav","../Recordings/Selected/SpatialTreeP/2016","626_EST_bleu_6992","https://nextcloud.inrae.fr/s/Yn7yyCcDBkybZLR?path=%2FSoularac%2F626_EST_bleu_6992","/media/david/One Touch/PSI-BIOM/Travail/Enregistrements analyses BirdNET/SpatialTreeP/2016","SMA06992_20220629_135302.wav","SMA06992_20220629_145302.wav","SMA06992_20220629_155302.wav","Montségur",1.780622,42.82339,"6992","alpine meadow","",2034,26,"/media/david/One Touch/PSI-BIOM/Travail/Enregistrements analyses BirdNET/SpatialTreeP/2016/SMA06992_20220629_125302.wav","/media/david/One Touch/PSI-BIOM/Travail/Enregistrements analyses BirdNET/SpatialTreeP/2016/SMA06992_20220629_135302.wav","/media/david/One Touch/PSI-BIOM/Travail/Enregistrements analyses BirdNET/SpatialTreeP/2016/SMA06992_20220629_145302.wav","/media/david/One Touch/PSI-BIOM/Travail/Enregistrements analyses BirdNET/SpatialTreeP/2016/SMA06992_20220629_155302.wav"
