"recording_id","species","code_n_ind","total_time","total_time_detected","BirdNET_confidence","proportion_of_time_detected"
"1","Luscinia megarhynchos","1",9.548714,0,0,0
"1","Luscinia megarhynchos","4",13.196727,0,0,0
"1","Strix aluco","1",5.14420200000001,1.529587,0.460753275,0.297341939527258
"10","Fringilla coelebs","1",0.420277999999996,0,0,0
"10","Oriolus oriolus","1",0.327817,0,0,0
"10","Picus viridis","1",2.77383600000001,1.101129,0.241914053333333,0.3969697559625
"10","Picus viridis","4",1.470973,0.764905999999996,0.48773595,0.520000027192883
"10","Saxicola rubicola","1",0.975044999999998,0,0,0
"10","Saxicola rubicola","4",27.528204,2.712866,0.17710867,0.0985486012817981
"10","Sylvia atricapilla","4",14.028878,0,0,0
"10","Turdus merula","1",2.034145,0,0,0
"10","Turdus philomelos","1",5.581291,0,0,0
"10","Turdus philomelos","4",9.851315,0,0,0
"101","Certhia brachydactyla","1",1.445756,0,0,0
"101","Cisticola juncidis","1",7.53138,0,0,0
"101","Columba palumbus","1",4.782763,0,0,0
"101","Corvus corone","1",2.916729,0,0,0
"101","Curruca communis","1",4.900441,0,0,0
"101","Curruca communis","4",27.158359,0,0,0
"101","Emberiza cirlus","1",2.925136,0,0,0
"101","Emberiza cirlus","4",1.672706,0,0,0
"101","Oriolus oriolus","4",0.655633999999999,0,0,0
"101","Streptopelia turtur","4",30.932457,0,0,0
"101","Sylvia atricapilla","1",2.462829,0,0,0
"101","Sylvia atricapilla","2",3.933802,0,0,0
"101","Sylvia atricapilla","4",18.626721,0,0,0
"101","Turdus merula","1",1.15156200000001,0,0,0
"102","Curruca communis","1",4.37089,0,0,0
"102","Sylvia atricapilla","1",7.119509,0,0,0
"102","Sylvia atricapilla","4",30.318851,0,0,0
"102","Turdus merula","1",3.286573,0,0,0
"104","Hirundo rustica","1",4.135535,0,0,0
"104","Streptopelia decaocto","1",16.46649,0,0,0
"104","Troglodytes troglodytes","1",27.477772,0,0,0
"104","Troglodytes troglodytes","4",7.245592,0,0,0
"105","Oriolus oriolus","1",1.25242799999999,0,0,0
"105","Turdus merula","1",4.043074,0,0,0
"106","Luscinia megarhynchos","1",9.405821,3.245554,0.466132935,0.345058023111433
"106","Luscinia megarhynchos","2",22.99761,8.115287,0.386937948333333,0.352875233556878
"107","Corvus corone","1",5.278691,0,0,0
"107","Luscinia megarhynchos","4",22.829497,0,0,0
"107","Passer domesticus","1",6.69923,0,0,0
"107","Passer domesticus","4",17.088502,0,0,0
"107","Sylvia atricapilla","1",4.723924,0,0,0
"107","Sylvia atricapilla","4",26.679244,0,0,0
"107","Turdus merula","4",1.874439,0,0,0
"108","Luscinia megarhynchos","1",14.793784,0,0,0
"108","Luscinia megarhynchos","2",1.050695,0,0,0
"108","Prunella modularis","1",1.966901,0,0,0
"108","Prunella modularis","4",4.30364600000001,0,0,0
"108","Sylvia atricapilla","1",15.441013,0,0,0
"108","Sylvia atricapilla","4",2.261095,0,0,0
"109","Luscinia megarhynchos","1",23.16572,0,0,0
"109","Otus scops","1",57.678945,0,0,0
"11","Luscinia megarhynchos","1",26.998655,0.94669,0.102549535714286,0.0350643393161622
"11","Luscinia megarhynchos","2",4.093507,0,0,0
"11","Otus scops","1",2.57210000000001,0,0,0
"110","Certhia brachydactyla","4",2.227473,0,0,0
"110","Corvus corone","1",9.18727599999999,0,0,0
"110","Corvus corone","4",5.203041,0,0,0
"110","Coturnix coturnix","4",3.916989,0,0,0
"110","Emberiza citrinella","4",7.237186,0,0,0
"110","Fringilla coelebs","4",12.415009,0,0,0
"110","Hippolais polyglotta","4",38.295728,12,0.19463274375,0.313350878197171
"110","Luscinia megarhynchos","1",0.344628,0,0,0
"110","Luscinia megarhynchos","4",1.756762,0,0,0
"110","Phylloscopus collybita","4",12.826883,0,0,0
"110","Sylvia atricapilla","1",1.832411,0,0,0
"110","Sylvia atricapilla","4",13.146294,0,0,0
"110","Turdus merula","1",2.664561,0,0,0
"110","Turdus merula","4",3.723663,0,0,0
"111","Fringilla coelebs","4",5.951136,0,0,0
"111","Parus major","1",6.060408,0,0,0
"111","Parus major","4",27.553422,0,0,0
"111","Sylvia atricapilla","1",7.556598,0,0,0
"111","Sylvia atricapilla","4",2.941945,1.386917,0.2767526,0.471428595707941
"111","Turdus merula","1",8.573671,0,0,0
"111","Turdus merula","4",7.665871,0,0,0
"112","Luscinia megarhynchos","1",6.505903,0,0,0
"113","Corvus corone","1",1.092723,0,0,0
"113","Corvus corone","4",18.181224,0,0,0
"113","Curruca communis","1",1.420539,0,0,0
"113","Curruca communis","4",9.893341,0,0,0
"113","Cyanistes caeruleus","4",1.269239,0,0,0
"113","Erithacus rubecula","1",0.764905000000006,0,0,0
"113","Erithacus rubecula","2",2.790645,0,0,0
"113","Erithacus rubecula","4",4.934063,0,0,0
"113","Oriolus oriolus","1",0.68085,0,0,0
"113","Phylloscopus collybita","1",0.899394999999991,0,0,0
"113","Phylloscopus collybita","4",9.304953,0,0,0
"113","Sylvia atricapilla","4",15.659557,0,0,0
"113","Troglodytes troglodytes","4",22.123431,0,0,0
"113","Turdus merula","1",1.605461,0,0,0
"113","Turdus philomelos","4",1.731545,0,0,0
"114","Curruca communis","4",31.394762,0,0,0
"114","Regulus ignicapilla","1",5.026525,0,0,0
"114","Regulus ignicapilla","4",6.405037,0,0,0
"114","Streptopelia turtur","1",3.328601,0,0,0
"114","Sylvia atricapilla","1",4.555813,0,0,0
"114","Sylvia atricapilla","2",3.690041,0,0,0
"116","Cyanistes caeruleus","1",3.210924,0,0,0
"116","Cyanistes caeruleus","4",1.395322,0,0,0
"116","Erithacus rubecula","4",34.546848,4.461559,0.240710157142857,0.129145182796416
"116","Garrulus glandarius","1",1.580245,0,0,0
"116","Phylloscopus collybita","4",16.769089,0,0,0
"116","Streptopelia decaocto","1",30.243201,0,0,0
"116","Sylvia atricapilla","1",6.194897,0,0,0
"116","Sylvia atricapilla","4",13.037021,0,0,0
"116","Turdus merula","1",4.715519,0,0,0
"116","Turdus merula","4",12.94456,0,0,0
"117","Erithacus rubecula","1",5.724185,0,0,0
"117","Garrulus glandarius","1",1.630679,0,0,0
"117","Oriolus oriolus","1",1.613868,0,0,0
"117","Phylloscopus collybita","1",1.000262,0,0,0
"117","Phylloscopus collybita","4",7.89281999999999,0,0,0
"117","Prunella modularis","1",2.672968,0,0,0
"117","Sylvia atricapilla","1",5.79143,0,0,0
"117","Sylvia atricapilla","2",6.211708,0,0,0
"117","Sylvia atricapilla","4",26.544755,4.300732,0.339052275,0.16201814633437
"118","Luscinia megarhynchos","2",59.965257,0,0,0
"119","Cisticola juncidis","1",11.608077,0,0,0
"119","Cyanistes caeruleus","1",0.790122000000004,0,0,0
"119","Erithacus rubecula","4",4.001046,0,0,0
"119","Fringilla coelebs","4",1.992118,0,0,0
"119","Luscinia megarhynchos","1",5.034931,0,0,0
"119","Luscinia megarhynchos","4",6.539525,0,0,0
"119","Phylloscopus collybita","1",0.521143999999999,0,0,0
"119","Sylvia atricapilla","1",3.841341,0,0,0
"119","Sylvia atricapilla","4",20.778542,0,0,0
"119","Troglodytes troglodytes","1",10.82636,0,0,0
"119","Troglodytes troglodytes","4",12.372983,0,0,0
"119","Turdus merula","1",13.751493,0,0,0
"119","Turdus merula","4",11.961111,0,0,0
"12","Alauda arvensis","4",59.998879,0,0,0
"12","Dendrocopos major","1",0.638824000000001,0,0,0
"12","Fringilla coelebs","1",1.908062,0,0,0
"12","Luscinia megarhynchos","1",1.193589,0,0,0
"12","Luscinia megarhynchos","4",2.714996,0,0,0
"12","Oriolus oriolus","1",0.378250000000001,0,0,0
"12","Pica pica","1",1.210401,0,0,0
"12","Pica pica","4",1.866034,1.866034,0.7899273,1
"120","Cisticola juncidis","1",0.235355999999999,0,0,0
"120","Emberiza citrinella","1",1.815599,0,0,0
"120","Luscinia megarhynchos","4",2.412396,0,0,0
"120","Sylvia atricapilla","1",5.934325,0,0,0
"120","Sylvia atricapilla","4",5.253474,0,0,0
"120","Troglodytes troglodytes","1",1.311267,0,0,0
"120","Turdus merula","1",17.752541,0,0,0
"120","Turdus merula","4",3.093245,0,0,0
"121","Luscinia megarhynchos","1",5.572886,0,0,0
"122","Columba palumbus","4",23.182532,0,0,0
"122","Corvus corone","1",0.395061,0,0,0
"122","Coturnix coturnix","4",5.03493,0,0,0
"122","Cyanistes caeruleus","4",2.941945,0,0,0
"122","Erithacus rubecula","1",0.857367000000004,0,0,0
"122","Oriolus oriolus","1",3.849747,0,0,0
"122","Oriolus oriolus","4",3.597578,0,0,0
"122","Phylloscopus collybita","4",5.219852,0,0,0
"122","Streptopelia decaocto","4",11.406343,0,0,0
"122","Sylvia atricapilla","4",37.236626,0,0,0
"122","Troglodytes troglodytes","1",0.504334,0,0,0
"122","Troglodytes troglodytes","4",22.753848,0,0,0
"122","Turdus merula","1",0.781717,0,0,0
"122","Turdus merula","4",7.010236,0,0,0
"122","Turdus philomelos","4",4.211185,0,0,0
"123","Emberiza cirlus","1",14.138149,4.40283100000001,0.293086125,0.311414952551427
"123","Emberiza cirlus","4",4.875224,1.781978,0.31838868,0.365517153673349
"123","Luscinia megarhynchos","1",11.591265,3.390018,0.192467051428571,0.292463160837061
"123","Luscinia megarhynchos","4",5.640129,1.306784,0.190304,0.231693991396296
"123","Saxicola rubicola","1",2.748618,0,0,0
"123","Streptopelia decaocto","1",9.725232,0,0,0
"123","Sylvia atricapilla","1",2.799051,0,0,0
"123","Turdus merula","4",1.412134,0,0,0
"125","Certhia brachydactyla","1",1.159967,0,0,0
"125","Regulus ignicapilla","1",5.766214,0,0,0
"125","Regulus ignicapilla","4",4.639868,0,0,0
"125","Sylvia atricapilla","1",1.403729,0,0,0
"125","Sylvia atricapilla","4",17.180962,0,0,0
"125","Troglodytes troglodytes","4",12.658771,0,0,0
"125","Turdus merula","1",0.722878000000001,0,0,0
"125","Turdus merula","4",0.764905999999996,0,0,0
"125","Turdus philomelos","1",1.655895,0,0,0
"126","Sylvia atricapilla","1",9.63389,0,0,0
"126","Turdus merula","1",10.893604,0,0,0
"127","Luscinia megarhynchos","1",32.579946,10.937313,0.519574712142857,0.335706910011453
"128","Columba palumbus","4",5.236663,0,0,0
"128","Curruca communis","4",9.851313,0,0,0
"128","Emberiza cirlus","4",59.973663,59.973663,0.959253328,1
"128","Erithacus rubecula","1",1.2104,0,0,0
"128","Fringilla coelebs","4",3.093245,0,0,0
"128","Luscinia megarhynchos","4",21.493015,0,0,0
"128","Parus major","4",1.470973,0,0,0
"128","Phylloscopus collybita","4",60.940301,0,0,0
"128","Troglodytes troglodytes","4",1.260834,0,0,0
"128","Turdus merula","1",1.412134,0,0,0
"128","Turdus merula","2",2.017334,0,0,0
"128","Turdus merula","4",11.725755,0,0,0
"129","Corvus corone","1",3.454685,0,0,0
"129","Corvus corone","4",1.05909999999999,0,0,0
"129","Cuculus canorus","1",19.753064,0,0,0
"129","Curruca communis","1",1.067506,0,0,0
"129","Curruca communis","4",5.564479,0,0,0
"129","Phylloscopus bonelli","1",0.453900000000004,0,0,0
"129","Phylloscopus bonelli","4",10.237971,0,0,0
"129","Phylloscopus collybita","4",63.588053,11.093433,0.191721771666667,0.174457818357797
"129","Turdus merula","1",7.21197,0,0,0
"129","Turdus merula","4",9.489876,0,0,0
"13","Corvus corone","1",6.110841,0,0,0
"13","Corvus corone","4",4.597841,0,0,0
"13","Luscinia megarhynchos","4",3.03440699999999,0,0,0
"13","Streptopelia decaocto","1",3.101651,0,0,0
"13","Sylvia atricapilla","4",2.319934,0,0,0
"13","Turdus merula","1",5.26187999999999,0,0,0
"13","Turdus merula","4",7.497758,0,0,0
"130","Chloris chloris","1",0.890990000000002,0,0,0
"130","Curruca communis","1",0.806933999999998,0,0,0
"130","Emberiza calandra","1",7.749926,0,0,0
"130","Emberiza calandra","4",5.026524,0,0,0
"130","Luscinia megarhynchos","1",1.529812,0,0,0
"130","Luscinia megarhynchos","2",1.437351,0,0,0
"130","Sylvia atricapilla","1",7.716303,0,0,0
"130","Sylvia atricapilla","4",5.539263,0,0,0
"130","Turdus merula","1",1.168373,0,0,0
"130","Turdus merula","4",4.051479,0,0,0
"131","Luscinia megarhynchos","1",11.717348,0,0,0
"131","Luscinia megarhynchos","2",2.16022899999999,0,0,0
"131","Otus scops","1",0.773310999999999,0,0,0
"132","Alauda arvensis","4",55.199305,0,0,0
"132","Cisticola juncidis","1",21.392148,0,0,0
"132","Curruca communis","1",0.941423,0,0,0
"132","Curruca communis","4",5.614914,0,0,0
"132","Emberiza calandra","1",4.614651,0,0,0
"132","Emberiza calandra","4",5.64013,0,0,0
"132","Luscinia megarhynchos","4",4.001046,0,0,0
"132","Pica pica","1",0.260572,0,0,0
"132","Pica pica","4",4.480162,0,0,0
"132","Sylvia atricapilla","4",2.219067,0,0,0
"132","Turdus merula","1",3.337008,0,0,0
"134","Poecile palustris","1",1.075911,0,0,0
"134","Poecile palustris","4",1.966901,0,0,0
"134","Prunella modularis","4",2.126607,0,0,0
"134","Sylvia atricapilla","4",48.121825,3,0.262399813333333,0.0623417752755636
"134","Turdus merula","1",3.143679,0,0,0
"134","Turdus merula","4",5.396368,0,0,0
"134","Turdus viscivorus","1",1.017073,0,0,0
"136","Luscinia megarhynchos","1",2.235879,0,0,0
"137","Certhia brachydactyla","4",9.893343,0,0,0
"137","Columba oenas","1",0.6052,0,0,0
"137","Cuculus canorus","1",8.691348,0,0,0
"137","Dendrocopos major","4",0.874178,0,0,0
"137","Erithacus rubecula","4",7.691086,0,0,0
"137","Fringilla coelebs","1",1.992117,0,0,0
"137","Fringilla coelebs","4",16.886769,0,0,0
"137","Lullula arborea","1",1.378511,0,0,0
"137","Lullula arborea","4",2.118201,0,0,0
"137","Oriolus oriolus","1",5.18622999999999,0,0,0
"137","Oriolus oriolus","4",2.311529,0,0,0
"137","Parus major","4",9.784071,0,0,0
"137","Phylloscopus collybita","4",28.999178,0,0,0
"137","Picus viridis","4",3.404252,0,0,0
"137","Regulus ignicapilla","1",2.210662,0,0,0
"137","Regulus ignicapilla","4",8.49802100000001,0,0,0
"137","Streptopelia decaocto","1",1.681111,0,0,0
"137","Turdus merula","1",8.817431,0,0,0
"137","Turdus merula","2",2.908324,0,0,0
"137","Turdus merula","4",1.277645,0,0,0
"138","Certhia brachydactyla","1",1.403728,0,0,0
"138","Cuculus canorus","1",0.512738999999996,0,0,0
"138","Erithacus rubecula","4",5.404774,0,0,0
"138","Fringilla coelebs","4",1.756762,0,0,0
"138","Phylloscopus collybita","4",50.290458,0,0,0
"138","Regulus ignicapilla","1",3.63960699999999,0.667177000000001,0.253979466666667,0.183310176071208
"138","Regulus ignicapilla","2",3.631202,0,0,0
"138","Regulus ignicapilla","4",3.23614,1.504595,0.3809692,0.46493507697442
"138","Sylvia atricapilla","1",1.571839,0,0,0
"138","Sylvia atricapilla","4",5.530857,0,0,0
"138","Troglodytes troglodytes","1",2.27790700000001,0,0,0
"138","Turdus merula","1",7.262403,0,0,0
"138","Turdus merula","4",4.681896,0,0,0
"139","Emberiza calandra","4",1.445756,0,0,0
"139","Sylvia atricapilla","4",51.710999,0,0,0
"139","Turdus merula","1",3.53873999999999,0,0,0
"139","Turdus merula","4",3.02600099999999,0,0,0
"14","Luscinia megarhynchos","1",1.353295,0,0,0
"14","Otus scops","1",0.571576999999997,0,0,0
"140","Luscinia megarhynchos","1",31.260275,1.096085,0.07407923,0.035063191222726
"141","Alectoris rufa","4",1.857628,0,0,0
"141","Corvus corone","1",1.672706,0,0,0
"141","Corvus corone","4",1.580245,0,0,0
"141","Curruca communis","4",1.437351,0,0,0
"141","Emberiza calandra","1",4.471758,0,0,0
"141","Emberiza calandra","4",7.32124,0,0,0
"141","Emberiza citrinella","1",4.984497,0,0,0
"141","Emberiza citrinella","4",2.925135,0,0,0
"141","Luscinia megarhynchos","1",0.613606000000001,0,0,0
"141","Luscinia megarhynchos","4",0.848960999999996,0,0,0
"141","Merops apiaster","4",59.965257,20.965257,0.854968888571429,0.34962339942944
"141","Oriolus oriolus","4",0.327817000000003,0,0,0
"141","Streptopelia decaocto","1",21.417364,0,0,0
"141","Sylvia atricapilla","4",59.982068,6,0.8508796,0.100029895601465
"141","Turdus merula","4",1.185184,0,0,0
"143","Corvus corone","2",3.715257,0,0,0
"143","Curruca communis","1",1.092723,0,0,0
"143","Cyanistes caeruleus","1",2.958758,0,0,0
"143","Luscinia megarhynchos","1",5.80824,0,0,0
"143","Luscinia megarhynchos","4",4.135536,0,0,0
"143","Parus major","1",3.790907,0,0,0
"143","Parus major","4",2.02574000000001,0,0,0
"143","Streptopelia turtur","1",33.840779,0,0,0
"143","Sylvia atricapilla","1",9.120031,0,0,0
"143","Sylvia atricapilla","4",10.448108,0,0,0
"144","Cyanistes caeruleus","1",0.706066999999999,0,0,0
"144","Cyanistes caeruleus","4",0.848961000000001,0,0,0
"144","Dendrocoptes medius","1",0.159705,0,0,0
"144","Dendrocoptes medius","4",11.826622,3,0.9611573,0.253664994112435
"144","Emberiza cirlus","1",9.59915,0.619321999999997,0.1783572,0.0645184209018504
"144","Erithacus rubecula","1",3.404252,0,0,0
"144","Erithacus rubecula","4",14.264233,3,0.46652715,0.210316250442628
"144","Luscinia megarhynchos","1",8.05252400000001,0,0,0
"144","Luscinia megarhynchos","4",11.221421,0,0,0
"144","Phylloscopus collybita","1",3.143679,0,0,0
"144","Phylloscopus collybita","4",12.104005,0,0,0
"144","Sitta europaea","4",2.958757,0,0,0
"144","Streptopelia decaocto","1",6.842124,0,0,0
"144","Streptopelia turtur","1",19.937985,0,0,0
"144","Sylvia atricapilla","1",2.395584,0,0,0
"144","Sylvia atricapilla","4",3.656417,0,0,0
"144","Turdus merula","1",3.891774,0,0,0
"144","Turdus merula","2",2.420801,0,0,0
"144","Turdus merula","4",4.085102,0,0,0
"145","Luscinia megarhynchos","1",31.083758,5.416318,0.390239666666667,0.174249136799997
"145","Luscinia megarhynchos","2",18.551068,2.571092,0.3799338,0.138595362811456
"146","Corvus corone","1",1.260834,0,0,0
"146","Corvus corone","4",1.74835599999999,0,0,0
"146","Curruca communis","4",2.437612,0,0,0
"146","Luscinia megarhynchos","4",16.121862,1.16176,0.108239565714286,0.0720611552189195
"146","Oriolus oriolus","1",0.622012,0,0,0
"146","Saxicola rubicola","1",1.815602,0,0,0
"146","Saxicola rubicola","4",5.312313,0,0,0
"146","Sylvia atricapilla","1",3.160491,0,0,0
"146","Sylvia atricapilla","2",3.975829,0,0,0
"146","Sylvia atricapilla","4",27.662696,0,0,0
"147","Curruca communis","1",4.925657,0,0,0
"147","Curruca communis","2",5.967947,0,0,0
"147","Curruca communis","4",5.673752,0,0,0
"147","Oriolus oriolus","1",1.454162,0,0,0
"147","Oriolus oriolus","4",0.537955000000004,0,0,0
"147","Phasianus colchicus","1",0.655632999999998,0,0,0
"147","Sylvia atricapilla","1",2.227473,0,0,0
"147","Sylvia atricapilla","4",9.120031,0,0,0
"147","Turdus merula","1",9.061191,0,0,0
"147","Turdus merula","4",4.059885,0,0,0
"148","Luscinia megarhynchos","1",20.585215,0,0,0
"149","Corvus corone","1",0.243762,0,0,0
"149","Cuculus canorus","1",9.38901,0,0,0
"149","Emberiza cirlus","1",1.403728,0,0,0
"149","Luscinia megarhynchos","1",4.79957399999999,0,0,0
"149","Luscinia megarhynchos","4",2.689779,0,0,0
"149","Phylloscopus collybita","1",2.883106,0,0,0
"149","Phylloscopus collybita","4",7.413704,0,0,0
"149","Sylvia atricapilla","1",9.38901,0,0,0
"149","Sylvia atricapilla","4",23.922222,0,0,0
"149","Turdus merula","1",4.841602,0,0,0
"149","Turdus merula","2",3.185706,0,0,0
"149","Turdus merula","4",13.230349,0,0,0
"15","Corvus corone","4",2.799051,0,0,0
"15","Emberiza citrinella","1",0.201732999999997,0,0,0
"15","Streptopelia decaocto","1",7.279215,0,0,0
"15","Streptopelia decaocto","2",14.819001,0,0,0
"15","Sylvia atricapilla","4",59.898013,21,0.835374578571429,0.350595937130669
"15","Turdus merula","4",5.21144600000001,0,0,0
"150","Buteo buteo","1",0.848962,0.763337,0.80766493,0.899141539904024
"150","Buteo buteo","4",2.941946,0,0,0
"150","Corvus corone","1",1.244023,0,0,0
"150","Passer domesticus","1",1.706328,0,0,0
"150","Sylvia atricapilla","1",5.556074,0,0,0
"150","Sylvia atricapilla","2",5.783025,0,0,0
"150","Sylvia atricapilla","4",6.035191,0,0,0
"151","Luscinia megarhynchos","2",59.965257,15,0.969395264,0.250144846373292
"152","Cisticola juncidis","1",0.184922,0,0,0
"152","Corvus corax","1",6.127652,0,0,0
"152","Emberiza calandra","1",1.697923,0,0,0
"152","Emberiza calandra","4",0.874178999999998,0,0,0
"152","Emberiza cirlus","1",1.563434,0,0,0
"152","Emberiza cirlus","2",4.043074,0,0,0
"152","Emberiza cirlus","4",1.891251,0,0,0
"152","Emberiza citrinella","1",1.43735,0,0,0
"152","Garrulus glandarius","4",2.202257,0,0,0
"152","Luscinia megarhynchos","1",10.145509,0,0,0
"152","Luscinia megarhynchos","4",3.900179,0,0,0
"152","Phylloscopus collybita","1",4.093507,0,0,0
"152","Sylvia atricapilla","1",5.396369,0,0,0
"152","Sylvia atricapilla","4",18.492229,0,0,0
"152","Turdus merula","1",0.958234000000004,0,0,0
"153","Curruca communis","1",1.143156,0,0,0
"153","Emberiza citrinella","1",1.092722,0,0,0
"153","Luscinia megarhynchos","1",3.16049,0,0,0
"153","Sylvia atricapilla","1",2.664562,0,0,0
"153","Sylvia atricapilla","4",1.597056,0,0,0
"153","Turdus merula","1",5.245068,0,0,0
"154","Luscinia megarhynchos","1",22.543708,7.897863,0.22644595625,0.350335579222371
"155","Emberiza cirlus","1",5.118984,2.132546,0.498807833333333,0.4165955588062
"155","Emberiza cirlus","4",6.716043,1.857629,0.16492769,0.276595757352953
"155","Fringilla coelebs","1",0.815339000000002,0,0,0
"155","Fringilla coelebs","4",2.034146,0,0,0
"155","Garrulus glandarius","1",3.984236,0,0,0
"155","Garrulus glandarius","4",6.875747,0,0,0
"155","Luscinia megarhynchos","1",3.395846,0,0,0
"155","Luscinia megarhynchos","4",18.172819,0,0,0
"155","Phylloscopus collybita","1",2.244284,0,0,0
"155","Phylloscopus collybita","4",14.432345,0,0,0
"155","Sylvia atricapilla","4",10.153915,0,0,0
"155","Turdus philomelos","1",1.798789,0,0,0
"156","Curruca communis","1",0.941423,0,0,0
"156","Cyanistes caeruleus","1",9.439444,0,0,0
"156","Hirundo rustica","4",10.338837,0,0,0
"156","Lophophanes cristatus","1",9.431037,0.810855999999999,0.0738341875,0.0859773956989035
"156","Lophophanes cristatus","4",15.8781,0,0,0
"156","Parus major","1",1.302862,0,0,0
"156","Phylloscopus collybita","1",3.042812,0,0,0
"156","Sylvia atricapilla","1",1.513001,0,0,0
"156","Turdus merula","1",7.371674,0,0,0
"156","Turdus merula","4",1.798789,0,0,0
"157","Luscinia megarhynchos","1",23.754109,0,0,0
"157","Otus scops","1",0.865773000000004,0,0,0
"158","Hippolais polyglotta","1",9.78407,6.826098,0.963273686666667,0.697674689571927
"158","Hippolais polyglotta","4",39.153093,29.698857,0.891673045625,0.758531567352801
"158","Luscinia megarhynchos","1",2.740212,0,0,0
"158","Luscinia megarhynchos","4",3.30338400000001,0,0,0
"158","Passer domesticus","4",22.426032,3,0.13804394,0.13377310796667
"158","Pica pica","1",0.386656000000002,0,0,0
"158","Sylvia atricapilla","4",4.623057,0,0,0
"159","Corvus corax","1",1.067506,0,0,0
"159","Hippolais polyglotta","1",0.344628,0,0,0
"159","Hippolais polyglotta","4",29.932195,23.973663,0.782825295,0.800932340578431
"159","Passer domesticus","4",30.562612,0,0,0
"159","Sylvia atricapilla","4",10.944036,0,0,0
"16","Luscinia megarhynchos","2",59.679468,0,0,0
"16","Otus scops","1",3.16049,0,0,0
"160","Luscinia megarhynchos","1",12.230089,0,0,0
"160","Luscinia megarhynchos","2",5.11058,0,0,0
"161","Columba palumbus","1",9.657987,0,0,0
"161","Corvus corone","1",9.700013,0,0,0
"161","Curruca communis","1",21.677937,0,0,0
"161","Curruca communis","4",5.892296,0,0,0
"161","Emberiza calandra","1",1.731545,0,0,0
"161","Emberiza calandra","4",4.44654,0,0,0
"161","Emberiza cirlus","1",9.33857299999999,3.663478,0.119183681176471,0.392295268238521
"161","Emberiza cirlus","4",4.177563,1.362261,0.41530765,0.326089875843883
"161","Oriolus oriolus","1",7.48094800000001,1.849224,0.183974771428571,0.247191131391369
"161","Oriolus oriolus","4",2.429207,1.134751,0.230985366666667,0.467128161577009
"161","Parus major","1",1.302862,0,0,0
"161","Passer domesticus","4",14.339884,0,0,0
"161","Sylvia atricapilla","4",15.743613,0,0,0
"161","Turdus merula","1",3.48830800000001,0,0,0
"161","Turdus merula","4",3.91699,0,0,0
"161","Turdus viscivorus","1",1.075912,0,0,0
"162","Curruca communis","1",1.193589,0,0,0
"162","Emberiza calandra","1",3.261357,0,0,0
"162","Emberiza calandra","4",0.285789000000001,0,0,0
"162","Emberiza cirlus","1",11.381126,0,0,0
"162","Sylvia atricapilla","1",18.382957,0,0,0
"162","Sylvia atricapilla","3",5.934325,0,0,0
"162","Sylvia atricapilla","4",2.832673,0,0,0
"162","Turdus merula","1",4.65668,0,0,0
"162","Turdus merula","4",2.277906,0,0,0
"163","Coturnix coturnix","1",2.656157,0,0,0
"163","Coturnix coturnix","4",4.799574,0,0,0
"163","Luscinia megarhynchos","2",32.916167,0,0,0
"163","Luscinia megarhynchos","4",21.27447,0,0,0
"163","Otus scops","1",38.673977,0,0,0
"164","Curruca communis","4",3.614391,0,0,0
"164","Hippolais polyglotta","4",21.619098,0,0,0
"164","Luscinia megarhynchos","4",18.399768,0,0,0
"164","Oriolus oriolus","4",0.462306000000005,0,0,0
"164","Passer domesticus","4",40.800583,0,0,0
"164","Phoenicurus ochruros","4",23.165721,0,0,0
"164","Streptopelia decaocto","1",1.580245,0,0,0
"164","Sylvia atricapilla","4",27.763563,4.982367,0.173196257142857,0.179457045913019
"164","Turdus merula","4",1.588651,0,0,0
"165","Chloris chloris","1",0.43709,0,0,0
"165","Chloris chloris","4",1.849223,0,0,0
"165","Corvus corax","1",0.865773000000001,0,0,0
"165","Corvus corax","4",0.697662,0,0,0
"165","Curruca communis","1",1.025479,0,0,0
"165","Curruca communis","4",10.952445,0,0,0
"165","Emberiza cirlus","4",3.648013,0,0,0
"165","Luscinia megarhynchos","4",0.924611000000006,0,0,0
"165","Passer domesticus","4",17.332262,0,0,0
"165","Phoenicurus ochruros","1",0.22695,0,0,0
"165","Phoenicurus ochruros","4",2.925134,0,0,0
"165","Sturnus vulgaris","1",0.319412,0,0,0
"165","Sylvia atricapilla","4",26.544756,0,0,0
"165","Turdus merula","1",2.580506,0,0,0
"167","Cuculus canorus","1",6.220113,5.483562,0.805225325,0.881585591773011
"167","Erithacus rubecula","1",15.752016,0,0,0
"167","Erithacus rubecula","4",30.604641,0,0,0
"167","Oriolus oriolus","4",0.773311,0,0,0
"167","Phylloscopus bonelli","4",1.210401,0,0,0
"167","Phylloscopus collybita","4",46.213763,0,0,0
"167","Sylvia atricapilla","4",46.877802,0,0,0
"167","Troglodytes troglodytes","1",4.690302,0,0,0
"167","Troglodytes troglodytes","4",24.224822,0,0,0
"167","Turdus viscivorus","4",1.571839,0,0,0
"168","Cyanistes caeruleus","1",0.991855000000001,0,0,0
"168","Cyanistes caeruleus","4",6.169679,0,0,0
"168","Dendrocoptes medius","4",12.179655,0,0,0
"168","Erithacus rubecula","1",0.941422000000003,0,0,0
"168","Erithacus rubecula","4",0.991856000000006,0,0,0
"168","Fringilla coelebs","1",2.034145,0,0,0
"168","Fringilla coelebs","4",3.67323,0,0,0
"168","Oriolus oriolus","1",2.672968,0,0,0
"168","Oriolus oriolus","4",0.672444999999996,0,0,0
"168","Phylloscopus collybita","1",2.10139,0,0,0
"168","Phylloscopus collybita","4",44.053534,0,0,0
"168","Sylvia atricapilla","4",51.223475,10.02234,0.436606646666667,0.195659119183148
"169","Dendrocoptes medius","4",15.854005,6,0.83955315,0.378453267802047
"169","Erithacus rubecula","1",2.68977899999999,0,0,0
"169","Phylloscopus collybita","1",9.17887,0,0,0
"17","Cyanistes caeruleus","1",5.581291,0,0,0
"17","Cyanistes caeruleus","4",9.73363700000001,0,0,0
"17","Luscinia megarhynchos","1",2.092984,0,0,0
"17","Phylloscopus collybita","1",1.04229,0,0,0
"17","Phylloscopus collybita","4",24.123953,18.742604,0.506196888571429,0.776929220513736
"17","Pica pica","1",0.294194999999998,0,0,0
"17","Pica pica","4",1.731544,0,0,0
"17","Sylvia atricapilla","1",10.725494,0,0,0
"17","Sylvia atricapilla","4",29.369022,0,0,0
"17","Turdus merula","1",2.62253400000001,0,0,0
"17","Turdus merula","4",9.296547,0,0,0
"171","Certhia brachydactyla","1",2.2695,1.630678,0.467095225,0.718518616435338
"171","Certhia brachydactyla","4",6.875747,0,0,0
"171","Phylloscopus collybita","1",7.699492,0,0,0
"171","Phylloscopus collybita","4",22.173864,4.196279,0.252649646,0.189244373465987
"171","Sylvia atricapilla","1",1.83241200000001,0,0,0
"171","Sylvia atricapilla","4",30.688698,0,0,0
"171","Turdus viscivorus","1",11.742568,2.159444,0.152866616666667,0.183898786023636
"172","Luscinia megarhynchos","1",15.484158,0,0,0
"173","Corvus corone","1",4.22799500000001,0.455245000000001,0.163641975,0.107673968394002
"173","Corvus corone","4",1.866035,1.866035,0.83467025,1
"173","Luscinia megarhynchos","1",7.657467,0,0,0
"173","Luscinia megarhynchos","4",8.867865,0,0,0
"173","Parus major","1",7.23718599999999,0,0,0
"173","Parus major","4",5.934323,0,0,0
"173","Passer domesticus","1",12.801666,0,0,0
"173","Passer domesticus","2",0.563172999999999,0,0,0
"173","Passer domesticus","4",0.142894,0,0,0
"173","Sylvia atricapilla","1",3.03440600000002,0,0,0
"173","Sylvia atricapilla","4",1.899656,0,0,0
"173","Turdus merula","1",2.042551,0,0,0
"173","Turdus merula","4",6.01838,0,0,0
"174","Lullula arborea","1",2.824268,0,0,0
"174","Passer domesticus","1",12.33936,0,0,0
"174","Passer domesticus","4",38.320942,0,0,0
"174","Turdus merula","1",4.312053,0,0,0
"175","Cyanistes caeruleus","4",0.731284,0,0,0
"175","Sylvia atricapilla","1",18.290496,0,0,0
"175","Sylvia atricapilla","2",8.918298,0,0,0
"175","Sylvia atricapilla","4",4.917252,0,0,0
"175","Turdus merula","4",1.260834,0,0,0
"176","Luscinia megarhynchos","1",4.303648,0,0,0
"177","Corvus corone","1",6.16968,1.395323,0.11140382,0.226158082753076
"177","Corvus corone","2",2.118201,0,0,0
"177","Corvus monedula","1",0.537956000000001,0,0,0
"177","Emberiza citrinella","1",0.672445000000003,0,0,0
"177","Fringilla coelebs","4",2.437612,0,0,0
"177","Saxicola rubicola","1",0.739689000000002,0,0,0
"177","Sylvia atricapilla","1",15.2729,0,0,0
"177","Sylvia atricapilla","4",14.819,0,0,0
"178","Aegithalos caudatus","4",1.773573,0,0,0
"178","Chloris chloris","1",0.731284000000002,0,0,0
"178","Chloris chloris","4",1.361701,0,0,0
"178","Corvus corone","4",1.672706,0,0,0
"178","Cuculus canorus","1",0.353033000000003,0,0,0
"178","Curruca communis","1",1.168372,0,0,0
"178","Curruca communis","4",4.690303,0,0,0
"178","Cyanistes caeruleus","4",0.630417,0,0,0
"178","Emberiza cirlus","1",5.068551,0,0,0
"178","Emberiza cirlus","4",9.195682,0,0,0
"178","Hippolais polyglotta","4",1.866034,0,0,0
"178","Sylvia atricapilla","4",44.650328,0,0,0
"178","Turdus merula","1",3.664824,0,0,0
"178","Turdus merula","4",31.663741,0,0,0
"18","Columba palumbus","1",5.749402,0,0,0
"18","Curruca communis","4",5.228258,0,0,0
"18","Luscinia megarhynchos","1",8.867865,0,0,0
"18","Luscinia megarhynchos","4",36.681859,0,0,0
"18","Passer domesticus","1",0.201733999999995,0,0,0
"18","Passer domesticus","4",41.119994,0,0,0
"18","Sturnus vulgaris","1",11.919083,0,0,0
"18","Sturnus vulgaris","2",29.167289,0,0,0
"18","Sylvia atricapilla","1",1.899656,0,0,0
"180","Aegithalos caudatus","1",0.86577200000001,0,0,0
"180","Aegithalos caudatus","4",3.278168,0,0,0
"180","Columba palumbus","1",19.862336,0,0,0
"180","Corvus corone","1",6.08562400000001,0,0,0
"180","Corvus corone","4",2.40399,0,0,0
"180","Cyanistes caeruleus","4",2.244284,0,0,0
"180","Emberiza cirlus","4",2.85789,0,0,0
"180","Erithacus rubecula","1",2.572101,0,0,0
"180","Erithacus rubecula","4",20.425507,0,0,0
"180","Fringilla coelebs","1",1.555028,0,0,0
"180","Lullula arborea","1",0.790123000000001,0,0,0
"180","Lullula arborea","4",2.092984,0,0,0
"180","Luscinia megarhynchos","4",39.943216,0,0,0
"180","Otus scops","1",4.925658,0,0,0
"180","Otus scops","4",0.344628,0,0,0
"180","Parus major","1",2.294718,0,0,0
"180","Strix aluco","1",1.807195,0,0,0
"180","Sylvia atricapilla","1",0.991856,0,0,0
"180","Sylvia atricapilla","4",11.473588,0,0,0
"180","Turdus merula","4",1.49618899999999,0,0,0
"19","Luscinia megarhynchos","1",44.230052,0,0,0
"2","Alectoris rufa","1",3.14368,0,0,0
"2","Alectoris rufa","4",14.5164,0,0,0
"2","Corvus corone","1",13.675846,0,0,0
"2","Corvus corone","4",2.597317,0,0,0
"2","Curruca communis","4",3.25295099999999,0,0,0
"2","Cyanistes caeruleus","1",5.791431,0,0,0
"2","Erithacus rubecula","4",10.649843,0,0,0
"2","Hippolais polyglotta","4",5.598102,0,0,0
"2","Luscinia megarhynchos","1",2.353556,0,0,0
"2","Luscinia megarhynchos","4",3.46309,0,0,0
"2","Streptopelia decaocto","2",8.817431,0,0,0
"2","Sylvia atricapilla","1",1.201995,0,0,0
"2","Sylvia atricapilla","4",33.865996,0,0,0
"2","Turdus merula","4",16.491708,0,0,0
"20","Corvus corone","4",3.143679,0,0,0
"20","Curruca communis","1",1.176778,0,0,0
"20","Emberiza calandra","1",8.413964,0,0,0
"20","Fringilla coelebs","4",7.649059,0,0,0
"20","Luscinia megarhynchos","4",60.058839,0,0,0
"20","Oriolus oriolus","4",1.445756,0,0,0
"20","Sylvia atricapilla","4",30.799088,3,0.07164602,0.0974054816168583
"20","Turdus merula","1",0.949829000000001,0,0,0
"21","Corvus corone","1",7.89282,0,0,0
"21","Emberiza calandra","1",3.227735,0,0,0
"21","Emberiza citrinella","1",7.49775900000001,0,0,0
"21","Sylvia atricapilla","1",12.423416,1.304655,0.1981339,0.105015802416984
"21","Turdus merula","1",1.597057,0,0,0
"22","Lullula arborea","4",29.125262,2.768007,0.152746248,0.09503801201857
"22","Luscinia megarhynchos","4",59.948446,15,0.802827846,0.250214993062539
"22","Otus scops","1",15.667962,0,0,0
"22","Otus scops","2",36.723887,0,0,0
"22","Strix aluco","1",4.017858,0,0,0
"22","Strix aluco","2",2.067767,0,0,0
"23","Columba palumbus","1",18.769613,0,0,0
"23","Corvus corone","1",2.160229,0,0,0
"23","Corvus corone","2",1.462567,0,0,0
"23","Corvus corone","4",4.488567,0,0,0
"23","Cuculus canorus","1",23.274993,0,0,0
"23","Curruca communis","4",9.884937,0,0,0
"23","Emberiza calandra","1",1.19359,0,0,0
"23","Fringilla coelebs","4",2.067767,0,0,0
"23","Lullula arborea","4",1.706328,0,0,0
"23","Luscinia megarhynchos","4",59.830768,3,0.59828997,0.050141425562179
"23","Oriolus oriolus","4",0.512739,0,0,0
"23","Phylloscopus collybita","4",4.816386,0,0,0
"23","Sylvia atricapilla","4",13.600194,0,0,0
"23","Troglodytes troglodytes","4",24.821616,0,0,0
"23","Turdus merula","4",5.102173,0,0,0
"23","Upupa epops","1",1.185183,0,0,0
"23","Upupa epops","4",0.647227999999999,0,0,0
"24","Corvus corone","4",2.672968,0,0,0
"24","Cuculus canorus","1",13.919606,0,0,0
"24","Curruca communis","1",4.994022,0,0,0
"24","Curruca communis","4",8.153393,0,0,0
"24","Luscinia megarhynchos","1",3.975829,0,0,0
"24","Luscinia megarhynchos","4",6.077219,2.717685,0.214677266666667,0.447192210779305
"24","Phylloscopus collybita","1",0.958234000000001,0,0,0
"24","Picus viridis","4",0.865772000000003,0,0,0
"24","Streptopelia turtur","1",15.205656,0,0,0
"24","Sylvia atricapilla","1",6.800097,0,0,0
"24","Sylvia atricapilla","4",4.94246899999998,0,0,0
"24","Turdus merula","1",3.009191,0,0,0
"26","Corvus corone","1",0.512739000000003,0,0,0
"26","Corvus corone","4",2.185445,0,0,0
"26","Cuculus canorus","1",3.790907,0,0,0
"26","Curruca communis","1",5.320719,0,0,0
"26","Curruca communis","4",8.48120999999999,0,0,0
"26","Emberiza calandra","1",3.412657,0,0,0
"26","Luscinia megarhynchos","1",0.7565,0,0,0
"26","Luscinia megarhynchos","4",1.57184,0,0,0
"26","Streptopelia decaocto","1",3.345413,0,0,0
"26","Turdus merula","4",59.948446,27,0.750044327777778,0.45038698751257
"27","Curruca communis","1",17.58443,0,0,0
"27","Curruca communis","2",3.91699,0,0,0
"27","Curruca communis","4",2.639345,0,0,0
"27","Emberiza calandra","1",0.865772,0,0,0
"27","Emberiza calandra","2",2.076173,0,0,0
"27","Luscinia megarhynchos","4",5.379557,0,0,0
"27","Sylvia atricapilla","1",3.69844600000001,0,0,0
"28","Curruca communis","1",11.566049,0,0,0
"28","Curruca communis","4",4.295241,0,0,0
"28","Emberiza calandra","1",2.277907,0,0,0
"28","Hippolais polyglotta","1",2.891512,0,0,0
"28","Hippolais polyglotta","4",9.960587,0,0,0
"28","Sylvia atricapilla","1",2.572101,2.572101,0.7365512,1
"28","Sylvia atricapilla","4",11.860245,0,0,0
"28","Turdus merula","1",2.23587800000001,0,0,0
"28","Turdus merula","4",14.533209,0,0,0
"3","Luscinia megarhynchos","4",36.320421,0,0,0
"3","Streptopelia decaocto","1",2.40399,0,0,0
"3","Sylvia atricapilla","1",5.320719,0,0,0
"3","Sylvia atricapilla","4",30.638262,0,0,0
"3","Turdus merula","1",2.488045,0,0,0
"3","Turdus merula","4",3.70685200000001,0,0,0
"30","Columba palumbus","1",10.624627,0.990062999999999,0.8431967,0.0931856713652158
"30","Curruca communis","4",0.98345,0,0,0
"30","Emberiza calandra","1",3.513524,0,0,0
"30","Emberiza calandra","4",1.428945,0,0,0
"30","Emberiza cirlus","1",3.429468,0,0,0
"30","Emberiza cirlus","4",3.29498,0,0,0
"30","Erithacus rubecula","4",2.000523,0,0,0
"30","Garrulus glandarius","4",1.462567,0,0,0
"30","Luscinia megarhynchos","1",2.605723,0,0,0
"30","Sylvia atricapilla","1",3.866557,0,0,0
"30","Sylvia atricapilla","2",2.975568,0,0,0
"30","Sylvia atricapilla","4",26.158098,0,0,0
"30","Turdus merula","1",9.943777,0,0,0
"30","Turdus merula","4",6.186491,0,0,0
"31","Erithacus rubecula","4",1.622273,0,0,0
"31","Phylloscopus collybita","1",21.19882,0,0,0
"31","Phylloscopus collybita","4",32.025179,0,0,0
"31","Sylvia atricapilla","4",59.982068,0,0,0
"31","Turdus merula","4",7.556598,0,0,0
"33","Phylloscopus collybita","1",16.172296,0,0,0
"33","Phylloscopus collybita","4",9.742043,0,0,0
"33","Streptopelia decaocto","1",20.324642,0,0,0
"33","Sylvia atricapilla","1",11.305475,0,0,0
"33","Sylvia atricapilla","4",10.876793,0,0,0
"33","Troglodytes troglodytes","4",5.303908,0,0,0
"34","Coturnix coturnix","1",0.537956000000001,0.537956000000001,0.8654889,1
"34","Luscinia megarhynchos","1",24.745963,0,0,0
"34","Luscinia megarhynchos","2",10.145509,0,0,0
"34","Otus scops","1",11.566048,0,0,0
"34","Otus scops","2",2.25269,0,0,0
"35","Columba palumbus","4",8.766998,0,0,0
"35","Corvus corone","4",6.707637,0,0,0
"35","Curruca communis","4",3.471496,0,0,0
"35","Emberiza calandra","1",1.109533,0,0,0
"35","Emberiza calandra","4",1.059101,0,0,0
"35","Emberiza citrinella","1",1.319673,0,0,0
"35","Emberiza citrinella","4",1.319673,0,0,0
"35","Luscinia megarhynchos","4",1.176778,0,0,0
"35","Oriolus oriolus","1",0.420278000000003,0,0,0
"35","Phasianus colchicus","1",0.857367,0,0,0
"35","Streptopelia turtur","1",9.229303,3,0.6335241,0.325051631742939
"35","Sylvia atricapilla","4",54.96395,10.897751,0.690724831666667,0.198270884825417
"35","Turdus merula","4",24.821615,0,0,0
"36","Corvus corone","1",1.849223,0,0,0
"36","Corvus corone","4",3.97583,0,0,0
"36","Curruca communis","1",1.143156,0,0,0
"36","Sylvia atricapilla","1",5.572886,1.487784,0.32522142,0.266968317672387
"36","Sylvia atricapilla","4",40.128138,9,0.532976101666667,0.224281525347625
"37","Coturnix coturnix","1",0.537956000000001,0,0,0
"37","Lullula arborea","1",2.639345,0,0,0
"37","Lullula arborea","4",41.792439,8.265242,0.78622636,0.197768835649913
"37","Luscinia megarhynchos","4",59.948446,0,0,0
"37","Otus scops","4",45.986812,0,0,0
"38","Anthus trivialis","4",13.112672,0,0,0
"38","Certhia brachydactyla","4",1.50459499999999,0,0,0
"38","Columba palumbus","1",7.96847,0,0,0
"38","Cyanistes caeruleus","4",1.353295,0,0,0
"38","Emberiza calandra","4",15.550285,0,0,0
"38","Emberiza citrinella","1",0.260573000000001,0,0,0
"38","Emberiza citrinella","4",2.000524,0,0,0
"38","Luscinia megarhynchos","4",14.129745,0,0,0
"38","Oriolus oriolus","1",0.504334,0,0,0
"38","Parus major","4",1.672706,0,0,0
"38","Phylloscopus collybita","4",25.292326,0,0,0
"38","Pica pica","1",0.226951,0,0,0
"38","Streptopelia decaocto","1",21.316498,0,0,0
"38","Sylvia atricapilla","4",38.228483,0,0,0
"38","Turdus merula","4",20.711297,0,0,0
"39","Emberiza cirlus","1",1.470973,0,0,0
"39","Fringilla coelebs","1",1.714734,0,0,0
"39","Garrulus glandarius","1",1.13475,0,0,0
"39","Phylloscopus collybita","1",4.757547,0,0,0
"39","Streptopelia decaocto","1",4.984497,0,0,0
"39","Sylvia atricapilla","4",16.483301,0,0,0
"39","Turdus merula","1",6.732853,0,0,0
"39","Turdus merula","4",27.191981,0,0,0
"4","Aegithalos caudatus","1",0.327817,0,0,0
"4","Aegithalos caudatus","4",10.548977,0,0,0
"4","Curruca communis","4",2.967162,0,0,0
"4","Luscinia megarhynchos","4",59.94004,53.94004,0.93365328,0.899899966700056
"4","Streptopelia decaocto","1",2.370368,0,0,0
"4","Sylvia atricapilla","4",15.146818,0,0,0
"4","Turdus merula","1",0.521145,0,0,0
"4","Turdus merula","4",46.827369,0,0,0
"40","Luscinia megarhynchos","1",27.284443,0,0,0
"40","Luscinia megarhynchos","2",5.438396,0,0,0
"41","Corvus corone","1",2.504856,0,0,0
"41","Corvus corone","4",4.90884600000001,0,0,0
"41","Cyanistes caeruleus","1",2.219067,0,0,0
"41","Cyanistes caeruleus","4",18.609907,0,0,0
"41","Emberiza citrinella","1",2.967162,0,0,0
"41","Emberiza citrinella","4",6.699231,0,0,0
"41","Oriolus oriolus","1",4.244809,0,0,0
"41","Oriolus oriolus","4",0.638823000000002,0,0,0
"41","Phasianus colchicus","1",0.899394999999998,0,0,0
"41","Phoenicurus ochruros","1",2.219068,0,0,0
"41","Phoenicurus ochruros","4",2.050956,0,0,0
"41","Sylvia atricapilla","1",6.749664,1.261058,0.40950477,0.186832707524404
"41","Sylvia atricapilla","2",4.539002,0,0,0
"41","Sylvia atricapilla","4",26.897788,4.705544,0.195508366666667,0.174941671783568
"41","Turdus merula","1",1.756762,0,0,0
"41","Turdus philomelos","1",2.19385,0,0,0
"42","Curruca communis","1",1.017072,0,0,0
"42","Parus major","1",2.883107,0,0,0
"42","Parus major","4",3.429468,0,0,0
"42","Passer domesticus","1",5.55607400000001,0,0,0
"42","Passer domesticus","4",5.749402,0,0,0
"42","Phylloscopus collybita","1",2.513262,0,0,0
"42","Phylloscopus collybita","4",20.038852,0,0,0
"42","Sylvia atricapilla","1",6.161276,0,0,0
"43","Luscinia megarhynchos","1",7.13632,0,0,0
"43","Otus scops","1",58.334579,0,0,0
"44","Alauda arvensis","4",29.705245,0,0,0
"44","Corvus corone","1",8.809026,0,0,0
"44","Corvus corone","4",1.70632800000001,0,0,0
"44","Curruca communis","4",1.403729,0,0,0
"44","Cyanistes caeruleus","1",2.723401,0,0,0
"44","Cyanistes caeruleus","4",9.582338,0,0,0
"44","Emberiza calandra","1",4.219591,0,0,0
"44","Emberiza calandra","2",3.185706,0,0,0
"44","Emberiza calandra","4",14.861029,1.51457,0.133947591666667,0.101915553761452
"44","Emberiza citrinella","4",11.465183,0,0,0
"44","Galerida cristata","4",2.387179,0,0,0
"44","Hippolais polyglotta","4",5.875486,0,0,0
"44","Lullula arborea","4",11.490399,0,0,0
"44","Luscinia megarhynchos","4",16.911984,0,0,0
"44","Oriolus oriolus","1",1.412134,0,0,0
"44","Phasianus colchicus","1",0.773311,0,0,0
"44","Streptopelia decaocto","1",18.458607,0,0,0
"44","Sylvia atricapilla","4",7.833982,0,0,0
"45","Corvus corone","1",5.42999099999999,0,0,0
"45","Emberiza calandra","1",21.42577,2.462828,0.07335173,0.114947000737896
"45","Emberiza citrinella","1",2.067768,0,0,0
"45","Sylvia atricapilla","1",17.702106,0,0,0
"47","Alauda arvensis","1",0.302600000000002,0,0,0
"47","Alauda arvensis","4",9.632771,0,0,0
"47","Emberiza calandra","1",0.899395,0,0,0
"47","Emberiza calandra","4",31.604901,15.497385,0.4590999055,0.490347525530929
"47","Parus major","4",5.177824,0,0,0
"47","Passer domesticus","1",0.285789,0,0,0
"47","Streptopelia decaocto","1",15.40739,0,0,0
"47","Sylvia atricapilla","4",52.971832,0,0,0
"47","Turdus merula","4",1.840817,0,0,0
"48","Curruca communis","1",0.958234,0,0,0
"48","Curruca communis","4",1.403728,0,0,0
"48","Emberiza calandra","1",3.00919,0,0,0
"48","Emberiza calandra","4",8.758591,0,0,0
"48","Passer domesticus","4",30.377689,0,0,0
"48","Sylvia atricapilla","1",5.749401,0,0,0
"48","Sylvia atricapilla","4",4.656679,0,0,0
"49","Chloris chloris","1",3.412656,0,0,0
"49","Chloris chloris","4",0.983450000000003,0,0,0
"49","Cyanistes caeruleus","1",1.706329,0,0,0
"49","Fringilla coelebs","4",4.438135,0,0,0
"49","Sylvia atricapilla","1",4.001046,0,0,0
"49","Sylvia atricapilla","4",28.032538,0,0,0
"49","Turdus merula","1",8.388747,0,0,0
"49","Turdus merula","4",13.070645,0,0,0
"5","Luscinia megarhynchos","4",59.998879,0,0,0
"5","Otus scops","1",17.576024,0,0,0
"5","Otus scops","2",4.093507,0,0,0
"5","Otus scops","3",3.984235,0,0,0
"51","Emberiza calandra","1",10.515356,0,0,0
"51","Emberiza calandra","2",2.193851,0,0,0
"51","Emberiza calandra","4",1.101128,0,0,0
"51","Parus major","1",3.076434,0,0,0
"51","Parus major","4",28.520061,0,0,0
"51","Sylvia atricapilla","1",3.303385,0,0,0
"51","Sylvia atricapilla","2",2.916729,0,0,0
"51","Sylvia atricapilla","4",25.989988,0,0,0
"51","Turdus merula","1",3.236141,0,0,0
"52","Emberiza calandra","1",1.412134,0,0,0
"52","Sylvia atricapilla","1",11.574454,0,0,0
"52","Sylvia atricapilla","4",3.000785,0,0,0
"53","Luscinia megarhynchos","1",1.563434,0,0,0
"54","Emberiza calandra","1",10.515356,0,0,0
"54","Emberiza calandra","2",2.193851,0,0,0
"54","Parus major","1",3.076434,0,0,0
"54","Parus major","4",28.520061,0,0,0
"54","Sylvia atricapilla","1",3.303385,0,0,0
"54","Sylvia atricapilla","2",2.916729,0,0,0
"54","Sylvia atricapilla","4",25.989988,0,0,0
"54","Turdus merula","1",1.605462,0,0,0
"55","Garrulus glandarius","1",0.916206000000002,0,0,0
"55","Lullula arborea","4",59.923229,6,0.78197645,0.100128115592703
"55","Passer domesticus","1",1.336484,0,0,0
"55","Turdus merula","1",2.47964,0,0,0
"55","Turdus merula","4",8.825837,0,0,0
"57","Certhia brachydactyla","1",3.765691,0,0,0
"57","Certhia brachydactyla","4",1.622274,0.788778000000001,0.305739285,0.486217494701882
"57","Columba oenas","1",17.643267,0,0,0
"57","Corvus corone","1",5.236662,0,0,0
"57","Corvus corone","4",28.637739,0,0,0
"57","Cyanistes caeruleus","1",1.302861,0,0,0
"57","Cyanistes caeruleus","4",8.212231,0,0,0
"57","Sylvia atricapilla","1",1.201995,1.201995,0.77627414,1
"57","Sylvia atricapilla","4",56.570532,21,0.776002421428571,0.37121800445504
"57","Troglodytes troglodytes","4",29.553945,0,0,0
"57","Turdus merula","4",3.580769,0,0,0
"57","Turdus viscivorus","1",1.34489,0,0,0
"58","Luscinia megarhynchos","1",20.417103,4.712156,0.14929387,0.230794545141884
"59","Corvus corone","4",0.564292999999999,0,0,0
"59","Emberiza citrinella","1",3.068029,0,0,0
"59","Lullula arborea","1",1.504595,0,0,0
"59","Luscinia megarhynchos","1",6.245331,0,0,0
"59","Luscinia megarhynchos","4",21.089549,0,0,0
"59","Oriolus oriolus","1",0.689256,0,0,0
"59","Oriolus oriolus","4",0.630415999999997,0,0,0
"59","Phasianus colchicus","1",0.840555999999999,0,0,0
"59","Phylloscopus collybita","1",5.076958,0,0,0
"59","Phylloscopus collybita","4",6.203302,0,0,0
"59","Sylvia atricapilla","1",1.31967299999999,0,0,0
"59","Sylvia atricapilla","4",11.137366,0,0,0
"59","Turdus merula","1",2.059361,0,0,0
"59","Turdus merula","4",4.068289,0,0,0
"6","Aegithalos caudatus","1",0.739688999999998,0,0,0
"6","Certhia brachydactyla","4",1.420539,0,0,0
"6","Columba palumbus","1",5.320718,0,0,0
"6","Corvus corone","1",1.084317,0,0,0
"6","Corvus corone","4",15.852885,0,0,0
"6","Curruca communis","1",0.781716999999999,0,0,0
"6","Emberiza calandra","4",0.848960999999996,0,0,0
"6","Jynx torquilla","4",38.02675,30.18313,0.902548833571429,0.793734147672362
"6","Luscinia megarhynchos","4",47.155185,0,0,0
"6","Oriolus oriolus","1",1.49619,0,0,0
"6","Oriolus oriolus","4",1.386917,0,0,0
"6","Parus major","4",29.049612,0,0,0
"60","Luscinia megarhynchos","1",22.871526,0.958458,0.0475239671428571,0.0419061675202608
"61","Luscinia megarhynchos","1",59.460923,0,0,0
"61","Otus scops","1",42.767483,0,0,0
"62","Alauda arvensis","4",59.982068,0,0,0
"62","Alectoris rufa","1",2.109795,0,0,0
"62","Corvus corone","1",2.034145,0,0,0
"62","Curruca communis","4",8.741781,0,0,0
"62","Emberiza calandra","1",10.708682,0,0,0
"62","Emberiza calandra","4",7.085886,0,0,0
"62","Luscinia megarhynchos","4",2.664563,0,0,0
"62","Passer domesticus","1",0.210138999999998,0,0,0
"62","Sylvia atricapilla","4",6.304169,0,0,0
"62","Turdus merula","4",3.15208499999999,0,0,0
"63","Curruca communis","1",4.934063,0,0,0
"63","Curruca communis","4",5.20304,0,0,0
"63","Emberiza calandra","1",6.758069,0,0,0
"63","Emberiza calandra","2",13.003399,0,0,0
"63","Emberiza calandra","4",1.731545,0,0,0
"63","Passer domesticus","1",9.72523099999998,0,0,0
"63","Passer domesticus","2",0.857367000000004,0,0,0
"63","Passer domesticus","4",0.437089,0,0,0
"63","Sylvia atricapilla","1",31.293896,0,0,0
"63","Sylvia atricapilla","4",3.732068,0,0,0
"63","Turdus merula","1",3.345411,0,0,0
"64","Luscinia megarhynchos","2",59.898013,0,0,0
"65","Alauda arvensis","4",55.779288,0,0,0
"65","Corvus corone","4",2.983974,0,0,0
"65","Emberiza calandra","1",5.530857,0,0,0
"65","Emberiza calandra","4",3.337007,0,0,0
"65","Erithacus rubecula","1",1.235617,0,0,0
"65","Luscinia megarhynchos","4",2.168634,0,0,0
"65","Passer domesticus","1",1.067506,0,0,0
"65","Passer domesticus","4",26.065638,0,0,0
"65","Pica pica","4",5.690564,0,0,0
"65","Sylvia atricapilla","4",22.552115,0,0,0
"65","Turdus merula","1",0.941423,0,0,0
"65","Turdus merula","4",5.043335,0,0,0
"66","Curruca communis","4",4.001046,0,0,0
"66","Passer domesticus","1",53.383704,11.803982,0.64899745,0.221115829654683
"66","Sylvia atricapilla","1",2.580506,0,0,0
"66","Sylvia atricapilla","4",14.869434,0,0,0
"66","Turdus merula","1",4.101913,0,0,0
"66","Turdus merula","4",10.137104,0,0,0
"67","Luscinia megarhynchos","1",5.060146,1.680327,0.25660058,0.332070853291585
"67","Luscinia megarhynchos","2",36.286799,0,0,0
"68","Corvus corone","1",21.308092,0,0,0
"68","Coturnix coturnix","4",12.515878,3.586036,0.249072923333333,0.286518932191573
"68","Curruca communis","1",0.748094000000002,0,0,0
"68","Curruca communis","2",3.38744000000001,0,0,0
"68","Curruca communis","4",8.977135,0,0,0
"68","Emberiza calandra","1",2.462829,0,0,0
"68","Emberiza calandra","4",1.412134,0,0,0
"68","Luscinia megarhynchos","1",8.262666,0,0,0
"68","Luscinia megarhynchos","4",5.085363,0,0,0
"68","Oriolus oriolus","1",1.059101,0,0,0
"68","Saxicola rubicola","4",0.647228,0,0,0
"68","Streptopelia decaocto","2",11.599671,0,0,0
"68","Streptopelia decaocto","3",17.172557,0,0,0
"68","Sylvia atricapilla","1",1.790384,0,0,0
"68","Sylvia atricapilla","4",13.709465,0,0,0
"68","Turdus merula","1",3.74047300000001,0,0,0
"68","Turdus merula","4",7.178347,0,0,0
"69","Curruca communis","1",9.05278700000001,0,0,0
"69","Curruca communis","4",8.111365,0,0,0
"69","Emberiza calandra","1",3.278168,0,0,0
"69","Emberiza calandra","4",1.227212,0,0,0
"69","Luscinia megarhynchos","4",1.235617,0,0,0
"69","Milvus migrans","1",10.691871,0,0,0
"69","Milvus migrans","4",7.808764,0,0,0
"69","Oriolus oriolus","1",0.588388999999999,0,0,0
"69","Passer domesticus","1",0.445495,0,0,0
"69","Passer domesticus","4",10.195943,0,0,0
"69","Sylvia atricapilla","1",7.052263,0,0,0
"69","Sylvia atricapilla","4",12.515878,0,0,0
"69","Turdus merula","4",1.924873,0,0,0
"7","Luscinia megarhynchos","1",1.075911,0,0,0
"70","Erithacus rubecula","1",1.311267,0,0,0
"70","Phylloscopus collybita","1",4.555813,0,0,0
"70","Sylvia atricapilla","1",6.152869,0,0,0
"70","Turdus merula","1",4.387702,0,0,0
"70","Turdus merula","4",1.386918,0,0,0
"72","Curruca communis","1",5.883889,0,0,0
"72","Curruca communis","4",1.008667,0,0,0
"72","Garrulus glandarius","4",2.656156,0,0,0
"72","Regulus ignicapilla","1",10.036237,5.060146,0.305370066666667,0.504187575482723
"72","Regulus ignicapilla","4",4.555813,1.593918,0.42909075,0.34986466740404
"72","Sylvia atricapilla","1",9.985804,0,0,0
"72","Sylvia atricapilla","4",23.132099,0,0,0
"72","Troglodytes troglodytes","4",10.624627,9.973252,0.7602959275,0.938691965374408
"73","Luscinia megarhynchos","1",13.600195,0,0,0
"73","Luscinia megarhynchos","2",43.137328,0,0,0
"74","Corvus corone","1",1.924873,0,0,0
"74","Corvus corone","4",2.034145,0,0,0
"74","Corvus monedula","4",1.025479,0,0,0
"74","Coturnix coturnix","4",16.27316,0,0,0
"74","Cuculus canorus","4",51.761432,0,0,0
"74","Curruca communis","4",15.373769,0,0,0
"74","Cyanistes caeruleus","1",0.647228000000005,0,0,0
"74","Cyanistes caeruleus","4",43.187761,0,0,0
"74","Emberiza calandra","1",1.866034,0,0,0
"74","Emberiza calandra","4",7.89281999999999,0,0,0
"74","Luscinia megarhynchos","1",1.218806,0,0,0
"74","Luscinia megarhynchos","4",11.397938,0,0,0
"74","Oriolus oriolus","1",0.479117,0,0,0
"74","Phasianus colchicus","4",0.764906000000002,0,0,0
"74","Streptopelia decaocto","4",31.436791,0,0,0
"74","Sylvia atricapilla","4",48.138636,0,0,0
"74","Turdus merula","4",10.995591,0,0,0
"75","Corvus corone","1",4.631463,0,0,0
"75","Corvus corone","4",16.180702,0,0,0
"75","Curruca communis","4",15.356956,0,0,0
"75","Cyanistes caeruleus","1",7.791954,0,0,0
"75","Luscinia megarhynchos","1",1.33648400000001,0,0,0
"75","Luscinia megarhynchos","4",25.527681,0,0,0
"75","Phasianus colchicus","4",1.117939,0,0,0
"75","Pica pica","1",0.899394999999998,0,0,0
"75","Pica pica","4",1.403729,0,0,0
"75","Sylvia atricapilla","4",22.10662,0,0,0
"75","Turdus merula","4",18.954535,0,0,0
"77","Chloris chloris","1",1.40372799999999,0,0,0
"77","Chloris chloris","4",3.219329,0,0,0
"77","Emberiza citrinella","1",1.689518,0,0,0
"77","Emberiza citrinella","4",3.471495,0,0,0
"77","Erithacus rubecula","4",1.781979,0,0,0
"77","Hippolais polyglotta","4",10.397677,0,0,0
"77","Sylvia atricapilla","1",3.185707,0,0,0
"77","Sylvia atricapilla","4",34.294681,0,0,0
"77","Troglodytes troglodytes","1",4.850007,0,0,0
"77","Troglodytes troglodytes","4",14.188584,0,0,0
"78","Erithacus rubecula","1",5.56448,0,0,0
"78","Erithacus rubecula","4",12.759638,0,0,0
"78","Sylvia atricapilla","1",7.010237,0,0,0
"78","Sylvia atricapilla","4",33.46253,0,0,0
"78","Troglodytes troglodytes","4",17.449942,0,0,0
"79","Corvus corone","1",5.90910800000001,0,0,0
"79","Luscinia megarhynchos","1",2.160228,0,0,0
"79","Sturnus vulgaris","4",13.280783,0,0,0
"79","Sylvia atricapilla","1",3.740473,0,0,0
"79","Sylvia atricapilla","4",0.983449999999998,0,0,0
"79","Turdus merula","1",1.479379,0,0,0
"79","Turdus merula","4",1.933278,0,0,0
"8","Columba palumbus","1",5.186229,0,0,0
"8","Dendrocopos major","4",0.117677999999998,0,0,0
"8","Emberiza cirlus","1",0.815340000000001,0,0,0
"8","Emberiza cirlus","4",8.809025,0,0,0
"8","Emberiza citrinella","1",1.571839,0,0,0
"8","Emberiza citrinella","4",3.832935,0,0,0
"8","Erithacus rubecula","4",7.985281,0,0,0
"8","Hippolais polyglotta","4",44.616706,6,0.297828425,0.134478775730328
"8","Oriolus oriolus","1",2.39558499999999,0,0,0
"8","Oriolus oriolus","2",6.631986,0,0,0
"8","Oriolus oriolus","4",4.04307400000001,0,0,0
"8","Streptopelia turtur","1",7.296025,0,0,0
"8","Sylvia atricapilla","4",3.143679,0,0,0
"8","Turdus merula","4",4.429729,0,0,0
"80","Luscinia megarhynchos","1",16.634601,0,0,0
"80","Luscinia megarhynchos","2",17.895436,0,0,0
"81","Corvus corone","4",1.941684,0,0,0
"81","Coturnix coturnix","4",1.294456,0,0,0
"81","Cyanistes caeruleus","1",1.2104,0,0,0
"81","Cyanistes caeruleus","2",1.630678,0,0,0
"81","Cyanistes caeruleus","4",30.184361,0,0,0
"81","Emberiza citrinella","1",3.093246,0,0,0
"81","Emberiza citrinella","4",0.638822999999999,0,0,0
"81","Erithacus rubecula","4",5.463614,0,0,0
"81","Lullula arborea","4",3.732069,0,0,0
"81","Luscinia megarhynchos","4",2.757024,0,0,0
"81","Periparus ater","1",0.790123000000001,0,0,0
"81","Phoenicurus ochruros","4",4.034669,0,0,0
"81","Streptopelia turtur","1",8.19542,0,0,0
"81","Sylvia atricapilla","4",31.251867,0,0,0
"81","Turdus merula","4",52.122869,0,0,0
"83","Certhia brachydactyla","1",4.06829099999999,0,0,0
"83","Corvus corone","1",7.985279,0,0,0
"83","Curruca communis","4",1.168373,0,0,0
"83","Oriolus oriolus","1",0.958234000000001,0,0,0
"83","Oriolus oriolus","4",1.092723,0,0,0
"83","Parus major","1",1.092723,0,0,0
"83","Parus major","4",1.824006,0,0,0
"83","Sylvia atricapilla","1",8.540048,0,0,0
"83","Sylvia atricapilla","4",34.420763,0,0,0
"84","Oriolus oriolus","1",1.748356,0.890988999999999,0.350040465,0.50961531861932
"84","Oriolus oriolus","4",0.638822000000005,0,0,0
"84","Sylvia atricapilla","4",56.989689,0,0,0
"85","Luscinia megarhynchos","1",19.980013,1.250635,0.07545957,0.0625943036173199
"86","Columba palumbus","1",8.977137,0,0,0
"86","Curruca communis","1",1.462568,0,0,0
"86","Curruca communis","4",5.606508,0,0,0
"86","Emberiza calandra","1",2.420801,2.003213,0.93494034,0.827500071257406
"86","Emberiza calandra","4",12.129222,7.077481,0.377167667142857,0.583506592591018
"86","Lullula arborea","4",3.597579,0,0,0
"86","Luscinia megarhynchos","4",58.72964,1.72964,0.6675612,0.0294508871499979
"86","Streptopelia turtur","1",29.032801,17.727548,0.815541928333333,0.610604123246668
"86","Sylvia atricapilla","4",32.243723,0,0,0
"86","Turdus merula","1",1.748357,0,0,0
"86","Turdus merula","4",5.841863,0,0,0
"87","Columba palumbus","1",5.076957,0,0,0
"87","Curruca communis","1",1.344889,0,0,0
"87","Emberiza calandra","1",1.050695,0,0,0
"87","Emberiza citrinella","4",11.103743,0,0,0
"87","Luscinia megarhynchos","1",9.262926,0,0,0
"87","Luscinia megarhynchos","4",2.61412900000001,0,0,0
"87","Sylvia atricapilla","1",8.052526,0,0,0
"87","Sylvia atricapilla","4",14.239016,0,0,0
"87","Turdus merula","1",3.547145,0,0,0
"87","Turdus merula","4",2.345151,0,0,0
"88","Luscinia megarhynchos","1",0.949828000000004,0,0,0
"89","Corvus corone","1",1.87444,0,0,0
"89","Curruca communis","1",7.649058,0,0,0
"89","Curruca communis","2",2.017334,0,0,0
"89","Curruca communis","4",3.471497,0,0,0
"89","Luscinia megarhynchos","1",2.109796,0,0,0
"89","Parus major","4",1.294456,0,0,0
"89","Streptopelia decaocto","1",19.761469,0,0,0
"89","Streptopelia decaocto","2",16.886768,0,0,0
"89","Sylvia atricapilla","1",3.858151,0,0,0
"9","Columba palumbus","1",24.855237,0,0,0
"9","Curruca communis","4",7.405297,0,0,0
"9","Erithacus rubecula","1",1.975307,0,0,0
"9","Erithacus rubecula","4",2.252689,0,0,0
"9","Hippolais polyglotta","4",40.985505,9,0.496731683333333,0.21958982815998
"9","Phylloscopus bonelli","1",0.605200000000004,0,0,0
"9","Phylloscopus bonelli","4",0.554766999999998,0,0,0
"9","Phylloscopus collybita","4",6.371414,0,0,0
"9","Sylvia atricapilla","1",3.505118,0,0,0
"9","Sylvia atricapilla","4",17.046474,0,0,0
"9","Turdus merula","1",5.245068,0,0,0
"9","Turdus merula","4",14.726537,0,0,0
"90","Corvus corone","1",1.983712,0,0,0
"90","Corvus corone","4",2.244285,0,0,0
"90","Curruca communis","1",9.447849,0,0,0
"90","Curruca communis","4",7.001831,0,0,0
"90","Luscinia megarhynchos","1",1.563434,0,0,0
"90","Sylvia atricapilla","1",1.529812,0,0,0
"90","Sylvia atricapilla","4",2.588912,0,0,0
"91","Luscinia megarhynchos","1",6.388224,0,0,0
"92","Cyanistes caeruleus","1",0.722878000000001,0,0,0
"92","Cyanistes caeruleus","4",0.823745000000001,0,0,0
"92","Dendrocopos major","1",3.387441,1.622273,0.403734165,0.478908119728137
"92","Erithacus rubecula","1",1.546623,0,0,0
"92","Fringilla coelebs","4",19.433651,0,0,0
"92","Phylloscopus collybita","4",2.277906,0,0,0
"92","Sylvia atricapilla","1",1.622273,0,0,0
"92","Sylvia atricapilla","4",36.009415,0,0,0
"92","Turdus merula","1",2.773833,0,0,0
"92","Turdus merula","4",8.682942,0,0,0
"92","Turdus philomelos","1",2.378773,0,0,0
"92","Turdus philomelos","4",4.875224,0,0,0
"93","Erithacus rubecula","1",4.934063,0,0,0
"93","Erithacus rubecula","4",2.496451,0,0,0
"93","Fringilla coelebs","1",0.243760999999999,0,0,0
"93","Fringilla coelebs","4",4.513787,0,0,0
"93","Parus major","4",10.137104,0,0,0
"93","Phylloscopus collybita","1",7.480948,0,0,0
"93","Phylloscopus collybita","4",17.416317,0,0,0
"93","Sylvia atricapilla","1",3.555552,0,0,0
"93","Sylvia atricapilla","4",10.624626,0,0,0
"93","Turdus merula","1",5.076958,0,0,0
"93","Turdus philomelos","4",12.288927,0,0,0
"95","Cyanistes caeruleus","1",1.159967,0,0,0
"95","Cyanistes caeruleus","4",14.104527,0,0,0
"95","Dendrocopos major","1",2.311528,0,0,0
"95","Erithacus rubecula","4",37.463575,0,0,0
"95","Fringilla coelebs","4",1.529812,0,0,0
"95","Phylloscopus collybita","4",15.18044,0,0,0
"95","Troglodytes troglodytes","4",28.696578,0,0,0
"95","Turdus merula","1",5.523572,0,0,0
"95","Turdus merula","4",26.662429,0,0,0
"95","Turdus philomelos","4",48.424427,5.100606,0.31111165,0.105331261844358
"96","Erithacus rubecula","1",42.910378,11.075165,0.453239925,0.258099916994439
"96","Regulus ignicapilla","1",1.302861,0,0,0
"97","Coturnix coturnix","1",3.042813,0,0,0
"97","Coturnix coturnix","4",18.878886,0,0,0
"97","Luscinia megarhynchos","1",8.245853,0,0,0
"97","Luscinia megarhynchos","4",29.091639,0,0,0
"98","Anthus trivialis","4",18.28209,2.77193,0.311908606,0.151619973427546
"98","Columba palumbus","1",8.170203,0,0,0
"98","Curruca communis","1",3.101651,0,0,0
"98","Curruca communis","4",16.197513,0,0,0
"98","Emberiza cirlus","4",6.405038,0,0,0
"98","Phasianus colchicus","1",0.672445,0,0,0
"98","Phylloscopus collybita","4",20.417102,2.6974,0.0938430433333333,0.132114734010733
"98","Pica pica","1",0.302599999999998,0,0,0
"98","Pica pica","4",5.354341,0,0,0
"98","Streptopelia decaocto","1",1.193589,0,0,0
"98","Sylvia atricapilla","4",9.943777,0,0,0
"98","Turdus merula","4",19.273948,0,0,0
"99","Anthus trivialis","4",14.012067,1.994023,0.15506072,0.142307555337838
"99","Phylloscopus collybita","1",0.588389,0,0,0
"99","Phylloscopus collybita","4",22.375598,9.073521,0.483927129,0.405509653864893
"99","Sylvia atricapilla","1",3.446279,0,0,0
"99","Sylvia atricapilla","4",11.515615,0,0,0
