"recording_id","initial_time","final_time","species","confidence","correct_identification"
"1","24","27","Strix aluco","0.8891625","TRUE"
"1","30","33","Strix aluco","0.9538506","TRUE"
"1","33","36","Strix aluco","0.10010756","TRUE"
"1","45","48","Strix aluco","0.18046726","TRUE"
"1","48","51","Strix aluco","0.23051988","TRUE"
"1","54","57","Strix aluco","0.14756966","TRUE"
"2","24","27","Coturnix coturnix","0.10700465","FALSE"
"2","42","45","Hippolais polyglotta","0.12656549","FALSE"
"3","30","33","Luscinia megarhynchos","0.14037617","TRUE"
"3","39","42","Luscinia megarhynchos","0.12800938","TRUE"
"3","48","51","Luscinia megarhynchos","0.14880209","TRUE"
"3","54","57","Luscinia megarhynchos","0.123943016","TRUE"
"4","0","3","Luscinia megarhynchos","0.9077294","TRUE"
"4","3","6","Luscinia megarhynchos","0.3148355","TRUE"
"4","6","9","Luscinia megarhynchos","0.6972261","TRUE"
"4","9","12","Luscinia megarhynchos","0.99389464","TRUE"
"4","12","15","Luscinia megarhynchos","0.99975973","TRUE"
"4","15","18","Luscinia megarhynchos","0.97095346","TRUE"
"4","18","21","Luscinia megarhynchos","0.87121457","TRUE"
"4","21","24","Luscinia megarhynchos","0.937416","TRUE"
"4","24","27","Luscinia megarhynchos","0.9902754","TRUE"
"4","27","30","Luscinia megarhynchos","0.96445644","TRUE"
"4","30","33","Luscinia megarhynchos","0.9684739","TRUE"
"4","33","36","Luscinia megarhynchos","0.99565035","TRUE"
"4","36","39","Luscinia megarhynchos","0.9782948","TRUE"
"4","42","45","Luscinia megarhynchos","0.8978575","TRUE"
"4","45","48","Luscinia megarhynchos","0.9871951","TRUE"
"4","48","51","Luscinia megarhynchos","0.7365499","TRUE"
"4","51","54","Luscinia megarhynchos","0.98187125","TRUE"
"4","54","57","Luscinia megarhynchos","0.9816056","TRUE"
"4","57","60","Luscinia megarhynchos","0.9453349","TRUE"
"5","3","6","Luscinia megarhynchos","0.18147078","TRUE"
"5","27","30","Columba palumbus","0.11945601","FALSE"
"5","30","33","Luscinia megarhynchos","0.13207501","TRUE"
"5","45","48","Luscinia megarhynchos","0.23624797","TRUE"
"5","51","54","Ixobrychus minutus","0.22948727","FALSE"
"5","51","54","Columba palumbus","0.12693256","FALSE"
"5","54","57","Luscinia megarhynchos","0.4760263","TRUE"
"6","0","3","Jynx torquilla","0.79762393","TRUE"
"6","3","6","Jynx torquilla","0.963781","TRUE"
"6","6","9","Jynx torquilla","0.9982078","TRUE"
"6","9","12","Jynx torquilla","0.5506031","TRUE"
"6","12","15","Jynx torquilla","0.9702223","TRUE"
"6","15","18","Parus major","0.3469931","TRUE"
"6","18","21","Jynx torquilla","0.9955556","TRUE"
"6","21","24","Jynx torquilla","0.9803413","TRUE"
"6","24","27","Jynx torquilla","0.93212056","TRUE"
"6","27","30","Jynx torquilla","0.1108599","TRUE"
"6","30","33","Jynx torquilla","0.9916249","FALSE"
"6","33","36","Jynx torquilla","0.586917","TRUE"
"6","36","39","Jynx torquilla","0.30970308","TRUE"
"6","39","42","Jynx torquilla","0.99707043","TRUE"
"6","42","45","Luscinia megarhynchos","0.44414517","TRUE"
"6","45","48","Jynx torquilla","0.9334525","TRUE"
"6","48","51","Jynx torquilla","0.99646616","TRUE"
"6","51","54","Luscinia megarhynchos","0.21923982","TRUE"
"6","54","57","Jynx torquilla","0.9364258","TRUE"
"6","57","60","Luscinia megarhynchos","0.16807443","TRUE"
"7","24","27","Pica pica","0.1533619","FALSE"
"7","48","51","Rallus aquaticus","0.2029965","FALSE"
"8","0","3","Oriolus oriolus","0.10657217","TRUE"
"8","3","6","Emberiza cirlus","0.10487382","TRUE"
"8","6","9","Hippolais polyglotta","0.85974485","TRUE"
"8","9","12","Hippolais polyglotta","0.25118482","TRUE"
"8","12","15","Emberiza cirlus","0.23647043","TRUE"
"8","15","18","Hippolais polyglotta","0.9272257","TRUE"
"8","15","18","Sylvia borin","0.2865639","FALSE"
"8","18","21","Sylvia borin","0.55768937","FALSE"
"8","18","21","Hippolais polyglotta","0.5467642","TRUE"
"8","24","27","Oriolus oriolus","0.13056977","TRUE"
"8","33","36","Periparus ater","0.104011364","FALSE"
"8","39","42","Streptopelia turtur","0.53379613","TRUE"
"8","42","45","Hippolais polyglotta","0.26044083","TRUE"
"8","45","48","Hippolais polyglotta","0.48867124","TRUE"
"8","45","48","Sylvia borin","0.14274281","FALSE"
"8","48","51","Carduelis carduelis","0.13341774","FALSE"
"8","48","51","Sturnus unicolor","0.12311831","FALSE"
"8","57","60","Carduelis carduelis","0.12656924","FALSE"
"9","6","9","Hippolais polyglotta","0.12515435","TRUE"
"9","9","12","Columba palumbus","0.109992616","TRUE"
"9","12","15","Hippolais polyglotta","0.7271511","TRUE"
"9","12","15","Sylvia borin","0.19000392","FALSE"
"9","15","18","Columba palumbus","0.15290949","TRUE"
"9","18","21","Sylvia atricapilla","0.13847223","TRUE"
"9","24","27","Hippolais polyglotta","0.8150555","TRUE"
"9","24","27","Sylvia borin","0.2491593","FALSE"
"9","27","30","Hippolais polyglotta","0.7110324","TRUE"
"9","27","30","Sylvia borin","0.1254052","FALSE"
"9","39","42","Phylloscopus collybita","0.12544046","TRUE"
"9","39","42","Sylvia atricapilla","0.122693405","TRUE"
"9","39","42","Hippolais polyglotta","0.1122016","FALSE"
"9","39","42","Lullula arborea","0.102278545","FALSE"
"9","45","48","Phylloscopus bonelli","0.11151031","FALSE"
"9","48","51","Hippolais polyglotta","0.32909343","TRUE"
"9","54","57","Oriolus oriolus","0.12187844","FALSE"
"9","57","60","Sylvia atricapilla","0.18237185","TRUE"
"10","0","3","Saxicola rubicola","0.22526143","TRUE"
"10","9","12","Saxicola rubicola","0.32431045","TRUE"
"10","12","15","Saxicola rubicola","0.15849428","TRUE"
"10","15","18","Saxicola rubicola","0.401794","TRUE"
"10","21","24","Saxicola rubicola","0.49445575","TRUE"
"10","24","27","Saxicola rubicola","0.88554335","TRUE"
"10","27","30","Saxicola rubicola","0.1079806","TRUE"
"10","33","36","Picus viridis","0.72574216","TRUE"
"10","36","39","Saxicola rubicola","0.15696056","TRUE"
"10","42","45","Picus viridis","0.41361237","TRUE"
"10","48","51","Picus viridis","0.4345316","TRUE"
"10","48","51","Corvus monedula","0.13921952","FALSE"
"10","51","54","Picus viridis","0.3417452","TRUE"
"10","54","57","Picus viridis","0.9754719","TRUE"
"11","3","6","Luscinia megarhynchos","0.37663117","TRUE"
"11","9","12","Luscinia megarhynchos","0.71784675","TRUE"
"11","15","18","Luscinia megarhynchos","0.5486736","TRUE"
"11","18","21","Sitta europaea","0.118353926","FALSE"
"11","18","21","Dendrocoptes medius","0.11419374","FALSE"
"11","24","27","Luscinia megarhynchos","0.12548454","TRUE"
"11","36","39","Luscinia megarhynchos","0.103100285","TRUE"
"11","51","54","Lullula arborea","0.14078473","FALSE"
"12","0","3","Melanocorypha calandra","0.2461633","FALSE"
"12","0","3","Alauda arvensis","0.10008315","TRUE"
"12","24","27","Emberiza calandra","0.11676983","FALSE"
"12","36","39","Pica pica","0.7899273","TRUE"
"13","6","9","Coturnix coturnix","0.12468771","FALSE"
"13","18","21","Aythya ferina","0.1082167","FALSE"
"14","48","51","Ciconia ciconia","0.10894055","FALSE"
"15","0","3","Sylvia atricapilla","0.6485004","TRUE"
"15","9","12","Sylvia atricapilla","0.8749349","TRUE"
"15","12","15","Sylvia atricapilla","0.6666816","TRUE"
"15","24","27","Sylvia atricapilla","0.98229146","TRUE"
"15","33","36","Sylvia atricapilla","0.15301421","TRUE"
"15","36","39","Sylvia atricapilla","0.8568542","TRUE"
"15","45","48","Turdus philomelos","0.43001726","FALSE"
"15","48","51","Sylvia atricapilla","0.95513445","TRUE"
"15","51","54","Sylvia atricapilla","0.86322504","TRUE"
"16","18","21","Luscinia megarhynchos","0.17071815","TRUE"
"16","24","27","Luscinia megarhynchos","0.25313127","TRUE"
"17","3","6","Phylloscopus collybita","0.75577486","TRUE"
"17","6","9","Phylloscopus collybita","0.61046576","TRUE"
"17","12","15","Phylloscopus collybita","0.8356453","TRUE"
"17","15","18","Phylloscopus collybita","0.17995259","TRUE"
"17","18","21","Phylloscopus collybita","0.78734577","TRUE"
"17","18","21","Cettia cetti","0.18899159","FALSE"
"17","21","24","Phylloscopus collybita","0.55301785","TRUE"
"17","24","27","Sylvia atricapilla","0.1025642","TRUE"
"17","30","33","Phylloscopus collybita","0.15121612","TRUE"
"17","36","39","Phylloscopus collybita","0.5642929","TRUE"
"17","39","42","Phylloscopus collybita","0.7119056","TRUE"
"17","45","48","Phylloscopus collybita","0.49807116","TRUE"
"17","48","51","Phylloscopus collybita","0.39725378","TRUE"
"17","54","57","Phylloscopus collybita","0.8016366","TRUE"
"17","57","60","Phylloscopus collybita","0.6310265","TRUE"
"18","12","15","Sturnus unicolor","0.101979665","FALSE"
"18","30","33","Sturnus unicolor","0.13672458","FALSE"
"18","45","48","Luscinia megarhynchos","0.32176954","TRUE"
"18","48","51","Sturnus unicolor","0.10332881","FALSE"
"19","12","15","Merops apiaster","0.3377908","FALSE"
"19","27","30","Luscinia megarhynchos","0.14242733","TRUE"
"19","30","33","Luscinia megarhynchos","0.48937342","TRUE"
"19","54","57","Tringa nebularia","0.13283177","FALSE"
"20","6","9","Sylvia atricapilla","0.57316816","TRUE"
"20","9","12","Luscinia megarhynchos","0.288722","TRUE"
"20","12","15","Fringilla coelebs","0.11889924","TRUE"
"20","18","21","Luscinia megarhynchos","0.4168666","TRUE"
"20","18","21","Sylvia borin","0.1367867","FALSE"
"20","21","24","Sylvia atricapilla","0.5390929","TRUE"
"20","24","27","Phylloscopus bonelli","0.14401159","FALSE"
"20","27","30","Phylloscopus bonelli","0.10453606","FALSE"
"20","30","33","Sylvia atricapilla","0.40140715","TRUE"
"20","36","39","Sylvia atricapilla","0.33996826","TRUE"
"20","48","51","Sylvia atricapilla","0.10563118","TRUE"
"20","51","54","Sylvia atricapilla","0.15460269","TRUE"
"20","54","57","Phylloscopus bonelli","0.13167305","FALSE"
"21","18","21","Sylvia atricapilla","0.3611915","TRUE"
"21","36","39","Sylvia atricapilla","0.22724484","TRUE"
"21","39","42","Sylvia atricapilla","0.7925356","TRUE"
"21","39","42","Lullula arborea","0.19106868","FALSE"
"22","9","12","Ixobrychus minutus","0.70030105","FALSE"
"22","12","15","Ixobrychus minutus","0.10490704","FALSE"
"22","15","18","Ixobrychus minutus","0.34414294","FALSE"
"22","18","21","Lullula arborea","0.11117126","TRUE"
"22","24","27","Luscinia megarhynchos","0.7611348","TRUE"
"22","27","30","Luscinia megarhynchos","0.25681797","TRUE"
"22","27","30","Lullula arborea","0.12131076","TRUE"
"22","30","33","Luscinia megarhynchos","0.93006563","TRUE"
"22","33","36","Lullula arborea","0.5449851","TRUE"
"22","33","36","Luscinia megarhynchos","0.44351193","TRUE"
"22","36","39","Luscinia megarhynchos","0.12551701","TRUE"
"22","39","42","Luscinia megarhynchos","0.80462474","TRUE"
"22","39","42","Lullula arborea","0.16620518","TRUE"
"22","42","45","Lullula arborea","0.76373124","TRUE"
"22","45","48","Luscinia megarhynchos","0.8400582","TRUE"
"22","48","51","Luscinia megarhynchos","0.45832086","TRUE"
"22","51","54","Lullula arborea","0.121116355","TRUE"
"22","54","57","Luscinia megarhynchos","0.67825586","TRUE"
"22","54","57","Sylvia borin","0.63655573","FALSE"
"22","57","60","Lullula arborea","0.37076023","TRUE"
"23","6","9","Luscinia megarhynchos","0.17627114","TRUE"
"23","15","18","Luscinia megarhynchos","0.12869704","TRUE"
"23","21","24","Luscinia megarhynchos","0.59828997","TRUE"
"23","24","27","Luscinia megarhynchos","0.1818997","TRUE"
"23","27","30","Sylvia borin","0.109131485","FALSE"
"23","48","51","Merops apiaster","0.26278934","FALSE"
"23","57","60","Luscinia megarhynchos","0.1155456","TRUE"
"24","24","27","Streptopelia turtur","0.2384005","TRUE"
"24","33","36","Luscinia megarhynchos","0.22399734","TRUE"
"24","33","36","Hippolais polyglotta","0.17460488","FALSE"
"24","36","39","Sylvia borin","0.11995973","FALSE"
"24","36","39","Hippolais polyglotta","0.11258921","FALSE"
"24","42","45","Hippolais polyglotta","0.10628696","FALSE"
"24","51","54","Luscinia megarhynchos","0.6440318","TRUE"
"26","0","3","Turdus merula","0.6558645","TRUE"
"26","3","6","Turdus merula","0.77489734","TRUE"
"26","9","12","Turdus merula","0.9461842","TRUE"
"26","12","15","Sylvia borin","0.2573613","FALSE"
"26","12","15","Turdus merula","0.24554837","TRUE"
"26","15","18","Turdus merula","0.7885395","TRUE"
"26","18","21","Turdus merula","0.63906175","TRUE"
"26","24","27","Turdus merula","0.40281013","TRUE"
"26","30","33","Turdus merula","0.81397796","TRUE"
"26","36","39","Luscinia megarhynchos","0.41664866","TRUE"
"26","36","39","Turdus philomelos","0.14108987","FALSE"
"26","39","42","Turdus merula","0.9818091","TRUE"
"26","42","45","Milvus migrans","0.55695415","FALSE"
"26","42","45","Picus sharpei","0.28276727","FALSE"
"26","45","48","Turdus merula","0.5878411","TRUE"
"26","48","51","Turdus merula","0.401911","TRUE"
"26","51","54","Turdus merula","0.5622235","TRUE"
"26","54","57","Merops apiaster","0.5327082","FALSE"
"26","57","60","Turdus merula","0.44137707","TRUE"
"27","0","3","Hippolais polyglotta","0.22401981","FALSE"
"27","0","3","Sylvia borin","0.10976304","FALSE"
"27","6","9","Coturnix coturnix","0.10362007","FALSE"
"27","15","18","Hippolais polyglotta","0.15148419","FALSE"
"27","15","18","Coturnix coturnix","0.118963264","FALSE"
"27","21","24","Hippolais polyglotta","0.21582586","FALSE"
"27","24","27","Hippolais polyglotta","0.17980438","FALSE"
"27","30","33","Coturnix coturnix","0.1432774","FALSE"
"27","30","33","Hippolais polyglotta","0.117487535","FALSE"
"27","33","36","Hippolais polyglotta","0.2545767","FALSE"
"27","45","48","Coturnix coturnix","0.12634173","FALSE"
"27","48","51","Coturnix coturnix","0.11165876","FALSE"
"27","51","54","Coturnix coturnix","0.11376806","FALSE"
"28","3","6","Sylvia atricapilla","0.22590125","TRUE"
"28","3","6","Sylvia borin","0.19269657","FALSE"
"28","6","9","Phylloscopus bonelli","0.13067622","FALSE"
"28","9","12","Sylvia atricapilla","0.11075426","TRUE"
"28","9","12","Ficedula hypoleuca","0.10292502","FALSE"
"28","15","18","Sylvia atricapilla","0.7365512","TRUE"
"28","21","24","Sylvia atricapilla","0.50296295","TRUE"
"28","24","27","Sylvia atricapilla","0.24787943","TRUE"
"28","27","30","Sylvia atricapilla","0.3131436","TRUE"
"28","30","33","Phoenicurus phoenicurus","0.19687176","FALSE"
"28","51","54","Sylvia borin","0.18122327","FALSE"
"28","54","57","Hippolais polyglotta","0.15557553","FALSE"
"30","12","15","Phylloscopus bonelli","0.104060516","FALSE"
"30","30","33","Phylloscopus bonelli","0.14455287","FALSE"
"30","30","33","Sylvia atricapilla","0.110968314","TRUE"
"30","36","39","Columba palumbus","0.8431967","TRUE"
"30","39","42","Columba palumbus","0.32068804","TRUE"
"30","42","45","Columba palumbus","0.45656645","TRUE"
"30","45","48","Columba palumbus","0.20783031","TRUE"
"30","45","48","Columba oenas","0.10131822","FALSE"
"30","51","54","Phylloscopus bonelli","0.11853568","FALSE"
"31","42","45","Phylloscopus collybita","0.4113567","TRUE"
"34","36","39","Coturnix coturnix","0.8654889","TRUE"
"34","42","45","Luscinia megarhynchos","0.35987496","TRUE"
"34","45","48","Luscinia megarhynchos","0.21151304","TRUE"
"34","54","57","Luscinia megarhynchos","0.1609144","TRUE"
"35","0","3","Sylvia borin","0.25263208","FALSE"
"35","0","3","Sylvia atricapilla","0.2114735","TRUE"
"35","9","12","Sylvia atricapilla","0.14776464","TRUE"
"35","12","15","Sylvia atricapilla","0.67814183","TRUE"
"35","21","24","Sylvia atricapilla","0.68127614","TRUE"
"35","27","30","Streptopelia turtur","0.6335241","TRUE"
"35","27","30","Sylvia atricapilla","0.112239935","TRUE"
"35","30","33","Sylvia borin","0.12250647","FALSE"
"35","30","33","Turdus merula","0.11701056","TRUE"
"35","33","36","Phylloscopus bonelli","0.10339061","FALSE"
"35","36","39","Sylvia atricapilla","0.1457119","TRUE"
"35","39","42","Sylvia atricapilla","0.79677856","TRUE"
"35","39","42","Monticola solitarius","0.13876015","FALSE"
"35","42","45","Sturnus unicolor","0.19947872","FALSE"
"35","45","48","Sylvia borin","0.5760485","FALSE"
"35","45","48","Sylvia atricapilla","0.32684666","TRUE"
"35","48","51","Sylvia atricapilla","0.16085544","TRUE"
"35","51","54","Sylvia atricapilla","0.17250715","TRUE"
"35","54","57","Sylvia atricapilla","0.20577133","TRUE"
"35","54","57","Luscinia megarhynchos","0.12460968","FALSE"
"35","57","60","Sylvia atricapilla","0.6318688","TRUE"
"36","0","3","Sylvia atricapilla","0.97566426","TRUE"
"36","3","6","Corvus corone","0.12161856","TRUE"
"36","12","15","Sylvia atricapilla","0.96346295","TRUE"
"36","15","18","Sylvia atricapilla","0.82193106","TRUE"
"36","24","27","Lullula arborea","0.10505985","FALSE"
"36","27","30","Corvus corone","0.3650749","TRUE"
"36","33","36","Corvus corone","0.1343094","TRUE"
"36","42","45","Sylvia atricapilla","0.41280115","TRUE"
"36","45","48","Sylvia atricapilla","0.19807357","TRUE"
"36","51","54","Sylvia atricapilla","0.7062313","TRUE"
"36","57","60","Sylvia borin","0.14788815","FALSE"
"36","57","60","Hippolais polyglotta","0.13835393","FALSE"
"36","57","60","Luscinia megarhynchos","0.13779059","FALSE"
"36","57","60","Sylvia atricapilla","0.10809127","TRUE"
"37","3","6","Lullula arborea","0.1966813","TRUE"
"37","12","15","Lullula arborea","0.5179286","TRUE"
"37","12","15","Cuculus canorus","0.13226779","FALSE"
"37","15","18","Lullula arborea","0.69631344","TRUE"
"37","18","21","Lullula arborea","0.9248494","TRUE"
"37","42","45","Lullula arborea","0.110232435","TRUE"
"37","48","51","Lullula arborea","0.7618713","TRUE"
"37","54","57","Ixobrychus minutus","0.1284171","FALSE"
"38","0","3","Emberiza calandra","0.4218133","TRUE"
"38","6","9","Sylvia borin","0.11369367","FALSE"
"38","9","12","Linaria cannabina","0.19391488","FALSE"
"38","12","15","Sylvia atricapilla","0.47157797","TRUE"
"38","18","21","Emberiza calandra","0.21746078","TRUE"
"38","18","21","Luscinia megarhynchos","0.12996621","TRUE"
"38","21","24","Anthus trivialis","0.18410842","TRUE"
"38","24","27","Remiz pendulinus","0.11207793","FALSE"
"38","30","33","Sylvia atricapilla","0.33956587","TRUE"
"38","42","45","Sylvia atricapilla","0.29900622","TRUE"
"38","45","48","Sylvia atricapilla","0.118486166","TRUE"
"38","48","51","Emberiza citrinella","0.43116915","TRUE"
"38","54","57","Sylvia atricapilla","0.355649","TRUE"
"39","9","12","Turdus merula","0.1195797","TRUE"
"39","12","15","Buteo buteo","0.40322953","FALSE"
"39","15","18","Turdus viscivorus","0.16770937","FALSE"
"39","18","21","Turdus merula","0.103514865","TRUE"
"39","27","30","Turdus merula","0.103739046","TRUE"
"39","30","33","Turdus viscivorus","0.10627987","FALSE"
"39","33","36","Sylvia atricapilla","0.12808587","TRUE"
"39","36","39","Lullula arborea","0.40633884","FALSE"
"39","36","39","Sylvia atricapilla","0.19624189","TRUE"
"39","42","45","Sylvia atricapilla","0.13817047","TRUE"
"39","48","51","Lullula arborea","0.29496446","FALSE"
"41","0","3","Sylvia atricapilla","0.32863912","TRUE"
"41","3","6","Turdus viscivorus","0.64948803","FALSE"
"41","6","9","Sylvia atricapilla","0.3299109","TRUE"
"41","6","9","Oriolus oriolus","0.19002643","TRUE"
"41","9","12","Sylvia atricapilla","0.5381274","TRUE"
"41","18","21","Sylvia atricapilla","0.26623467","TRUE"
"41","27","30","Sylvia atricapilla","0.10010308","TRUE"
"41","30","33","Sylvia atricapilla","0.2603609","TRUE"
"41","30","33","Oriolus oriolus","0.24626546","TRUE"
"41","30","33","Phylloscopus bonelli","0.14137451","FALSE"
"41","33","36","Sylvia atricapilla","0.81900954","TRUE"
"41","39","42","Sylvia atricapilla","0.25993526","TRUE"
"41","39","42","Turdus viscivorus","0.11928568","FALSE"
"41","45","48","Sylvia atricapilla","0.42576286","TRUE"
"41","48","51","Sylvia atricapilla","0.6887261","TRUE"
"41","54","57","Sylvia atricapilla","0.5524581","TRUE"
"42","30","33","Erithacus rubecula","0.27887934","FALSE"
"43","0","3","Strix aluco","0.10833732","FALSE"
"44","3","6","Emberiza calandra","0.2908846","TRUE"
"44","6","9","Emberiza calandra","0.80368555","TRUE"
"44","9","12","Emberiza calandra","0.32472655","TRUE"
"44","15","18","Emberiza calandra","0.4897461","TRUE"
"44","18","21","Emberiza calandra","0.13720754","TRUE"
"44","27","30","Emberiza calandra","0.2470029","TRUE"
"44","36","39","Emberiza calandra","0.14388901","TRUE"
"44","39","42","Emberiza calandra","0.22907577","FALSE"
"44","42","45","Emberiza calandra","0.12178329","FALSE"
"44","54","57","Emberiza calandra","0.12847209","TRUE"
"45","0","3","Emberiza calandra","0.24986298","TRUE"
"45","21","24","Emberiza calandra","0.7335173","TRUE"
"45","27","30","Lullula arborea","0.21137206","FALSE"
"45","27","30","Galerida theklae","0.21064219","FALSE"
"45","30","33","Emberiza calandra","0.33625838","TRUE"
"45","39","42","Emberiza calandra","0.38969216","TRUE"
"45","48","51","Emberiza calandra","0.18268526","TRUE"
"45","51","54","Emberiza calandra","0.37958056","TRUE"
"45","54","57","Hippolais polyglotta","0.108011425","FALSE"
"45","57","60","Sylvia atricapilla","0.23741573","TRUE"
"46","15","18","Strix aluco","0.10046629","FALSE"
"47","0","3","Emberiza calandra","0.5371721","TRUE"
"47","6","9","Emberiza calandra","0.576581","TRUE"
"47","9","12","Emberiza calandra","0.46485275","TRUE"
"47","9","12","Serinus serinus","0.23757812","FALSE"
"47","12","15","Emberiza calandra","0.16457039","TRUE"
"47","15","18","Emberiza calandra","0.1194264","TRUE"
"47","18","21","Emberiza calandra","0.6963716","TRUE"
"47","18","21","Serinus serinus","0.11580888","FALSE"
"47","24","27","Emberiza calandra","0.72297734","TRUE"
"47","27","30","Emberiza calandra","0.3370815","TRUE"
"47","30","33","Serinus serinus","0.3411393","FALSE"
"47","30","33","Emberiza cirlus","0.18857828","FALSE"
"47","33","36","Emberiza calandra","0.31595454","TRUE"
"47","36","39","Emberiza calandra","0.76320297","TRUE"
"47","39","42","Emberiza calandra","0.9641216","TRUE"
"47","42","45","Emberiza calandra","0.13880387","TRUE"
"47","45","48","Emberiza calandra","0.8711594","TRUE"
"47","48","51","Emberiza calandra","0.24565081","TRUE"
"47","51","54","Emberiza calandra","0.86024743","TRUE"
"47","54","57","Emberiza calandra","0.407399","TRUE"
"47","57","60","Emberiza calandra","0.19181293","TRUE"
"48","45","48","Passer montanus","0.15205766","FALSE"
"48","48","51","Emberiza calandra","0.19869868","TRUE"
"48","57","60","Emberiza calandra","0.47769386","TRUE"
"49","21","24","Hippolais polyglotta","0.12174214","FALSE"
"49","39","42","Lullula arborea","0.111840665","FALSE"
"49","42","45","Chloris chloris","0.121381424","FALSE"
"49","51","54","Sylvia atricapilla","0.39603165","TRUE"
"49","57","60","Sylvia atricapilla","0.19794956","TRUE"
"51","0","3","Podiceps cristatus","0.16331816","FALSE"
"51","3","6","Turdus merula","0.7227468","FALSE"
"51","9","12","Turdus merula","0.9062462","FALSE"
"51","12","15","Turdus merula","0.117917694","FALSE"
"51","15","18","Turdus merula","0.66756517","FALSE"
"51","18","21","Turdus merula","0.49065265","FALSE"
"51","21","24","Turdus merula","0.8747684","FALSE"
"51","24","27","Acrocephalus arundinaceus","0.13473691","FALSE"
"51","33","36","Streptopelia turtur","0.24101523","FALSE"
"51","36","39","Sylvia atricapilla","0.36851066","FALSE"
"51","36","39","Lanius collurio","0.11878096","FALSE"
"51","39","42","Acrocephalus arundinaceus","0.13225602","FALSE"
"51","39","42","Alectoris rufa","0.118211105","FALSE"
"51","42","45","Acrocephalus arundinaceus","0.21274708","FALSE"
"51","48","51","Certhia brachydactyla","0.1881776","FALSE"
"51","51","54","Turdus merula","0.11013471","FALSE"
"51","54","57","Certhia brachydactyla","0.3107082","FALSE"
"51","57","60","Certhia brachydactyla","0.3037432","FALSE"
"55","0","3","Buteo buteo","0.29269892","FALSE"
"55","3","6","Buteo buteo","0.56184655","FALSE"
"55","3","6","Dendrocoptes medius","0.15592687","FALSE"
"55","6","9","Buteo buteo","0.6826","FALSE"
"55","9","12","Lullula arborea","0.122696035","TRUE"
"55","15","18","Buteo buteo","0.63815755","FALSE"
"55","18","21","Buteo buteo","0.62729555","FALSE"
"55","21","24","Lullula arborea","0.39377332","TRUE"
"55","24","27","Buteo buteo","0.817508","FALSE"
"55","27","30","Lullula arborea","0.9361738","TRUE"
"55","33","36","Lullula arborea","0.6277791","TRUE"
"55","42","45","Lullula arborea","0.19166139","TRUE"
"55","45","48","Garrulus glandarius","0.112629496","TRUE"
"55","51","54","Corvus corone","0.34820774","FALSE"
"55","51","54","Garrulus glandarius","0.24048813","TRUE"
"57","0","3","Sylvia atricapilla","0.77627414","TRUE"
"57","6","9","Sylvia atricapilla","0.54222465","TRUE"
"57","6","9","Luscinia megarhynchos","0.22969364","FALSE"
"57","9","12","Sylvia atricapilla","0.9309281","TRUE"
"57","12","15","Sylvia atricapilla","0.6851649","TRUE"
"57","15","18","Sylvia atricapilla","0.34595987","TRUE"
"57","18","21","Sylvia atricapilla","0.64057845","TRUE"
"57","18","21","Luscinia megarhynchos","0.4817484","FALSE"
"57","21","24","Sylvia atricapilla","0.9668102","TRUE"
"57","24","27","Certhia brachydactyla","0.36006215","TRUE"
"57","27","30","Certhia brachydactyla","0.61147857","TRUE"
"57","36","39","Sylvia atricapilla","0.68481964","TRUE"
"57","39","42","Sylvia atricapilla","0.93310416","TRUE"
"57","39","42","Troglodytes troglodytes","0.11507948","TRUE"
"57","42","45","Sylvia atricapilla","0.19796266","TRUE"
"57","45","48","Sylvia atricapilla","0.5906115","TRUE"
"57","48","51","Sylvia atricapilla","0.37539956","TRUE"
"57","51","54","Sylvia atricapilla","0.10507034","TRUE"
"57","54","57","Troglodytes troglodytes","0.25463262","TRUE"
"58","12","15","Luscinia megarhynchos","0.15795122","TRUE"
"58","15","18","Luscinia megarhynchos","0.24828434","TRUE"
"58","15","18","Picus viridis","0.19389209","FALSE"
"58","21","24","Luscinia megarhynchos","0.4759981","TRUE"
"58","27","30","Luscinia megarhynchos","0.41408646","TRUE"
"58","33","36","Luscinia megarhynchos","0.3440983","TRUE"
"58","39","42","Luscinia megarhynchos","0.86928475","TRUE"
"58","45","48","Luscinia megarhynchos","0.16860275","TRUE"
"58","51","54","Luscinia megarhynchos","0.62365395","TRUE"
"59","9","12","Luscinia megarhynchos","0.15824264","TRUE"
"59","12","15","Lullula arborea","0.11811787","TRUE"
"59","48","51","Luscinia megarhynchos","0.3018529","TRUE"
"60","33","36","Luscinia megarhynchos","0.66533554","TRUE"
"60","51","54","Luscinia megarhynchos","0.36549014","TRUE"
"61","12","15","Luscinia megarhynchos","0.112416655","TRUE"
"61","39","42","Luscinia megarhynchos","0.10547047","TRUE"
"61","45","48","Luscinia megarhynchos","0.102422915","TRUE"
"61","51","54","Luscinia megarhynchos","0.2028711","TRUE"
"61","57","60","Luscinia megarhynchos","0.13228744","TRUE"
"62","3","6","Emberiza calandra","0.11360974","TRUE"
"62","48","51","Emberiza calandra","0.14397912","TRUE"
"63","27","30","Lullula arborea","0.25866425","FALSE"
"64","9","12","Luscinia megarhynchos","0.13830484","TRUE"
"64","30","33","Luscinia megarhynchos","0.19587715","TRUE"
"65","0","3","Lullula arborea","0.10715359","FALSE"
"65","3","6","Emberiza calandra","0.14648056","FALSE"
"65","6","9","Monticola solitarius","0.100700155","FALSE"
"65","9","12","Emberiza calandra","0.23074497","TRUE"
"65","12","15","Hippolais polyglotta","0.10370662","FALSE"
"65","15","18","Sylvia atricapilla","0.10798227","TRUE"
"65","18","21","Emberiza calandra","0.14686476","TRUE"
"65","21","24","Hippolais polyglotta","0.1410911","FALSE"
"65","27","30","Sylvia atricapilla","0.22647606","TRUE"
"65","33","36","Emberiza calandra","0.12073984","TRUE"
"65","36","39","Muscicapa striata","0.14694995","FALSE"
"65","39","42","Coturnix coturnix","0.1638919","FALSE"
"65","39","42","Emberiza calandra","0.10097704","FALSE"
"65","42","45","Sylvia atricapilla","0.12576784","TRUE"
"65","45","48","Coturnix coturnix","0.16818735","FALSE"
"65","45","48","Emberiza calandra","0.15699418","FALSE"
"65","48","51","Emberiza calandra","0.15961194","TRUE"
"65","51","54","Sylvia atricapilla","0.19055855","TRUE"
"66","0","3","Passer domesticus","0.18007171","TRUE"
"66","3","6","Passer domesticus","0.528007","TRUE"
"66","3","6","Passer hispaniolensis","0.17140816","FALSE"
"66","3","6","Passer montanus","0.16926986","FALSE"
"66","6","9","Passer domesticus","0.14344315","TRUE"
"66","9","12","Passer domesticus","0.29792503","TRUE"
"66","12","15","Passer domesticus","0.46776503","TRUE"
"66","15","18","Passer domesticus","0.31389028","TRUE"
"66","15","18","Passer montanus","0.13848975","FALSE"
"66","18","21","Passer domesticus","0.364539","TRUE"
"66","21","24","Passer domesticus","0.42414364","TRUE"
"66","24","27","Passer domesticus","0.8036731","TRUE"
"66","27","30","Passer domesticus","0.5120941","TRUE"
"66","30","33","Passer domesticus","0.4492256","TRUE"
"66","33","36","Passer domesticus","0.56214964","TRUE"
"66","36","39","Passer domesticus","0.21653838","TRUE"
"66","39","42","Passer domesticus","0.19489852","TRUE"
"66","42","45","Passer domesticus","0.59606886","TRUE"
"66","45","48","Passer domesticus","0.53216094","TRUE"
"66","48","51","Passer domesticus","0.1888329","TRUE"
"66","51","54","Passer domesticus","0.6340982","TRUE"
"66","54","57","Emberiza calandra","0.13804087","FALSE"
"66","57","60","Emberiza calandra","0.100908406","FALSE"
"67","0","3","Luscinia megarhynchos","0.76980174","TRUE"
"67","6","9","Luscinia megarhynchos","0.2555683","TRUE"
"67","18","21","Luscinia megarhynchos","0.2555987","TRUE"
"67","24","27","Luscinia megarhynchos","0.4147193","TRUE"
"67","30","33","Luscinia megarhynchos","0.17625906","TRUE"
"67","36","39","Luscinia megarhynchos","0.17225571","TRUE"
"67","48","51","Luscinia megarhynchos","0.45421883","TRUE"
"67","57","60","Luscinia megarhynchos","0.10606972","TRUE"
"68","0","3","Coturnix coturnix","0.12710679","TRUE"
"68","3","6","Saxicola rubicola","0.4193301","FALSE"
"68","6","9","Coturnix coturnix","0.6213794","TRUE"
"68","9","12","Coturnix coturnix","0.87305814","TRUE"
"68","12","15","Coturnix coturnix","0.13165544","TRUE"
"68","27","30","Hippolais polyglotta","0.13211104","FALSE"
"68","39","42","Corvus cornix","0.5674077","FALSE"
"68","39","42","Corvus corone","0.41960925","TRUE"
"68","42","45","Corvus corone","0.12950099","TRUE"
"68","42","45","Corvus cornix","0.11099079","FALSE"
"68","45","48","Luscinia megarhynchos","0.206826","TRUE"
"68","54","57","Corvus corone","0.3759596","TRUE"
"68","54","57","Corvus cornix","0.16649663","FALSE"
"68","57","60","Luscinia megarhynchos","0.1505275","TRUE"
"69","18","21","Milvus migrans","0.13075063","TRUE"
"69","27","30","Hippolais polyglotta","0.16117316","FALSE"
"69","30","33","Sylvia atricapilla","0.12774208","TRUE"
"72","0","3","Regulus ignicapilla","0.63446665","TRUE"
"72","3","6","Regulus ignicapilla","0.15269622","TRUE"
"72","6","9","Regulus ignicapilla","0.321332","TRUE"
"72","9","12","Regulus ignicapilla","0.8581815","TRUE"
"72","12","15","Troglodytes troglodytes","0.59951925","TRUE"
"72","12","15","Regulus ignicapilla","0.11565193","TRUE"
"72","15","18","Troglodytes troglodytes","0.69619197","TRUE"
"72","18","21","Regulus ignicapilla","0.57539785","TRUE"
"72","27","30","Regulus ignicapilla","0.6223559","TRUE"
"72","42","45","Troglodytes troglodytes","0.83201003","TRUE"
"72","45","48","Troglodytes troglodytes","0.91346246","TRUE"
"72","48","51","Troglodytes troglodytes","0.47528908","TRUE"
"72","54","57","Sylvia atricapilla","0.14291051","TRUE"
"73","0","3","Luscinia megarhynchos","0.31602213","TRUE"
"73","18","21","Luscinia megarhynchos","0.115021095","TRUE"
"73","21","24","Luscinia megarhynchos","0.20256686","TRUE"
"73","42","45","Luscinia megarhynchos","0.13334386","TRUE"
"74","0","3","Periparus ater","0.12101426","FALSE"
"74","3","6","Streptopelia decaocto","0.21511608","TRUE"
"74","3","6","Hippolais polyglotta","0.11647477","FALSE"
"74","24","27","Muscicapa striata","0.10634234","FALSE"
"74","27","30","Sturnus unicolor","0.123799026","FALSE"
"74","30","33","Cyanistes caeruleus","0.35696626","TRUE"
"74","33","36","Cyanistes caeruleus","0.14671905","TRUE"
"74","36","39","Cyanistes caeruleus","0.110926114","TRUE"
"74","42","45","Cyanistes caeruleus","0.41337866","TRUE"
"74","48","51","Sturnus unicolor","0.2497024","FALSE"
"74","54","57","Hippolais polyglotta","0.103500694","FALSE"
"75","15","18","Phylloscopus bonelli","0.102380976","FALSE"
"76","21","24","Strix aluco","0.111242026","FALSE"
"77","3","6","Sturnus unicolor","0.11787569","FALSE"
"77","6","9","Sylvia atricapilla","0.25518236","TRUE"
"77","9","12","Sylvia atricapilla","0.19399354","TRUE"
"77","12","15","Phylloscopus bonelli","0.1018746","FALSE"
"77","21","24","Sylvia atricapilla","0.17063059","TRUE"
"77","24","27","Sylvia atricapilla","0.11841482","TRUE"
"77","30","33","Troglodytes troglodytes","0.23702386","TRUE"
"77","33","36","Turdus viscivorus","0.12073657","FALSE"
"77","33","36","Phylloscopus bonelli","0.10545145","FALSE"
"77","36","39","Sylvia atricapilla","0.14952537","TRUE"
"77","42","45","Phylloscopus bonelli","0.124486834","FALSE"
"77","42","45","Troglodytes troglodytes","0.10845235","TRUE"
"77","54","57","Troglodytes troglodytes","0.13658309","TRUE"
"77","57","60","Sylvia atricapilla","0.17882879","TRUE"
"78","0","3","Emberiza calandra","0.12176617","FALSE"
"78","18","21","Sylvia atricapilla","0.26617932","TRUE"
"78","21","24","Emberiza calandra","0.11653403","FALSE"
"78","27","30","Emberiza calandra","0.10048786","FALSE"
"78","30","33","Emberiza calandra","0.1045536","FALSE"
"78","36","39","Sylvia atricapilla","0.21990323","TRUE"
"78","42","45","Sylvia atricapilla","0.108234696","TRUE"
"80","6","9","Luscinia megarhynchos","0.5118418","TRUE"
"80","9","12","Strix aluco","0.10183569","FALSE"
"80","24","27","Luscinia megarhynchos","0.37485054","TRUE"
"80","27","30","Luscinia megarhynchos","0.13014168","TRUE"
"80","30","33","Luscinia megarhynchos","0.38307697","TRUE"
"80","36","39","Luscinia megarhynchos","0.13285317","TRUE"
"80","45","48","Luscinia megarhynchos","0.11649541","TRUE"
"80","48","51","Ptyonoprogne rupestris","0.17940204","FALSE"
"81","3","6","Streptopelia turtur","0.24052335","TRUE"
"81","6","9","Sylvia atricapilla","0.12235565","TRUE"
"81","12","15","Phylloscopus bonelli","0.18220513","FALSE"
"81","15","18","Phylloscopus bonelli","0.13246527","FALSE"
"81","18","21","Phylloscopus bonelli","0.10378508","FALSE"
"81","21","24","Phylloscopus bonelli","0.18288301","FALSE"
"81","27","30","Phylloscopus bonelli","0.118032545","FALSE"
"81","33","36","Phylloscopus bonelli","0.12063405","FALSE"
"81","36","39","Phylloscopus bonelli","0.12820446","FALSE"
"81","39","42","Lullula arborea","0.15569866","FALSE"
"81","42","45","Sturnus unicolor","0.1311354","FALSE"
"81","42","45","Phylloscopus bonelli","0.10904679","FALSE"
"81","45","48","Phylloscopus bonelli","0.17765671","FALSE"
"81","45","48","Turdus merula","0.10572442","TRUE"
"81","48","51","Phylloscopus bonelli","0.12796253","FALSE"
"81","48","51","Sturnus unicolor","0.108437076","FALSE"
"81","48","51","Emberiza cirlus","0.103284575","FALSE"
"81","57","60","Sturnus unicolor","0.17168233","FALSE"
"82","9","12","Circus pygargus","0.12222174","FALSE"
"82","33","36","Circus pygargus","0.12328336","FALSE"
"82","54","57","Circus pygargus","0.10413354","FALSE"
"83","9","12","Corvus corone","0.13920172","FALSE"
"83","12","15","Ardea cinerea","0.12744446","FALSE"
"83","15","18","Corvus corax","0.11663096","FALSE"
"83","18","21","Corvus corone","0.25980762","TRUE"
"83","18","21","Corvus cornix","0.1286653","FALSE"
"83","24","27","Corvus corone","0.20874956","TRUE"
"83","24","27","Corvus cornix","0.14642185","FALSE"
"83","42","45","Corvus corone","0.34137934","TRUE"
"83","42","45","Corvus cornix","0.19294874","FALSE"
"83","48","51","Corvus corone","0.20409074","TRUE"
"83","48","51","Corvus cornix","0.14059262","FALSE"
"83","51","54","Corvus corone","0.13796645","TRUE"
"84","9","12","Oriolus oriolus","0.70008093","TRUE"
"84","54","57","Oriolus oriolus","0.22490096","TRUE"
"85","3","6","Strix aluco","0.1147042","FALSE"
"85","9","12","Strix aluco","0.27644455","FALSE"
"85","18","21","Strix aluco","0.11326731","FALSE"
"85","24","27","Luscinia megarhynchos","0.46320647","TRUE"
"85","36","39","Luscinia megarhynchos","0.7545957","TRUE"
"85","48","51","Strix aluco","0.10615745","FALSE"
"86","0","3","Emberiza calandra","0.9429916","TRUE"
"86","3","6","Streptopelia turtur","0.9120823","TRUE"
"86","6","9","Streptopelia turtur","0.8515072","TRUE"
"86","9","12","Streptopelia turtur","0.86297387","TRUE"
"86","12","15","Emberiza calandra","0.9884624","TRUE"
"86","12","15","Lanius senator","0.11707799","FALSE"
"86","15","18","Emberiza calandra","0.7573279","TRUE"
"86","21","24","Emberiza calandra","0.9262816","TRUE"
"86","21","24","Serinus serinus","0.27104855","FALSE"
"86","21","24","Lanius senator","0.14117579","FALSE"
"86","24","27","Emberiza calandra","0.72229224","TRUE"
"86","27","30","Luscinia megarhynchos","0.24456252","TRUE"
"86","27","30","Sylvia borin","0.15964186","FALSE"
"86","33","36","Streptopelia turtur","0.4936379","TRUE"
"86","36","39","Streptopelia turtur","0.7189013","TRUE"
"86","39","42","Streptopelia turtur","0.7783662","TRUE"
"86","42","45","Emberiza calandra","0.8985375","FALSE"
"86","42","45","Streptopelia turtur","0.1296209","TRUE"
"86","42","45","Lanius senator","0.10191612","FALSE"
"86","45","48","Emberiza calandra","0.40808728","FALSE"
"86","45","48","Streptopelia turtur","0.2616883","TRUE"
"86","48","51","Streptopelia turtur","0.7694207","TRUE"
"86","48","51","Sylvia borin","0.11173821","FALSE"
"86","51","54","Emberiza calandra","0.93494034","TRUE"
"86","51","54","Lanius senator","0.1788436","FALSE"
"86","54","57","Luscinia megarhynchos","0.20694289","TRUE"
"86","57","60","Luscinia megarhynchos","0.6675612","TRUE"
"87","0","3","Luscinia megarhynchos","0.17015494","TRUE"
"87","9","12","Sylvia atricapilla","0.11057943","TRUE"
"87","39","42","Sylvia atricapilla","0.14710228","TRUE"
"89","3","6","Hippolais polyglotta","0.29494578","FALSE"
"90","24","27","Alectoris rufa","0.1750994","FALSE"
"90","48","51","Alectoris rufa","0.12671301","FALSE"
"91","3","6","Ixobrychus minutus","0.48053262","FALSE"
"91","9","12","Ixobrychus minutus","0.28844523","FALSE"
"91","12","15","Ixobrychus minutus","0.8579629","FALSE"
"91","45","48","Streptopelia decaocto","0.12760419","FALSE"
"91","51","54","Cuculus canorus","0.36265615","FALSE"
"92","0","3","Regulus ignicapilla","0.2768719","FALSE"
"92","3","6","Dendrocopos major","0.90659356","TRUE"
"92","6","9","Fringilla coelebs","0.2871556","TRUE"
"92","6","9","Phylloscopus bonelli","0.11416308","FALSE"
"92","9","12","Fringilla coelebs","0.1693709","TRUE"
"92","12","15","Dendrocopos major","0.7083431","TRUE"
"92","15","18","Fringilla coelebs","0.112935856","TRUE"
"92","15","18","Phylloscopus bonelli","0.10485804","FALSE"
"92","18","21","Dendrocopos major","0.11199404","TRUE"
"92","21","24","Dendrocopos major","0.23595303","TRUE"
"92","27","30","Dendrocopos major","0.4355398","TRUE"
"92","30","33","Dendrocopos major","0.2576599","TRUE"
"92","39","42","Fringilla coelebs","0.13614829","TRUE"
"92","57","60","Fringilla coelebs","0.33155394","TRUE"
"93","24","27","Sylvia atricapilla","0.11752037","TRUE"
"94","9","12","Strix aluco","0.11068298","FALSE"
"95","0","3","Turdus philomelos","0.40885496","TRUE"
"95","12","15","Turdus philomelos","0.12990957","TRUE"
"95","12","15","Turdus viscivorus","0.116824985","FALSE"
"95","15","18","Turdus philomelos","0.18515491","TRUE"
"95","21","24","Turdus philomelos","0.22748344","TRUE"
"95","24","27","Turdus philomelos","0.16773039","TRUE"
"95","27","30","Oriolus oriolus","0.14556518","FALSE"
"95","30","33","Picus viridis","0.16169167","FALSE"
"95","30","33","Turdus philomelos","0.1600065","TRUE"
"95","36","39","Oriolus oriolus","0.12312826","FALSE"
"95","39","42","Turdus philomelos","0.13200568","TRUE"
"95","42","45","Turdus viscivorus","0.13424475","FALSE"
"95","48","51","Turdus philomelos","0.8607433","TRUE"
"95","48","51","Sitta europaea","0.13302763","FALSE"
"95","51","54","Turdus philomelos","0.7501244","TRUE"
"95","57","60","Turdus philomelos","0.29594222","TRUE"
"96","0","3","Erithacus rubecula","0.7613561","TRUE"
"96","3","6","Erithacus rubecula","0.13045874","TRUE"
"96","9","12","Erithacus rubecula","0.35063925","TRUE"
"96","15","18","Erithacus rubecula","0.42955592","TRUE"
"96","21","24","Erithacus rubecula","0.5898791","TRUE"
"96","24","27","Erithacus rubecula","0.95464176","TRUE"
"96","24","27","Regulus ignicapilla","0.36919454","FALSE"
"96","27","30","Regulus ignicapilla","0.13805637","TRUE"
"96","30","33","Erithacus rubecula","0.36135995","TRUE"
"96","36","39","Erithacus rubecula","0.63504165","TRUE"
"96","45","48","Erithacus rubecula","0.55078137","TRUE"
"96","51","54","Turdus philomelos","0.11998751","FALSE"
"96","57","60","Erithacus rubecula","0.3073348","TRUE"
"97","0","3","Luscinia megarhynchos","0.122448646","TRUE"
"97","21","24","Coturnix coturnix","0.113216855","TRUE"
"97","33","36","Coturnix coturnix","0.41788968","TRUE"
"97","54","57","Luscinia megarhynchos","0.15315005","TRUE"
"98","0","3","Phylloscopus collybita","0.56305826","TRUE"
"98","3","6","Emberiza cirlus","0.12445702","FALSE"
"98","3","6","Anthus trivialis","0.107677005","TRUE"
"98","6","9","Anthus trivialis","0.47600237","TRUE"
"98","9","12","Sylvia atricapilla","0.4380185","TRUE"
"98","9","12","Sylvia borin","0.14974834","FALSE"
"98","12","15","Phoenicurus ochruros","0.16025002","FALSE"
"98","15","18","Anthus trivialis","0.39567643","TRUE"
"98","18","21","Phylloscopus collybita","0.5292763","TRUE"
"98","21","24","Anthus trivialis","0.30165556","TRUE"
"98","24","27","Anthus trivialis","0.68230873","TRUE"
"98","27","30","Emberiza cirlus","0.3270981","TRUE"
"98","27","30","Phylloscopus collybita","0.12124952","TRUE"
"98","30","33","Anthus trivialis","0.17723541","TRUE"
"98","33","36","Anthus trivialis","0.8772343","TRUE"
"98","36","39","Phylloscopus bonelli","0.10352245","FALSE"
"98","39","42","Phylloscopus collybita","0.14144944","TRUE"
"98","42","45","Hippolais polyglotta","0.11409908","FALSE"
"98","45","48","Emberiza cirlus","0.23772563","TRUE"
"98","45","48","Anthus trivialis","0.13586941","TRUE"
"98","45","48","Hippolais polyglotta","0.1073478","FALSE"
"98","51","54","Anthus trivialis","0.25228742","TRUE"
"98","51","54","Hippolais polyglotta","0.11104797","FALSE"
"98","57","60","Hippolais polyglotta","0.11570533","FALSE"
"99","0","3","Phylloscopus collybita","0.3435722","TRUE"
"99","6","9","Anthus trivialis","0.38204587","TRUE"
"99","9","12","Anthus trivialis","0.117359035","TRUE"
"99","15","18","Phylloscopus collybita","0.75233865","TRUE"
"99","18","21","Phylloscopus collybita","0.91424376","TRUE"
"99","27","30","Anthus trivialis","0.29953757","TRUE"
"99","27","30","Phylloscopus collybita","0.20624152","TRUE"
"99","30","33","Phylloscopus collybita","0.9289607","TRUE"
"99","39","42","Phylloscopus collybita","0.65738374","TRUE"
"99","39","42","Phylloscopus ibericus","0.30095345","FALSE"
"99","45","48","Phylloscopus collybita","0.33888328","TRUE"
"99","48","51","Phylloscopus collybita","0.50685614","TRUE"
"99","51","54","Sylvia atricapilla","0.11710538","TRUE"
"99","54","57","Anthus trivialis","0.7753036","TRUE"
"99","54","57","Emberiza cirlus","0.14492272","FALSE"
"99","57","60","Anthus trivialis","0.41054595","TRUE"
"100","33","36","Strix aluco","0.16636205","FALSE"
"100","33","36","Athene noctua","0.105573885","FALSE"
"100","45","48","Strix aluco","0.10043328","FALSE"
"100","48","51","Strix aluco","0.11854335","FALSE"
"101","0","3","Hippolais polyglotta","0.10513397","FALSE"
"101","15","18","Hippolais polyglotta","0.109360345","FALSE"
"101","27","30","Sylvia borin","0.14658733","FALSE"
"101","27","30","Hippolais polyglotta","0.1003878","FALSE"
"104","45","48","Phylloscopus ibericus","0.154908","FALSE"
"105","27","30","Oriolus oriolus","0.12977684","TRUE"
"106","3","6","Luscinia megarhynchos","0.13061528","TRUE"
"106","9","12","Luscinia megarhynchos","0.92094904","TRUE"
"106","12","15","Luscinia megarhynchos","0.12947558","TRUE"
"106","15","18","Luscinia megarhynchos","0.54220235","TRUE"
"106","18","21","Luscinia megarhynchos","0.39490557","TRUE"
"106","27","30","Luscinia megarhynchos","0.54195917","TRUE"
"106","33","36","Luscinia megarhynchos","0.86764044","TRUE"
"106","39","42","Luscinia megarhynchos","0.69554555","TRUE"
"106","48","51","Luscinia megarhynchos","0.9435827","TRUE"
"106","54","57","Luscinia megarhynchos","0.7584417","TRUE"
"107","3","6","Luscinia megarhynchos","0.13141325","TRUE"
"107","15","18","Luscinia megarhynchos","0.11323803","TRUE"
"107","21","24","Luscinia megarhynchos","0.11526768","TRUE"
"107","30","33","Luscinia megarhynchos","0.52933353","TRUE"
"107","36","39","Luscinia megarhynchos","0.213026","TRUE"
"107","39","42","Luscinia megarhynchos","0.1486465","TRUE"
"107","42","45","Luscinia megarhynchos","0.1587754","TRUE"
"107","48","51","Luscinia megarhynchos","0.18004878","TRUE"
"108","33","36","Cyanistes caeruleus","0.39431694","FALSE"
"108","36","39","Phoenicurus ochruros","0.1224998","FALSE"
"108","45","48","Prunella modularis","0.13964672","TRUE"
"109","18","21","Athene noctua","0.11725324","FALSE"
"110","0","3","Hippolais polyglotta","0.40945062","TRUE"
"110","12","15","Phoenicurus ochruros","0.15207478","FALSE"
"110","12","15","Anthus trivialis","0.14757988","FALSE"
"110","15","18","Hippolais polyglotta","0.46873933","TRUE"
"110","18","21","Sylvia atricapilla","0.12281571","TRUE"
"110","18","21","Hippolais polyglotta","0.10456929","TRUE"
"110","21","24","Fringilla coelebs","0.14820385","TRUE"
"110","24","27","Fringilla coelebs","0.11033054","TRUE"
"110","27","30","Hippolais polyglotta","0.29094774","TRUE"
"110","27","30","Phylloscopus bonelli","0.10415027","FALSE"
"110","30","33","Hippolais polyglotta","0.9806944","TRUE"
"110","33","36","Hippolais polyglotta","0.8662486","TRUE"
"110","36","39","Hippolais polyglotta","0.6014596","TRUE"
"110","39","42","Hippolais polyglotta","0.6657213","TRUE"
"110","42","45","Hippolais polyglotta","0.21791287","TRUE"
"110","45","48","Hippolais polyglotta","0.25855008","TRUE"
"110","48","51","Hippolais polyglotta","0.213267","TRUE"
"110","54","57","Fringilla coelebs","0.14004433","TRUE"
"110","57","60","Hippolais polyglotta","0.4208196","TRUE"
"111","3","6","Phylloscopus bonelli","0.13292602","FALSE"
"111","48","51","Sylvia atricapilla","0.5535052","TRUE"
"111","57","60","Phylloscopus bonelli","0.109540075","FALSE"
"112","6","9","Upupa epops","0.24927725","FALSE"
"112","15","18","Upupa epops","0.35205826","FALSE"
"112","21","24","Cuculus canorus","0.10812631","FALSE"
"112","33","36","Upupa epops","0.16969347","FALSE"
"113","0","3","Hippolais polyglotta","0.100566804","FALSE"
"113","12","15","Hippolais polyglotta","0.36311132","FALSE"
"113","12","15","Sylvia borin","0.10341343","FALSE"
"113","15","18","Hippolais polyglotta","0.1596433","FALSE"
"113","18","21","Hippolais polyglotta","0.32000318","FALSE"
"113","18","21","Sylvia borin","0.103398755","FALSE"
"113","27","30","Hippolais polyglotta","0.22993211","FALSE"
"113","30","33","Hippolais polyglotta","0.32868183","FALSE"
"113","30","33","Sylvia borin","0.11202249","FALSE"
"113","42","45","Sylvia atricapilla","0.13105619","TRUE"
"113","42","45","Lullula arborea","0.111673765","FALSE"
"113","51","54","Sylvia atricapilla","0.1724786","TRUE"
"113","57","60","Upupa epops","0.12749541","FALSE"
"114","3","6","Hippolais polyglotta","0.23494664","FALSE"
"114","6","9","Hippolais polyglotta","0.14020379","FALSE"
"114","9","12","Hippolais polyglotta","0.13999073","FALSE"
"114","12","15","Cisticola juncidis","0.1515044","FALSE"
"114","24","27","Prunella modularis","0.13243471","FALSE"
"116","0","3","Erithacus rubecula","0.53060144","TRUE"
"116","3","6","Sylvia atricapilla","0.16800602","TRUE"
"116","6","9","Oriolus oriolus","0.10362669","FALSE"
"116","9","12","Erithacus rubecula","0.4143015","TRUE"
"116","12","15","Erithacus rubecula","0.7178178","TRUE"
"116","15","18","Sylvia atricapilla","0.11132081","TRUE"
"116","18","21","Erithacus rubecula","0.14277273","TRUE"
"116","21","24","Erithacus rubecula","0.1642451","TRUE"
"116","27","30","Erithacus rubecula","0.4713288","TRUE"
"116","30","33","Sylvia atricapilla","0.15830146","TRUE"
"116","33","36","Erithacus rubecula","0.9671533","TRUE"
"116","36","39","Phylloscopus ibericus","0.3953796","FALSE"
"116","36","39","Erithacus rubecula","0.19881158","TRUE"
"116","39","42","Erithacus rubecula","0.10721933","TRUE"
"116","42","45","Erithacus rubecula","0.35829392","TRUE"
"116","48","51","Erithacus rubecula","0.3189579","TRUE"
"116","51","54","Sylvia atricapilla","0.15385616","TRUE"
"116","51","54","Sylvia borin","0.10231873","FALSE"
"116","54","57","Regulus ignicapilla","0.12341738","FALSE"
"117","0","3","Sylvia atricapilla","0.170422","TRUE"
"117","3","6","Sylvia atricapilla","0.43048906","TRUE"
"117","6","9","Prunella modularis","0.28189477","TRUE"
"117","9","12","Sylvia atricapilla","0.18185343","TRUE"
"117","12","15","Sylvia atricapilla","0.13253307","TRUE"
"117","18","21","Turdus viscivorus","0.12929565","FALSE"
"117","18","21","Sylvia atricapilla","0.10561132","TRUE"
"117","21","24","Sylvia atricapilla","0.5022396","TRUE"
"117","24","27","Sylvia atricapilla","0.6794632","TRUE"
"117","30","33","Sylvia atricapilla","0.10987978","TRUE"
"117","33","36","Sylvia atricapilla","0.6767459","TRUE"
"117","36","39","Sylvia atricapilla","0.1117779","TRUE"
"117","42","45","Sylvia atricapilla","0.28097245","TRUE"
"117","51","54","Sylvia atricapilla","0.19347861","TRUE"
"117","54","57","Sylvia atricapilla","0.13795826","TRUE"
"118","54","57","Luscinia megarhynchos","0.1823902","TRUE"
"119","30","33","Lullula arborea","0.10871028","FALSE"
"119","48","51","Luscinia megarhynchos","0.10431189","TRUE"
"120","24","27","Galerida theklae","0.123163186","FALSE"
"120","57","60","Dryocopus martius","0.17508936","FALSE"
"121","6","9","Nycticorax nycticorax","0.17050548","FALSE"
"121","9","12","Nycticorax nycticorax","0.1491763","FALSE"
"121","9","12","Cygnus olor","0.109150276","FALSE"
"121","12","15","Gallinula chloropus","0.24599585","FALSE"
"121","21","24","Ardea cinerea","0.16270457","FALSE"
"122","3","6","Phylloscopus ibericus","0.13255066","FALSE"
"122","15","18","Oriolus oriolus","0.107363716","TRUE"
"122","15","18","Phylloscopus bonelli","0.10183391","FALSE"
"122","24","27","Dendrocopos major","0.17346069","FALSE"
"122","24","27","Dryocopus martius","0.16116543","FALSE"
"122","30","33","Sylvia atricapilla","0.18711343","TRUE"
"122","36","39","Sylvia atricapilla","0.20908017","TRUE"
"122","42","45","Columba palumbus","0.13255478","TRUE"
"122","42","45","Sylvia atricapilla","0.13085185","TRUE"
"123","0","3","Emberiza cirlus","0.10982716","TRUE"
"123","3","6","Luscinia megarhynchos","0.26903453","TRUE"
"123","6","9","Chloris chloris","0.21369117","FALSE"
"123","9","12","Luscinia megarhynchos","0.15804079","TRUE"
"123","15","18","Luscinia megarhynchos","0.570912","TRUE"
"123","18","21","Emberiza cirlus","0.12595227","TRUE"
"123","21","24","Emberiza cirlus","0.20251985","TRUE"
"123","24","27","Luscinia megarhynchos","0.7904433","TRUE"
"123","27","30","Emberiza cirlus","0.31516063","TRUE"
"123","27","30","Lullula arborea","0.18284205","FALSE"
"123","30","33","Luscinia megarhynchos","0.49221224","TRUE"
"123","30","33","Merops apiaster","0.115219116","FALSE"
"123","33","36","Emberiza cirlus","0.89198625","TRUE"
"123","33","36","Anthus trivialis","0.14844097","FALSE"
"123","36","39","Luscinia megarhynchos","0.2887236","TRUE"
"123","39","42","Emberiza cirlus","0.75873095","TRUE"
"123","39","42","Phylloscopus bonelli","0.13466214","FALSE"
"123","42","45","Luscinia megarhynchos","0.55682606","TRUE"
"123","45","48","Emberiza cirlus","0.32198808","TRUE"
"123","48","51","Saxicola rubicola","0.12764512","TRUE"
"123","51","54","Emberiza cirlus","0.6939718","TRUE"
"123","54","57","Luscinia megarhynchos","0.12971997","TRUE"
"123","57","60","Emberiza cirlus","0.95516604","TRUE"
"125","0","3","Phylloscopus bonelli","0.14939284","FALSE"
"125","21","24","Phylloscopus bonelli","0.103650905","FALSE"
"125","24","27","Parus major","0.19176859","FALSE"
"125","27","30","Phylloscopus bonelli","0.10916233","FALSE"
"125","33","36","Troglodytes troglodytes","0.14633654","TRUE"
"125","48","51","Phylloscopus bonelli","0.1138299","FALSE"
"127","0","3","Luscinia megarhynchos","0.7311876","TRUE"
"127","6","9","Luscinia megarhynchos","0.8246118","TRUE"
"127","9","12","Luscinia megarhynchos","0.55264455","TRUE"
"127","9","12","Sylvia borin","0.10063983","FALSE"
"127","27","30","Luscinia megarhynchos","0.44771776","TRUE"
"127","30","33","Luscinia megarhynchos","0.8251885","TRUE"
"127","33","36","Luscinia megarhynchos","0.15654825","TRUE"
"127","36","39","Luscinia megarhynchos","0.30588678","TRUE"
"127","45","48","Luscinia megarhynchos","0.175438","TRUE"
"127","48","51","Luscinia megarhynchos","0.99577266","TRUE"
"127","51","54","Luscinia megarhynchos","0.57237136","TRUE"
"127","54","57","Pyrrhula pyrrhula","0.19701335","FALSE"
"127","54","57","Luscinia megarhynchos","0.16478942","TRUE"
"127","54","57","Pandion haliaetus","0.10775962","FALSE"
"127","57","60","Luscinia megarhynchos","0.6079467","TRUE"
"128","0","3","Emberiza cirlus","0.9876945","TRUE"
"128","3","6","Emberiza cirlus","0.9845962","TRUE"
"128","6","9","Emberiza cirlus","0.9751575","TRUE"
"128","9","12","Emberiza cirlus","0.98797","TRUE"
"128","12","15","Emberiza cirlus","0.94523585","TRUE"
"128","15","18","Emberiza cirlus","0.9816435","TRUE"
"128","18","21","Emberiza cirlus","0.9644564","TRUE"
"128","21","24","Emberiza cirlus","0.94621205","TRUE"
"128","24","27","Emberiza cirlus","0.9650111","TRUE"
"128","27","30","Emberiza cirlus","0.954832","TRUE"
"128","30","33","Emberiza cirlus","0.9887108","TRUE"
"128","33","36","Emberiza cirlus","0.90407324","TRUE"
"128","36","39","Emberiza cirlus","0.96986413","TRUE"
"128","39","42","Emberiza cirlus","0.97732306","TRUE"
"128","42","45","Emberiza cirlus","0.90379757","TRUE"
"128","45","48","Emberiza cirlus","0.9128127","TRUE"
"128","48","51","Emberiza cirlus","0.97585535","TRUE"
"128","51","54","Emberiza cirlus","0.95431995","TRUE"
"128","54","57","Emberiza cirlus","0.9437731","TRUE"
"128","57","60","Emberiza cirlus","0.96172756","TRUE"
"129","3","6","Phylloscopus bonelli","0.36107638","FALSE"
"129","3","6","Petronia petronia","0.12315232","FALSE"
"129","6","9","Phylloscopus bonelli","0.23903559","TRUE"
"129","6","9","Phoenicurus phoenicurus","0.20716766","FALSE"
"129","6","9","Phylloscopus collybita","0.14436366","TRUE"
"129","9","12","Phylloscopus collybita","0.38263395","TRUE"
"129","12","15","Phylloscopus bonelli","0.15351698","FALSE"
"129","12","15","Phylloscopus collybita","0.108753376","TRUE"
"129","15","18","Phoenicurus phoenicurus","0.43418163","FALSE"
"129","15","18","Phylloscopus collybita","0.13109995","TRUE"
"129","18","21","Phylloscopus collybita","0.26627094","TRUE"
"129","18","21","Phoenicurus phoenicurus","0.20838164","FALSE"
"129","21","24","Phoenicurus phoenicurus","0.174397","FALSE"
"129","21","24","Phylloscopus collybita","0.13212979","TRUE"
"129","24","27","Phoenicurus phoenicurus","0.51809657","FALSE"
"129","24","27","Phylloscopus collybita","0.22048979","TRUE"
"129","27","30","Phylloscopus bonelli","0.28860128","FALSE"
"129","27","30","Phoenicurus phoenicurus","0.16452603","FALSE"
"129","27","30","Phylloscopus trochilus","0.10095869","FALSE"
"129","30","33","Phoenicurus phoenicurus","0.36836925","FALSE"
"129","30","33","Phylloscopus collybita","0.2628379","TRUE"
"129","30","33","Phylloscopus bonelli","0.12713249","TRUE"
"129","33","36","Phylloscopus collybita","0.19741814","TRUE"
"129","33","36","Phylloscopus bonelli","0.15135765","TRUE"
"129","33","36","Phoenicurus phoenicurus","0.11865765","FALSE"
"129","36","39","Phylloscopus collybita","0.35801855","TRUE"
"129","36","39","Phoenicurus phoenicurus","0.33875808","FALSE"
"129","39","42","Phoenicurus phoenicurus","0.42594695","FALSE"
"129","39","42","Phylloscopus collybita","0.14605841","TRUE"
"129","42","45","Phoenicurus phoenicurus","0.3900784","FALSE"
"129","42","45","Phylloscopus collybita","0.38407236","TRUE"
"129","45","48","Phylloscopus collybita","0.957456","TRUE"
"129","45","48","Phoenicurus phoenicurus","0.36856458","FALSE"
"129","48","51","Phylloscopus collybita","0.9085571","TRUE"
"129","48","51","Phoenicurus phoenicurus","0.2789696","FALSE"
"129","51","54","Phylloscopus collybita","0.9604356","TRUE"
"129","51","54","Phoenicurus phoenicurus","0.21478045","FALSE"
"129","54","57","Phylloscopus collybita","0.34579998","TRUE"
"129","54","57","Phoenicurus phoenicurus","0.3237887","FALSE"
"129","57","60","Phylloscopus collybita","0.97506815","TRUE"
"130","0","3","Saxicola rubicola","0.2252871","FALSE"
"130","9","12","Saxicola rubicola","0.32434264","FALSE"
"130","12","15","Saxicola rubicola","0.15851389","FALSE"
"130","15","18","Saxicola rubicola","0.4018293","FALSE"
"130","21","24","Saxicola rubicola","0.4944926","FALSE"
"130","24","27","Saxicola rubicola","0.88555825","FALSE"
"130","27","30","Saxicola rubicola","0.10799478","FALSE"
"130","33","36","Picus viridis","0.7259719","FALSE"
"130","36","39","Saxicola rubicola","0.15698","FALSE"
"130","42","45","Picus viridis","0.41389236","FALSE"
"130","48","51","Picus viridis","0.43481526","FALSE"
"130","48","51","Corvus monedula","0.13926002","FALSE"
"130","51","54","Picus viridis","0.34200493","FALSE"
"130","54","57","Picus viridis","0.9754995","FALSE"
"131","3","6","Luscinia megarhynchos","0.37645835","FALSE"
"131","9","12","Luscinia megarhynchos","0.71769756","FALSE"
"131","15","18","Luscinia megarhynchos","0.5484913","TRUE"
"131","18","21","Sitta europaea","0.11838515","FALSE"
"131","18","21","Dendrocoptes medius","0.11427431","FALSE"
"131","24","27","Luscinia megarhynchos","0.12540378","TRUE"
"131","36","39","Luscinia megarhynchos","0.10303223","FALSE"
"131","51","54","Lullula arborea","0.14079173","FALSE"
"132","0","3","Melanocorypha calandra","0.24594824","FALSE"
"132","0","3","Alauda arvensis","0.10021143","TRUE"
"132","24","27","Emberiza calandra","0.11676984","TRUE"
"132","36","39","Pica pica","0.7899648","FALSE"
"134","3","6","Sylvia atricapilla","0.3280969","TRUE"
"134","6","9","Regulus ignicapilla","0.10162458","FALSE"
"134","9","12","Sylvia atricapilla","0.18544301","TRUE"
"134","9","12","Emberiza cirlus","0.11315369","FALSE"
"134","15","18","Sylvia atricapilla","0.23198302","TRUE"
"134","18","21","Sylvia atricapilla","0.14068511","TRUE"
"134","21","24","Sylvia atricapilla","0.25318426","TRUE"
"134","21","24","Phylloscopus bonelli","0.11165374","FALSE"
"134","24","27","Sylvia atricapilla","0.17044565","TRUE"
"134","27","30","Sylvia atricapilla","0.39320868","TRUE"
"134","36","39","Sylvia atricapilla","0.19672182","TRUE"
"134","36","39","Phylloscopus bonelli","0.10993622","FALSE"
"134","39","42","Sylvia atricapilla","0.18247168","TRUE"
"134","42","45","Sylvia atricapilla","0.17173406","TRUE"
"134","45","48","Sylvia atricapilla","0.78719944","TRUE"
"134","48","51","Sylvia atricapilla","0.4457067","TRUE"
"134","48","51","Lullula arborea","0.12650777","FALSE"
"134","51","54","Sylvia atricapilla","0.3793705","TRUE"
"137","3","6","Phylloscopus collybita","0.17153691","TRUE"
"137","6","9","Phylloscopus bonelli","0.19882618","FALSE"
"137","9","12","Fringilla coelebs","0.18849495","TRUE"
"137","15","18","Oriolus oriolus","0.19375919","TRUE"
"137","15","18","Phylloscopus bonelli","0.14524521","FALSE"
"137","21","24","Phylloscopus collybita","0.49633387","TRUE"
"137","24","27","Oriolus oriolus","0.32708094","TRUE"
"137","24","27","Phylloscopus collybita","0.20137383","TRUE"
"137","27","30","Fringilla coelebs","0.10488988","TRUE"
"137","30","33","Certhia brachydactyla","0.3172292","TRUE"
"137","39","42","Certhia brachydactyla","0.16762233","TRUE"
"137","42","45","Certhia brachydactyla","0.16257505","TRUE"
"137","45","48","Fringilla coelebs","0.11845932","TRUE"
"137","48","51","Oriolus oriolus","0.34283897","TRUE"
"137","51","54","Cuculus canorus","0.101443164","TRUE"
"137","54","57","Certhia brachydactyla","0.2150627","TRUE"
"137","54","57","Phylloscopus bonelli","0.116799116","FALSE"
"137","57","60","Fringilla coelebs","0.14032936","TRUE"
"138","0","3","Phylloscopus collybita","0.3114117","TRUE"
"138","6","9","Phylloscopus collybita","0.32892382","TRUE"
"138","12","15","Regulus ignicapilla","0.7619384","TRUE"
"138","18","21","Phylloscopus collybita","0.32252684","TRUE"
"138","21","24","Phylloscopus collybita","0.28903738","TRUE"
"138","24","27","Phylloscopus collybita","0.18004914","TRUE"
"138","36","39","Phylloscopus collybita","0.25663623","TRUE"
"138","42","45","Phylloscopus collybita","0.32494327","TRUE"
"138","45","48","Phylloscopus collybita","0.1568325","TRUE"
"138","48","51","Phylloscopus collybita","0.48061997","TRUE"
"138","51","54","Phylloscopus collybita","0.4265233","TRUE"
"139","39","42","Lullula arborea","0.2932245","FALSE"
"139","48","51","Sylvia atricapilla","0.29479983","TRUE"
"140","33","36","Luscinia megarhynchos","0.13149759","TRUE"
"140","36","39","Luscinia megarhynchos","0.12135728","TRUE"
"140","45","48","Luscinia megarhynchos","0.59263384","TRUE"
"140","51","54","Luscinia megarhynchos","0.17244893","TRUE"
"140","54","57","Luscinia megarhynchos","0.14207646","TRUE"
"141","0","3","Sylvia atricapilla","0.30409032","TRUE"
"141","0","3","Erithacus rubecula","0.12273389","FALSE"
"141","3","6","Emberiza cirlus","0.14881627","FALSE"
"141","9","12","Merops apiaster","0.83711433","TRUE"
"141","12","15","Sylvia atricapilla","0.8225672","TRUE"
"141","18","21","Merops apiaster","0.6896115","TRUE"
"141","21","24","Merops apiaster","0.9954071","TRUE"
"141","24","27","Merops apiaster","0.42522314","TRUE"
"141","27","30","Sylvia atricapilla","0.879192","TRUE"
"141","27","30","Sylvia borin","0.20164628","FALSE"
"141","27","30","Luscinia megarhynchos","0.102155454","FALSE"
"141","33","36","Merops apiaster","0.997883","TRUE"
"141","36","39","Merops apiaster","0.24624364","TRUE"
"141","36","39","Sylvia borin","0.11776349","FALSE"
"141","39","42","Sylvia atricapilla","0.1944078","TRUE"
"141","45","48","Merops apiaster","0.95615786","TRUE"
"141","48","51","Merops apiaster","0.8674728","TRUE"
"141","48","51","Sylvia borin","0.1478392","FALSE"
"141","51","54","Sylvia borin","0.26766548","FALSE"
"141","51","54","Sylvia atricapilla","0.19521597","TRUE"
"141","51","54","Luscinia megarhynchos","0.1250445","FALSE"
"141","54","57","Erithacus rubecula","0.21013665","FALSE"
"141","54","57","Sylvia atricapilla","0.11653726","TRUE"
"141","57","60","Merops apiaster","0.64113563","TRUE"
"143","15","18","Ciconia ciconia","0.14999212","FALSE"
"144","0","3","Erithacus rubecula","0.4352949","TRUE"
"144","3","6","Erithacus rubecula","0.9330543","TRUE"
"144","6","9","Luscinia megarhynchos","0.25413373","TRUE"
"144","9","12","Erithacus rubecula","0.4531822","TRUE"
"144","12","15","Dendrocoptes medius","0.9611573","TRUE"
"144","12","15","Dendrocopos major","0.17630655","FALSE"
"144","15","18","Luscinia megarhynchos","0.1067466","TRUE"
"144","18","21","Dendrocoptes medius","0.2890329","TRUE"
"144","18","21","Erithacus rubecula","0.24233069","TRUE"
"144","24","27","Erithacus rubecula","0.10199036","TRUE"
"144","30","33","Luscinia megarhynchos","0.3229987","TRUE"
"144","36","39","Luscinia megarhynchos","0.20400715","TRUE"
"144","45","48","Luscinia megarhynchos","0.27731106","TRUE"
"144","51","54","Emberiza cirlus","0.26684836","TRUE"
"144","51","54","Luscinia megarhynchos","0.20048995","TRUE"
"144","54","57","Emberiza cirlus","0.891786","TRUE"
"145","3","6","Luscinia megarhynchos","0.4390608","TRUE"
"145","6","9","Luscinia megarhynchos","0.16725248","TRUE"
"145","15","18","Luscinia megarhynchos","0.5872908","TRUE"
"145","15","18","Chloris chloris","0.11754497","FALSE"
"145","21","24","Luscinia megarhynchos","0.44710875","TRUE"
"145","27","30","Luscinia megarhynchos","0.16186468","TRUE"
"145","30","33","Acrocephalus arundinaceus","0.24544847","FALSE"
"145","33","36","Luscinia megarhynchos","0.7598676","TRUE"
"145","48","51","Luscinia megarhynchos","0.5834282","TRUE"
"146","18","21","Luscinia megarhynchos","0.25575715","TRUE"
"146","30","33","Luscinia megarhynchos","0.19616756","TRUE"
"146","33","36","Luscinia megarhynchos","0.19487073","TRUE"
"146","39","42","Luscinia megarhynchos","0.75767696","TRUE"
"146","45","48","Corvus corone","0.16366914","TRUE"
"146","48","51","Coracias garrulus","0.19265766","FALSE"
"146","54","57","Lullula arborea","0.13432796","FALSE"
"146","54","57","Luscinia megarhynchos","0.12696888","TRUE"
"146","57","60","Sylvia atricapilla","0.18095434","TRUE"
"147","51","54","Oriolus oriolus","0.10775505","TRUE"
"147","57","60","Oriolus oriolus","0.4290518","FALSE"
"148","21","24","Merops apiaster","0.81318617","FALSE"
"148","21","24","Charadrius hiaticula","0.15457526","FALSE"
"148","30","33","Luscinia megarhynchos","0.12599885","TRUE"
"148","39","42","Coturnix coturnix","0.17541072","FALSE"
"148","39","42","Luscinia megarhynchos","0.10832401","TRUE"
"149","9","12","Sylvia atricapilla","0.15197897","TRUE"
"149","18","21","Coturnix coturnix","0.120255046","FALSE"
"149","24","27","Lullula arborea","0.4761874","FALSE"
"149","24","27","Sylvia atricapilla","0.13773909","TRUE"
"149","30","33","Sylvia atricapilla","0.17555302","TRUE"
"149","39","42","Sylvia atricapilla","0.15526967","TRUE"
"149","42","45","Turdus merula","0.14536563","TRUE"
"149","45","48","Coturnix coturnix","0.18811047","FALSE"
"149","51","54","Turdus merula","0.11117847","TRUE"
"150","3","6","Buteo buteo","0.80766493","TRUE"
"150","15","18","Lullula arborea","0.14500561","FALSE"
"150","15","18","Sylvia atricapilla","0.10378014","TRUE"
"151","0","3","Luscinia megarhynchos","0.25935408","TRUE"
"151","3","6","Luscinia megarhynchos","0.4363201","TRUE"
"151","6","9","Luscinia megarhynchos","0.99496436","TRUE"
"151","6","9","Sylvia borin","0.104053535","FALSE"
"151","9","12","Luscinia megarhynchos","0.9075544","TRUE"
"151","12","15","Linaria cannabina","0.23571005","FALSE"
"151","18","21","Pyrrhula pyrrhula","0.23672274","FALSE"
"151","24","27","Cettia cetti","0.51560163","FALSE"
"151","24","27","Luscinia megarhynchos","0.4117168","TRUE"
"151","24","27","Fringilla coelebs","0.11908756","FALSE"
"151","27","30","Luscinia megarhynchos","0.9781847","TRUE"
"151","27","30","Sylvia atricapilla","0.16951044","FALSE"
"151","30","33","Luscinia megarhynchos","0.9957616","TRUE"
"151","33","36","Luscinia megarhynchos","0.97051126","TRUE"
"151","33","36","Sylvia borin","0.8638762","FALSE"
"151","33","36","Sylvia atricapilla","0.13189863","FALSE"
"151","48","51","Acrocephalus arundinaceus","0.13049422","FALSE"
"151","54","57","Luscinia megarhynchos","0.23958583","TRUE"
"151","57","60","Luscinia megarhynchos","0.26398152","TRUE"
"151","57","60","Sylvia atricapilla","0.10520581","FALSE"
"152","30","33","Muscicapa striata","0.124871805","FALSE"
"152","30","33","Luscinia megarhynchos","0.113464765","TRUE"
"152","33","36","Luscinia megarhynchos","0.114081584","TRUE"
"152","36","39","Emberiza cirlus","0.17054142","TRUE"
"152","51","54","Lullula arborea","0.11084479","FALSE"
"153","33","36","Burhinus oedicnemus","0.13456154","FALSE"
"154","9","12","Luscinia megarhynchos","0.64177746","TRUE"
"154","18","21","Luscinia megarhynchos","0.491398","TRUE"
"154","24","27","Luscinia megarhynchos","0.5647826","TRUE"
"154","30","33","Luscinia megarhynchos","0.21111782","TRUE"
"154","33","36","Luscinia megarhynchos","0.23782969","TRUE"
"154","36","39","Luscinia megarhynchos","0.33475637","TRUE"
"154","39","42","Luscinia megarhynchos","0.1421511","TRUE"
"154","42","45","Strix aluco","0.15047775","FALSE"
"154","45","48","Luscinia megarhynchos","0.78431237","TRUE"
"154","48","51","Luscinia megarhynchos","0.9158728","TRUE"
"154","51","54","Luscinia megarhynchos","0.66069883","TRUE"
"154","57","60","Luscinia megarhynchos","0.45249814","TRUE"
"155","6","9","Luscinia megarhynchos","0.42537466","TRUE"
"155","9","12","Luscinia megarhynchos","0.15036465","TRUE"
"155","12","15","Luscinia megarhynchos","0.32111204","TRUE"
"155","15","18","Luscinia megarhynchos","0.10498444","TRUE"
"155","18","21","Emberiza cirlus","0.105372354","TRUE"
"155","24","27","Lullula arborea","0.1343503","FALSE"
"155","27","30","Emberiza cirlus","0.29581368","TRUE"
"155","30","33","Sturnus unicolor","0.1675168","FALSE"
"155","33","36","Luscinia megarhynchos","0.14789622","TRUE"
"155","36","39","Ixobrychus minutus","0.14606786","FALSE"
"155","39","42","Emberiza cirlus","0.7397188","TRUE"
"155","45","48","Emberiza cirlus","0.35191253","TRUE"
"155","45","48","Luscinia megarhynchos","0.13911329","TRUE"
"155","48","51","Emberiza cirlus","0.7567047","TRUE"
"155","48","51","Phylloscopus bonelli","0.10559533","FALSE"
"155","51","54","Luscinia megarhynchos","0.2789629","TRUE"
"155","57","60","Emberiza cirlus","0.65971076","TRUE"
"156","0","3","Turdus merula","0.10638427","TRUE"
"156","3","6","Cyanistes caeruleus","0.45478335","TRUE"
"156","3","6","Emberiza cirlus","0.2870814","FALSE"
"156","6","9","Lophophanes cristatus","0.41625544","TRUE"
"156","6","9","Cyanistes caeruleus","0.16899867","TRUE"
"156","9","12","Cyanistes caeruleus","0.32305694","TRUE"
"156","9","12","Emberiza cirlus","0.14986993","FALSE"
"156","12","15","Cyanistes caeruleus","0.3245407","TRUE"
"156","12","15","Erithacus rubecula","0.1295384","FALSE"
"156","15","18","Lophophanes cristatus","0.5906735","TRUE"
"156","18","21","Turdus merula","0.16998835","TRUE"
"156","21","24","Emberiza cirlus","0.12694302","FALSE"
"156","45","48","Cyanistes caeruleus","0.14221177","TRUE"
"156","45","48","Lophophanes cristatus","0.104680575","TRUE"
"156","51","54","Cyanistes caeruleus","0.16625123","TRUE"
"156","57","60","Cyanistes caeruleus","0.18777803","TRUE"
"157","9","12","Luscinia megarhynchos","0.22149661","TRUE"
"157","15","18","Luscinia megarhynchos","0.3334577","TRUE"
"157","33","36","Luscinia megarhynchos","0.40259638","TRUE"
"157","36","39","Coturnix coturnix","0.41739434","FALSE"
"157","39","42","Luscinia megarhynchos","0.14981322","TRUE"
"157","54","57","Luscinia megarhynchos","0.36005756","TRUE"
"158","0","3","Hippolais polyglotta","0.39268392","TRUE"
"158","3","6","Hippolais polyglotta","0.9832018","TRUE"
"158","6","9","Hippolais polyglotta","0.99300706","TRUE"
"158","9","12","Hippolais polyglotta","0.9136122","TRUE"
"158","12","15","Passer domesticus","0.4471233","TRUE"
"158","12","15","Passer hispaniolensis","0.17464244","FALSE"
"158","15","18","Hippolais polyglotta","0.9234773","TRUE"
"158","18","21","Hippolais polyglotta","0.9406277","TRUE"
"158","21","24","Passer domesticus","0.6902197","TRUE"
"158","21","24","Passer hispaniolensis","0.13397089","FALSE"
"158","24","27","Passer domesticus","0.12029181","TRUE"
"158","24","27","Carduelis carduelis","0.100497104","FALSE"
"158","27","30","Hippolais polyglotta","0.91916233","TRUE"
"158","30","33","Hippolais polyglotta","0.9064436","TRUE"
"158","33","36","Hippolais polyglotta","0.9228428","TRUE"
"158","36","39","Hippolais polyglotta","0.95387536","TRUE"
"158","39","42","Hippolais polyglotta","0.97322714","TRUE"
"158","42","45","Hippolais polyglotta","0.7241853","TRUE"
"158","51","54","Hippolais polyglotta","0.9469911","TRUE"
"158","54","57","Hippolais polyglotta","0.9986248","TRUE"
"158","57","60","Hippolais polyglotta","0.6804818","TRUE"
"159","12","15","Lullula arborea","0.114486836","FALSE"
"159","15","18","Hippolais polyglotta","0.8126757","TRUE"
"159","18","21","Hippolais polyglotta","0.96647257","TRUE"
"159","21","24","Hippolais polyglotta","0.98849165","TRUE"
"159","24","27","Hippolais polyglotta","0.9306789","TRUE"
"159","27","30","Hippolais polyglotta","0.97248715","TRUE"
"159","30","33","Hippolais polyglotta","0.97220606","TRUE"
"159","33","36","Hippolais polyglotta","0.9839061","TRUE"
"159","57","60","Hippolais polyglotta","0.618948","TRUE"
"161","0","3","Hippolais polyglotta","0.16082416","FALSE"
"161","3","6","Oriolus oriolus","0.34311897","TRUE"
"161","3","6","Emberiza cirlus","0.11013249","TRUE"
"161","6","9","Emberiza cirlus","0.14484125","TRUE"
"161","6","9","Emberiza cia","0.14354075","FALSE"
"161","12","15","Emberiza cirlus","0.59775364","TRUE"
"161","18","21","Emberiza cirlus","0.3012157","TRUE"
"161","18","21","Columba palumbus","0.10503779","TRUE"
"161","21","24","Emberiza cirlus","0.13776836","TRUE"
"161","24","27","Hippolais polyglotta","0.14918564","FALSE"
"161","24","27","Emberiza cirlus","0.13696902","TRUE"
"161","27","30","Emberiza cirlus","0.8306153","TRUE"
"161","27","30","Oriolus oriolus","0.5948673","TRUE"
"161","27","30","Phylloscopus bonelli","0.12289657","FALSE"
"161","30","33","Emberiza cirlus","0.50969267","TRUE"
"161","30","33","Hippolais polyglotta","0.17864153","FALSE"
"161","33","36","Emberiza cirlus","0.18647785","TRUE"
"161","36","39","Emberiza cirlus","0.5267135","TRUE"
"161","39","42","Emberiza cirlus","0.30599698","FALSE"
"161","42","45","Oriolus oriolus","0.6929561","TRUE"
"161","45","48","Hippolais polyglotta","0.2248981","FALSE"
"161","45","48","Sylvia borin","0.12458735","FALSE"
"161","48","51","Sturnus unicolor","0.21547869","FALSE"
"161","54","57","Oriolus oriolus","0.22404297","TRUE"
"161","57","60","Corvus corone","0.117909364","TRUE"
"163","9","12","Coturnix coturnix","0.1354112","TRUE"
"163","18","21","Luscinia megarhynchos","0.10883296","TRUE"
"163","33","36","Coturnix coturnix","0.14060275","TRUE"
"163","57","60","Merops apiaster","0.10429163","FALSE"
"164","3","6","Passer domesticus","0.34560826","TRUE"
"164","3","6","Passer montanus","0.15310249","FALSE"
"164","6","9","Sylvia atricapilla","0.19608824","TRUE"
"164","9","12","Passer montanus","0.112970166","FALSE"
"164","12","15","Passer montanus","0.12693706","FALSE"
"164","12","15","Passer domesticus","0.10610079","TRUE"
"164","15","18","Sylvia atricapilla","0.23217244","TRUE"
"164","21","24","Passer domesticus","0.26895505","TRUE"
"164","21","24","Passer montanus","0.11981924","FALSE"
"164","24","27","Sylvia atricapilla","0.511862","TRUE"
"164","27","30","Sylvia atricapilla","0.6230976","TRUE"
"164","33","36","Passer domesticus","0.116451904","FALSE"
"164","36","39","Sylvia atricapilla","0.48496398","TRUE"
"164","39","42","Sylvia atricapilla","0.11984565","TRUE"
"164","42","45","Oriolus oriolus","0.12628077","FALSE"
"164","45","48","Sylvia atricapilla","0.4651178","TRUE"
"164","48","51","Sylvia atricapilla","0.15459923","TRUE"
"164","54","57","Sylvia atricapilla","0.5892762","TRUE"
"164","57","60","Sylvia atricapilla","0.30546513","TRUE"
"164","57","60","Phylloscopus trochilus","0.1325555","FALSE"
"165","0","3","Phoenicurus ochruros","0.43237162","TRUE"
"165","3","6","Sylvia atricapilla","0.40712735","TRUE"
"165","6","9","Sylvia atricapilla","0.11187424","TRUE"
"165","12","15","Sylvia atricapilla","0.11272499","TRUE"
"165","15","18","Sylvia atricapilla","0.104415596","TRUE"
"165","39","42","Falco naumanni","0.10647502","FALSE"
"167","0","3","Troglodytes troglodytes","0.16194607","TRUE"
"167","0","3","Phylloscopus bonelli","0.11059703","FALSE"
"167","6","9","Sylvia atricapilla","0.12600243","TRUE"
"167","9","12","Cuculus canorus","0.25471988","TRUE"
"167","9","12","Oriolus oriolus","0.18104675","FALSE"
"167","12","15","Cuculus canorus","0.7251971","TRUE"
"167","15","18","Cuculus canorus","0.88525355","TRUE"
"167","18","21","Regulus ignicapilla","0.4260239","FALSE"
"167","18","21","Sylvia atricapilla","0.13925597","TRUE"
"167","21","24","Oriolus oriolus","0.11078408","FALSE"
"167","24","27","Sylvia atricapilla","0.10497348","TRUE"
"167","27","30","Oriolus oriolus","0.13919568","TRUE"
"167","36","39","Phylloscopus collybita","0.103397705","TRUE"
"167","42","45","Troglodytes troglodytes","0.10562888","TRUE"
"167","45","48","Certhia brachydactyla","0.10867993","FALSE"
"167","54","57","Sylvia atricapilla","0.10455897","TRUE"
"168","0","3","Phylloscopus collybita","0.45646933","TRUE"
"168","3","6","Sylvia atricapilla","0.1793626","TRUE"
"168","6","9","Sylvia atricapilla","0.40817195","TRUE"
"168","6","9","Phylloscopus collybita","0.11701964","TRUE"
"168","15","18","Sylvia atricapilla","0.568986","TRUE"
"168","18","21","Phylloscopus collybita","0.102764785","TRUE"
"168","21","24","Phylloscopus collybita","0.14324969","TRUE"
"168","27","30","Sylvia atricapilla","0.58016056","TRUE"
"168","30","33","Sylvia atricapilla","0.33354247","TRUE"
"168","30","33","Turdus viscivorus","0.12985696","FALSE"
"168","33","36","Phylloscopus collybita","0.19976972","TRUE"
"168","36","39","Phylloscopus collybita","0.17845646","TRUE"
"168","39","42","Sylvia atricapilla","0.8064344","TRUE"
"168","39","42","Sylvia borin","0.21773472","FALSE"
"168","42","45","Sylvia atricapilla","0.83590686","TRUE"
"168","45","48","Phylloscopus collybita","0.17818634","TRUE"
"168","57","60","Cyanistes caeruleus","0.3655539","TRUE"
"168","57","60","Periparus ater","0.18658067","FALSE"
"169","0","3","Phylloscopus collybita","0.14610241","TRUE"
"169","6","9","Phylloscopus collybita","0.22078678","TRUE"
"169","9","12","Periparus ater","0.10737509","FALSE"
"169","33","36","Erithacus rubecula","0.45611233","TRUE"
"169","45","48","Dendrocoptes medius","0.7555656","TRUE"
"169","48","51","Dendrocoptes medius","0.9235407","TRUE"
"171","0","3","Turdus viscivorus","0.9171997","TRUE"
"171","9","12","Certhia brachydactyla","0.54889184","TRUE"
"171","15","18","Oriolus oriolus","0.11323952","FALSE"
"171","18","21","Certhia brachydactyla","0.27218747","TRUE"
"171","21","24","Certhia brachydactyla","0.2949372","TRUE"
"171","24","27","Sylvia atricapilla","0.10413199","TRUE"
"171","27","30","Certhia brachydactyla","0.93419045","TRUE"
"171","30","33","Phylloscopus collybita","0.31504586","TRUE"
"171","36","39","Certhia brachydactyla","0.14252567","TRUE"
"171","39","42","Turdus viscivorus","0.5212081","TRUE"
"171","39","42","Phylloscopus collybita","0.15322983","TRUE"
"171","42","45","Sylvia atricapilla","0.23053029","TRUE"
"171","45","48","Phylloscopus collybita","0.6901454","TRUE"
"171","51","54","Phylloscopus collybita","0.57310283","TRUE"
"171","54","57","Sylvia atricapilla","0.12037968","TRUE"
"171","54","57","Phylloscopus collybita","0.10482059","TRUE"
"171","57","60","Turdus viscivorus","0.15861702","TRUE"
"173","9","12","Parus major","0.2464291","TRUE"
"173","18","21","Corvus corone","0.40408936","TRUE"
"173","18","21","Corvus cornix","0.16329506","FALSE"
"173","21","24","Corvus corone","0.46273264","TRUE"
"173","21","24","Corvus cornix","0.29754966","FALSE"
"173","24","27","Corvus corone","0.6545679","TRUE"
"173","24","27","Corvus cornix","0.54414654","FALSE"
"173","27","30","Corvus corone","0.31492952","TRUE"
"173","27","30","Corvus cornix","0.14124508","FALSE"
"173","30","33","Corvus corone","0.44908974","TRUE"
"173","30","33","Corvus cornix","0.41770402","FALSE"
"173","36","39","Corvus corone","0.83467025","TRUE"
"173","36","39","Corvus cornix","0.2643439","FALSE"
"173","42","45","Corvus corone","0.38059688","TRUE"
"173","42","45","Corvus cornix","0.1087885","FALSE"
"173","51","54","Parus major","0.11218868","TRUE"
"174","36","39","Phylloscopus ibericus","0.13275918","FALSE"
"175","18","21","Cyanistes caeruleus","0.23745489","FALSE"
"175","30","33","Phylloscopus bonelli","0.10285002","FALSE"
"175","51","54","Parus major","0.10197997","FALSE"
"175","57","60","Parus major","0.12555107","FALSE"
"177","0","3","Corvus corone","0.5570191","TRUE"
"177","0","3","Corvus cornix","0.14519605","FALSE"
"177","30","33","Corvus corone","0.11230213","TRUE"
"177","33","36","Corvus corone","0.102200955","TRUE"
"177","39","42","Corvus corone","0.105990395","TRUE"
"178","12","15","Sylvia atricapilla","0.45929894","TRUE"
"178","15","18","Sylvia atricapilla","0.31289762","TRUE"
"178","15","18","Cettia cetti","0.10433819","FALSE"
"178","18","21","Sylvia atricapilla","0.35527393","TRUE"
"178","18","21","Cettia cetti","0.11129303","FALSE"
"178","27","30","Sylvia atricapilla","0.10791712","TRUE"
"178","30","33","Sylvia atricapilla","0.19990958","TRUE"
"178","33","36","Turdus merula","0.1709853","TRUE"
"178","48","51","Sylvia atricapilla","0.15702134","TRUE"
"180","18","21","Certhia brachydactyla","0.11893323","FALSE"
"180","21","24","Luscinia megarhynchos","0.16868447","TRUE"
"180","24","27","Luscinia megarhynchos","0.11871762","TRUE"
"180","57","60","Luscinia megarhynchos","0.16841984","TRUE"
