station,ARU,recording_date,recording_time,file_name,local_directory,server_directory_name,server_directory_URL,hard_drive_directory,second_recording,third_recording,fourth_recording
5,SM4,20/06/19,00:00:00,S4A10950_20190620_000000.wav,../Recordings/Selected/Aurignac/5,3 SMA4 juin eoux,https://nextcloud.inrae.fr/s/MzeqsR82M8BiC2R?path=%2F3%20SMA4%20juin%20eoux,/media/david/One Touch/PSI-BIOM/Travail/Enregistrements analyses BirdNET/Aurignac/5,S4A10950_20190620_010000.wav,S4A10950_20190620_020000.wav,S4A10950_20190620_030000.wav
5,SM4,20/06/19,07:00:00,S4A10950_20190620_070000.wav,../Recordings/Selected/Aurignac/5,3 SMA4 juin eoux,https://nextcloud.inrae.fr/s/MzeqsR82M8BiC2R?path=%2F3%20SMA4%20juin%20eoux,/media/david/One Touch/PSI-BIOM/Travail/Enregistrements analyses BirdNET/Aurignac/5,S4A10950_20190620_080000.wav,S4A10950_20190620_090000.wav,S4A10950_20190620_100000.wav
5,SM4,20/06/19,13:00:00,S4A10954_20190620_130000.wav,../Recordings/Selected/Aurignac/5,4 SMA4 juin eoux,https://nextcloud.inrae.fr/s/MzeqsR82M8BiC2R?path=%2F4%20SM4%20juin%20eoux,/media/david/One Touch/PSI-BIOM/Travail/Enregistrements analyses BirdNET/Aurignac/5,S4A10954_20190620_140000.wav,S4A10954_20190620_110000.wav,S4A10950_20190620_100000.wav
8,Audiomoth,29/05/20,00:00:00,20200529_000000.wav,../Recordings/Selected/Aurignac/8,Aurignac Audio 2020 AMTE 8,https://nextcloud.inrae.fr/s/MzeqsR82M8BiC2R?path=%2FAurignac%20Audio%202020%20AMTE%208,/media/david/One Touch/PSI-BIOM/Travail/Enregistrements analyses BirdNET/Aurignac/8,20200529_010000.wav,20200529_020000.wav,20200529_030000.wav
8,Audiomoth,29/05/20,07:00:00,20200529_070000.wav,../Recordings/Selected/Aurignac/8,Aurignac Audio 2020 AMTE 8,https://nextcloud.inrae.fr/s/MzeqsR82M8BiC2R?path=%2FAurignac%20Audio%202020%20AMTE%208,/media/david/One Touch/PSI-BIOM/Travail/Enregistrements analyses BirdNET/Aurignac/8,20200529_080000.wav,20200529_090000.wav,20200529_100000.wav
8,Audiomoth,28/05/20,13:00:00,20200528_130000.wav,../Recordings/Selected/Aurignac/8,Aurignac Audio 2020 AMTE 8,https://nextcloud.inrae.fr/s/MzeqsR82M8BiC2R?path=%2FAurignac%20Audio%202020%20AMTE%208,/media/david/One Touch/PSI-BIOM/Travail/Enregistrements analyses BirdNET/Aurignac/8,20200528_140000.wav,20200528_150000.wav,20200528_160000.wav
14,Audiomoth,29/05/20,00:00:00,20200529_000000.wav,../Recordings/Selected/Aurignac/14,Aurignac Audio 2020 AMTN 14,https://nextcloud.inrae.fr/s/MzeqsR82M8BiC2R?path=%2FAurignac%20Audio%202020%20AMTN%2014,/media/david/One Touch/PSI-BIOM/Travail/Enregistrements analyses BirdNET/Aurignac/14,20200529_010000.wav,20200529_020000.wav,20200529_030000.wav
14,Audiomoth,29/05/20,07:00:00,20200529_070000.wav,../Recordings/Selected/Aurignac/14,Aurignac Audio 2020 AMTN 14,https://nextcloud.inrae.fr/s/MzeqsR82M8BiC2R?path=%2FAurignac%20Audio%202020%20AMTN%2014,/media/david/One Touch/PSI-BIOM/Travail/Enregistrements analyses BirdNET/Aurignac/14,20200529_080000.wav,20200529_090000.wav,20200529_100000.wav
14,Audiomoth,28/05/20,13:00:00,20200528_130000.wav,../Recordings/Selected/Aurignac/14,Aurignac Audio 2020 AMTN 14,https://nextcloud.inrae.fr/s/MzeqsR82M8BiC2R?path=%2FAurignac%20Audio%202020%20AMTN%2014,/media/david/One Touch/PSI-BIOM/Travail/Enregistrements analyses BirdNET/Aurignac/14,20200528_140000.wav,20200528_150000.wav,20200528_160000.wav
23,Audiomoth,29/05/20,00:00:00,20200529_000000.wav,../Recordings/Selected/Aurignac/23,Aurignac Audio 2020 AMTH 23,https://nextcloud.inrae.fr/s/MzeqsR82M8BiC2R?path=%2FAurignac%20Audio%202020%20AMTH%2023,/media/david/One Touch/PSI-BIOM/Travail/Enregistrements analyses BirdNET/Aurignac/23,20200529_010000.wav,20200529_020000.wav,20200529_030000.wav
23,Audiomoth,29/05/20,07:00:00,20200529_070000.wav,../Recordings/Selected/Aurignac/23,Aurignac Audio 2020 AMTH 23,https://nextcloud.inrae.fr/s/MzeqsR82M8BiC2R?path=%2FAurignac%20Audio%202020%20AMTH%2023,/media/david/One Touch/PSI-BIOM/Travail/Enregistrements analyses BirdNET/Aurignac/23,20200529_080000.wav,20200529_090000.wav,20200529_100000.wav
23,Audiomoth,28/05/20,13:00:00,20200528_130000.wav,../Recordings/Selected/Aurignac/23,Aurignac Audio 2020 AMTH 23,https://nextcloud.inrae.fr/s/MzeqsR82M8BiC2R?path=%2FAurignac%20Audio%202020%20AMTH%2023,/media/david/One Touch/PSI-BIOM/Travail/Enregistrements analyses BirdNET/Aurignac/23,20200528_140000.wav,20200528_150000.wav,20200528_160000.wav
41,Audiomoth,29/05/20,00:00:00,20200529_000000.wav,../Recordings/Selected/Aurignac/41,Aurignac Audio 2020 AMTP 41,https://nextcloud.inrae.fr/s/MzeqsR82M8BiC2R?path=%2FAurignac%20Audio%202020%20AMTP%2041,/media/david/One Touch/PSI-BIOM/Travail/Enregistrements analyses BirdNET/Aurignac/41,20200529_010000.wav,20200529_020000.wav,20200529_030000.wav
41,Audiomoth,29/05/20,07:00:00,20200529_070000.wav,../Recordings/Selected/Aurignac/41,Aurignac Audio 2020 AMTP 41,https://nextcloud.inrae.fr/s/MzeqsR82M8BiC2R?path=%2FAurignac%20Audio%202020%20AMTP%2041,/media/david/One Touch/PSI-BIOM/Travail/Enregistrements analyses BirdNET/Aurignac/41,20200529_080000.wav,20200529_090000.wav,20200529_100000.wav
41,Audiomoth,28/05/20,13:00:00,20200528_130000.wav,../Recordings/Selected/Aurignac/41,Aurignac Audio 2020 AMTP 41,https://nextcloud.inrae.fr/s/MzeqsR82M8BiC2R?path=%2FAurignac%20Audio%202020%20AMTP%2041,/media/david/One Touch/PSI-BIOM/Travail/Enregistrements analyses BirdNET/Aurignac/41,20200528_140000.wav,20200528_150000.wav,20200528_160000.wav
61,SM4,18/06/19,00:00:00,S4A10950_20190618_000000.wav,../Recordings/Selected/Aurignac/61,3 SMA4 juin eoux,https://nextcloud.inrae.fr/s/MzeqsR82M8BiC2R?path=%2F3%20SMA4%20juin%20eoux,/media/david/One Touch/PSI-BIOM/Travail/Enregistrements analyses BirdNET/Aurignac/61,S4A10950_20190618_010000.wav,S4A10950_20190618_020000.wav,S4A10950_20190618_030000.wav
61,SM4,18/06/19,07:00:00,S4A10950_20190618_070000.wav,../Recordings/Selected/Aurignac/61,3 SMA4 juin eoux,https://nextcloud.inrae.fr/s/MzeqsR82M8BiC2R?path=%2F3%20SMA4%20juin%20eoux,/media/david/One Touch/PSI-BIOM/Travail/Enregistrements analyses BirdNET/Aurignac/61,S4A10950_20190618_080000.wav,S4A10950_20190618_090000.wav,S4A10950_20190618_100000.wav
61,SM4,18/06/19,13:00:00,S4A10950_20190618_130000.wav,../Recordings/Selected/Aurignac/61,3 SMA4 juin eoux,https://nextcloud.inrae.fr/s/MzeqsR82M8BiC2R?path=%2F3%20SMA4%20juin%20eoux,/media/david/One Touch/PSI-BIOM/Travail/Enregistrements analyses BirdNET/Aurignac/61,S4A10950_20190618_140000.wav,S4A10950_20190618_150000.wav,S4A10950_20190618_160000.wav
66,SM4,19/06/19,00:00:00,S4A10950_20190619_000000.wav,../Recordings/Selected/Aurignac/66,3 SMA4 juin eoux,https://nextcloud.inrae.fr/s/MzeqsR82M8BiC2R?path=%2F3%20SMA4%20juin%20eoux,/media/david/One Touch/PSI-BIOM/Travail/Enregistrements analyses BirdNET/Aurignac/66,S4A10950_20190619_010000.wav,S4A10950_20190619_020000.wav,S4A10950_20190619_030000.wav
66,SM4,19/06/19,07:00:00,S4A10950_20190619_070000.wav,../Recordings/Selected/Aurignac/66,3 SMA4 juin eoux,https://nextcloud.inrae.fr/s/MzeqsR82M8BiC2R?path=%2F3%20SMA4%20juin%20eoux,/media/david/One Touch/PSI-BIOM/Travail/Enregistrements analyses BirdNET/Aurignac/66,S4A10950_20190619_080000.wav,S4A10950_20190619_090000.wav,S4A10950_20190619_100000.wav
66,SM4,19/06/19,13:00:00,S4A10950_20190619_130000.wav,../Recordings/Selected/Aurignac/66,3 SMA4 juin eoux,https://nextcloud.inrae.fr/s/MzeqsR82M8BiC2R?path=%2F3%20SMA4%20juin%20eoux,/media/david/One Touch/PSI-BIOM/Travail/Enregistrements analyses BirdNET/Aurignac/66,S4A10950_20190619_140000.wav,S4A10950_20190619_150000.wav,S4A10950_20190619_120000.wav
85,Audiomoth,20/06/19,00:00:00,20190620_000000.wav,../Recordings/Selected/Aurignac/85,Audiomoth_2_16-20juin,https://nextcloud.inrae.fr/s/MzeqsR82M8BiC2R?path=%2FAudiomoth_2_16-20juin,/media/david/One Touch/PSI-BIOM/Travail/Enregistrements analyses BirdNET/Aurignac/85,20190620_010000.wav,20190620_020000.wav,20190620_030000.wav
85,Audiomoth,20/06/19,07:00:00,20190620_070000.wav,../Recordings/Selected/Aurignac/85,Audiomoth_2_16-20juin,https://nextcloud.inrae.fr/s/MzeqsR82M8BiC2R?path=%2FAudiomoth_2_16-20juin,/media/david/One Touch/PSI-BIOM/Travail/Enregistrements analyses BirdNET/Aurignac/85,20190620_080000.wav,20190620_090000.wav,20190620_100000.wav
85,Audiomoth,20/06/19,13:00:00,20190620_130000.wav,../Recordings/Selected/Aurignac/85,Audiomoth_2_16-20juin,https://nextcloud.inrae.fr/s/MzeqsR82M8BiC2R?path=%2FAudiomoth_2_16-20juin,/media/david/One Touch/PSI-BIOM/Travail/Enregistrements analyses BirdNET/Aurignac/85,20190620_140000.wav,20190620_120000.wav,20190620_110000.wav
91,Audiomoth,29/05/20,00:00:00,20200529_000000.wav,../Recordings/Selected/Aurignac/91,Aurignac Audio 2020 AMTD 91,https://nextcloud.inrae.fr/s/MzeqsR82M8BiC2R?path=%2FAurignac%20Audio%202020%20AMTD%2091,/media/david/One Touch/PSI-BIOM/Travail/Enregistrements analyses BirdNET/Aurignac/91,20200529_010000.wav,20200529_020000.wav,20200529_030000.wav
91,Audiomoth,29/05/20,07:00:00,20200529_070000.wav,../Recordings/Selected/Aurignac/91,Aurignac Audio 2020 AMTD 91,https://nextcloud.inrae.fr/s/MzeqsR82M8BiC2R?path=%2FAurignac%20Audio%202020%20AMTD%2091,/media/david/One Touch/PSI-BIOM/Travail/Enregistrements analyses BirdNET/Aurignac/91,20200529_080000.wav,20200529_090000.wav,20200529_100000.wav
91,Audiomoth,28/05/20,13:00:00,20200528_130000.wav,../Recordings/Selected/Aurignac/91,Aurignac Audio 2020 AMTD 91,https://nextcloud.inrae.fr/s/MzeqsR82M8BiC2R?path=%2FAurignac%20Audio%202020%20AMTD%2091,/media/david/One Touch/PSI-BIOM/Travail/Enregistrements analyses BirdNET/Aurignac/91,20200528_140000.wav,20200528_150000.wav,20200528_160000.wav
96,SM4,24/04/19,00:00:00,S4A08058_20190424_000000.wav,../Recordings/Selected/Aurignac/96,1 SM4 avril eoux,https://nextcloud.inrae.fr/s/MzeqsR82M8BiC2R?path=%2F1%20SM4%20avril%20eoux,/media/david/One Touch/PSI-BIOM/Travail/Enregistrements analyses BirdNET/Aurignac/96,S4A08058_20190424_010000.wav,S4A08058_20190424_020000.wav,S4A08058_20190424_030000.wav
96,SM4,24/04/19,07:00:00,S4A08058_20190424_070000.wav,../Recordings/Selected/Aurignac/96,1 SM4 avril eoux,https://nextcloud.inrae.fr/s/MzeqsR82M8BiC2R?path=%2F1%20SM4%20avril%20eoux,/media/david/One Touch/PSI-BIOM/Travail/Enregistrements analyses BirdNET/Aurignac/96,S4A08058_20190424_080000.wav,S4A08058_20190424_090000.wav,S4A08058_20190424_100000.wav
96,SM4,23/04/19,13:00:00,S4A08058_20190423_130000.wav,../Recordings/Selected/Aurignac/96,1 SM4 avril eoux,https://nextcloud.inrae.fr/s/MzeqsR82M8BiC2R?path=%2F1%20SM4%20avril%20eoux,/media/david/One Touch/PSI-BIOM/Travail/Enregistrements analyses BirdNET/Aurignac/96,S4A08058_20190423_140000.wav,S4A08058_20190423_150000.wav,S4A08058_20190423_160000.wav
100,SM4,04/05/21,00:00:00,S4A10950_20210504_000000.wav,../Recordings/Selected/Aurignac/100,SM 100,https://nextcloud.inrae.fr/s/MzeqsR82M8BiC2R?path=%2FSM%20100,/media/david/One Touch/PSI-BIOM/Travail/Enregistrements analyses BirdNET/Aurignac/100,S4A10950_20210504_010000.wav,S4A10950_20210504_020000.wav,S4A10950_20210504_030000.wav
100,SM4,04/05/21,07:00:00,S4A10950_20210504_070000.wav,../Recordings/Selected/Aurignac/100,SM 100,https://nextcloud.inrae.fr/s/MzeqsR82M8BiC2R?path=%2FSM%20100,/media/david/One Touch/PSI-BIOM/Travail/Enregistrements analyses BirdNET/Aurignac/100,S4A10950_20210504_080000.wav,S4A10950_20210504_090000.wav,S4A10950_20210504_100000.wav
100,SM4,04/05/21,13:00:00,S4A10950_20210504_130000.wav,../Recordings/Selected/Aurignac/100,SM 100,https://nextcloud.inrae.fr/s/MzeqsR82M8BiC2R?path=%2FSM%20100,/media/david/One Touch/PSI-BIOM/Travail/Enregistrements analyses BirdNET/Aurignac/100,S4A10950_20210504_140000.wav,S4A10950_20210504_150000.wav,S4A10950_20210504_160000.wav
108,SM4,06/05/21,00:00:00,S4A10954_20210506_000000.wav,../Recordings/Selected/Aurignac/108,SM 108,https://nextcloud.inrae.fr/s/MzeqsR82M8BiC2R?path=%2FSM%20108,/media/david/One Touch/PSI-BIOM/Travail/Enregistrements analyses BirdNET/Aurignac/108,S4A10954_20210506_010000.wav,S4A10954_20210506_020000.wav,S4A10954_20210506_030000.wav
108,SM4,06/05/21,07:00:00,S4A10954_20210506_070000.wav,../Recordings/Selected/Aurignac/108,SM 108,https://nextcloud.inrae.fr/s/MzeqsR82M8BiC2R?path=%2FSM%20108,/media/david/One Touch/PSI-BIOM/Travail/Enregistrements analyses BirdNET/Aurignac/108,S4A10954_20210506_080000.wav,S4A10954_20210506_090000.wav,S4A10954_20210506_100000.wav
108,SM4,05/05/21,13:00:00,S4A10954_20210505_130000.wav,../Recordings/Selected/Aurignac/108,SM 108,https://nextcloud.inrae.fr/s/MzeqsR82M8BiC2R?path=%2FSM%20108,/media/david/One Touch/PSI-BIOM/Travail/Enregistrements analyses BirdNET/Aurignac/108,S4A10954_20210505_140000.wav,S4A10954_20210505_150000.wav,S4A10954_20210505_160000.wav
109,SM4,28/05/20,00:00:00,S4A10922_20200528_000000.wav,../Recordings/Selected/Aurignac/109,Aurignac Audio 2020 SM4B 109 239,https://nextcloud.inrae.fr/s/MzeqsR82M8BiC2R?path=%2FAurignac%20Audio%202020%20SM4B%20109%20239,/media/david/One Touch/PSI-BIOM/Travail/Enregistrements analyses BirdNET/Aurignac/109,S4A10922_20200528_010000.wav,S4A10922_20200528_020000.wav,S4A10922_20200528_030000.wav
109,SM4,28/05/20,07:00:00,S4A10922_20200528_070000.wav,../Recordings/Selected/Aurignac/109,Aurignac Audio 2020 SM4B 109 239,https://nextcloud.inrae.fr/s/MzeqsR82M8BiC2R?path=%2FAurignac%20Audio%202020%20SM4B%20109%20239,/media/david/One Touch/PSI-BIOM/Travail/Enregistrements analyses BirdNET/Aurignac/109,S4A10922_20200528_080000.wav,S4A10922_20200528_090000.wav,S4A10922_20200528_100000.wav
109,SM4,28/05/20,13:00:00,S4A10922_20200528_130000.wav,../Recordings/Selected/Aurignac/109,Aurignac Audio 2020 SM4B 109 239,https://nextcloud.inrae.fr/s/MzeqsR82M8BiC2R?path=%2FAurignac%20Audio%202020%20SM4B%20109%20239,/media/david/One Touch/PSI-BIOM/Travail/Enregistrements analyses BirdNET/Aurignac/109,S4A10922_20200528_140000.wav,S4A10922_20200528_120000.wav,S4A10922_20200528_110000.wav
116,Audiomoth,29/05/20,00:00:00,20200529_000000.wav,../Recordings/Selected/Aurignac/116,Aurignac Audio 2020 AMTF 116,https://nextcloud.inrae.fr/s/MzeqsR82M8BiC2R?path=%2FAurignac%20Audio%202020%20AMTF%20116,/media/david/One Touch/PSI-BIOM/Travail/Enregistrements analyses BirdNET/Aurignac/116,20200529_010000.wav,20200529_020000.wav,20200529_030000.wav
116,Audiomoth,29/05/20,07:00:00,20200529_070000.wav,../Recordings/Selected/Aurignac/116,Aurignac Audio 2020 AMTF 116,https://nextcloud.inrae.fr/s/MzeqsR82M8BiC2R?path=%2FAurignac%20Audio%202020%20AMTF%20116,/media/david/One Touch/PSI-BIOM/Travail/Enregistrements analyses BirdNET/Aurignac/116,20200529_080000.wav,20200529_090000.wav,20200529_100000.wav
116,Audiomoth,28/05/20,13:00:00,20200528_130000.wav,../Recordings/Selected/Aurignac/116,Aurignac Audio 2020 AMTF 116,https://nextcloud.inrae.fr/s/MzeqsR82M8BiC2R?path=%2FAurignac%20Audio%202020%20AMTF%20116,/media/david/One Touch/PSI-BIOM/Travail/Enregistrements analyses BirdNET/Aurignac/116,20200528_140000.wav,20200528_150000.wav,20200528_160000.wav
121,SM4,23/04/19,00:00:00,S4A08058_20190423_000000.wav,../Recordings/Selected/Aurignac/121,1 SM4 avril eoux,https://nextcloud.inrae.fr/s/MzeqsR82M8BiC2R?path=%2F1%20SM4%20avril%20eoux,/media/david/One Touch/PSI-BIOM/Travail/Enregistrements analyses BirdNET/Aurignac/121,S4A08058_20190423_010000.wav,S4A08058_20190423_020000.wav,S4A08058_20190423_030000.wav
121,SM4,23/04/19,07:00:00,S4A08058_20190423_070000.wav,../Recordings/Selected/Aurignac/121,1 SM4 avril eoux,https://nextcloud.inrae.fr/s/MzeqsR82M8BiC2R?path=%2F1%20SM4%20avril%20eoux,/media/david/One Touch/PSI-BIOM/Travail/Enregistrements analyses BirdNET/Aurignac/121,S4A08058_20190423_080000.wav,S4A08058_20190423_090000.wav,S4A08058_20190423_100000.wav
121,SM4,22/04/19,13:00:00,S4A08058_20190422_130000.wav,../Recordings/Selected/Aurignac/121,1 SM4 avril eoux,https://nextcloud.inrae.fr/s/MzeqsR82M8BiC2R?path=%2F1%20SM4%20avril%20eoux,/media/david/One Touch/PSI-BIOM/Travail/Enregistrements analyses BirdNET/Aurignac/121,S4A08058_20190422_140000.wav,S4A08058_20190422_150000.wav,S4A08058_20190422_160000.wav
124,SM4,05/05/21,00:00:00,S4A10922_20210505_000000.wav,../Recordings/Selected/Aurignac/124,SM 124,https://nextcloud.inrae.fr/s/MzeqsR82M8BiC2R?path=%2FSM%20124,/media/david/One Touch/PSI-BIOM/Travail/Enregistrements analyses BirdNET/Aurignac/124,S4A10922_20210505_010000.wav,S4A10922_20210505_020000.wav,S4A10922_20210505_030000.wav
124,SM4,05/05/21,07:00:00,S4A10922_20210505_070000.wav,../Recordings/Selected/Aurignac/124,SM 124,https://nextcloud.inrae.fr/s/MzeqsR82M8BiC2R?path=%2FSM%20124,/media/david/One Touch/PSI-BIOM/Travail/Enregistrements analyses BirdNET/Aurignac/124,S4A10922_20210505_080000.wav,S4A10922_20210505_090000.wav,S4A10922_20210505_100000.wav
124,SM4,05/05/21,13:00:00,S4A10922_20210505_130000.wav,../Recordings/Selected/Aurignac/124,SM 124,https://nextcloud.inrae.fr/s/MzeqsR82M8BiC2R?path=%2FSM%20124,/media/david/One Touch/PSI-BIOM/Travail/Enregistrements analyses BirdNET/Aurignac/124,S4A10922_20210505_140000.wav,S4A10922_20210505_150000.wav,S4A10922_20210505_160000.wav
137,Audiomoth,28/05/20,00:00:00,20200528_000000.wav,../Recordings/Selected/Aurignac/137,Aurignac Audio 2020 AMTX 137 188,https://nextcloud.inrae.fr/s/MzeqsR82M8BiC2R?path=%2FAurignac%20Audio%202020%20AMTX%20137%20188,/media/david/One Touch/PSI-BIOM/Travail/Enregistrements analyses BirdNET/Aurignac/137,20200528_010000.wav,20200528_020000.wav,20200528_030000.wav
137,Audiomoth,28/05/20,07:00:00,20200528_070000.wav,../Recordings/Selected/Aurignac/137,Aurignac Audio 2020 AMTX 137 188,https://nextcloud.inrae.fr/s/MzeqsR82M8BiC2R?path=%2FAurignac%20Audio%202020%20AMTX%20137%20188,/media/david/One Touch/PSI-BIOM/Travail/Enregistrements analyses BirdNET/Aurignac/137,20200528_080000.wav,20200528_090000.wav,20200528_100000.wav
137,Audiomoth,28/05/20,13:00:00,20200528_130000.wav,../Recordings/Selected/Aurignac/137,Aurignac Audio 2020 AMTX 137 188,https://nextcloud.inrae.fr/s/MzeqsR82M8BiC2R?path=%2FAurignac%20Audio%202020%20AMTX%20137%20188,/media/david/One Touch/PSI-BIOM/Travail/Enregistrements analyses BirdNET/Aurignac/137,20200528_140000.wav,20200528_150000.wav,20200528_160000.wav
138,SM4,03/05/21,00:00:00,S4A10954_20210503_000000.wav,../Recordings/Selected/Aurignac/138,SM4_138,https://nextcloud.inrae.fr/s/MzeqsR82M8BiC2R?path=%2FSM4_138,/media/david/One Touch/PSI-BIOM/Travail/Enregistrements analyses BirdNET/Aurignac/138,S4A10954_20210503_010000.wav,S4A10954_20210503_020000.wav,S4A10954_20210503_030000.wav
138,SM4,03/05/21,07:00:00,S4A10954_20210503_070000.wav,../Recordings/Selected/Aurignac/138,SM4_138,https://nextcloud.inrae.fr/s/MzeqsR82M8BiC2R?path=%2FSM4_138,/media/david/One Touch/PSI-BIOM/Travail/Enregistrements analyses BirdNET/Aurignac/138,S4A10954_20210503_080000.wav,S4A10954_20210503_090000.wav,S4A10954_20210503_100000.wav
138,SM4,03/05/21,13:00:00,S4A10954_20210503_130000.wav,../Recordings/Selected/Aurignac/138,SM4_138,https://nextcloud.inrae.fr/s/MzeqsR82M8BiC2R?path=%2FSM4_138,/media/david/One Touch/PSI-BIOM/Travail/Enregistrements analyses BirdNET/Aurignac/138,S4A10954_20210503_140000.wav,S4A10954_20210503_150000.wav,S4A10954_20210503_160000.wav
139,SM4,23/04/19,00:00:00,S4A08064_20190423_000000.wav,../Recordings/Selected/Aurignac/139,2 SM4 avril 2019/Mauboussin_Esparron,https://nextcloud.inrae.fr/s/MzeqsR82M8BiC2R?path=%2F2%20SM4%20avril%202019%2FMauboussin_Esparron,/media/david/One Touch/PSI-BIOM/Travail/Enregistrements analyses BirdNET/Aurignac/139,S4A08064_20190423_010000.wav,S4A08064_20190423_020000.wav,S4A08064_20190423_030000.wav
139,SM4,23/04/19,07:00:00,S4A08064_20190423_070000.wav,../Recordings/Selected/Aurignac/139,2 SM4 avril 2019/Mauboussin_Esparron,https://nextcloud.inrae.fr/s/MzeqsR82M8BiC2R?path=%2F2%20SM4%20avril%202019%2FMauboussin_Esparron,/media/david/One Touch/PSI-BIOM/Travail/Enregistrements analyses BirdNET/Aurignac/139,S4A08064_20190423_080000.wav,S4A08064_20190423_090000.wav,S4A08064_20190423_100000.wav
139,SM4,23/04/19,13:00:00,S4A08064_20190423_130000.wav,../Recordings/Selected/Aurignac/139,2 SM4 avril 2019/Mauboussin_Esparron,https://nextcloud.inrae.fr/s/MzeqsR82M8BiC2R?path=%2F2%20SM4%20avril%202019%2FMauboussin_Esparron,/media/david/One Touch/PSI-BIOM/Travail/Enregistrements analyses BirdNET/Aurignac/139,S4A08064_20190423_110000.wav,S4A08064_20190423_100000.wav,S4A08064_20190423_090000.wav
145,SM4,25/04/19,00:00:00,S4A08058_20190425_000000.wav,../Recordings/Selected/Aurignac/145,1 SM4 avril eoux,https://nextcloud.inrae.fr/s/MzeqsR82M8BiC2R?path=%2F1%20SM4%20avril%20eoux,/media/david/One Touch/PSI-BIOM/Travail/Enregistrements analyses BirdNET/Aurignac/145,S4A08058_20190425_010000.wav,S4A08058_20190425_020000.wav,S4A08058_20190425_030000.wav
145,SM4,25/04/19,07:00:00,S4A08058_20190425_070000.wav,../Recordings/Selected/Aurignac/145,1 SM4 avril eoux,https://nextcloud.inrae.fr/s/MzeqsR82M8BiC2R?path=%2F1%20SM4%20avril%20eoux,/media/david/One Touch/PSI-BIOM/Travail/Enregistrements analyses BirdNET/Aurignac/145,S4A08058_20190425_080000.wav,S4A08058_20190425_090000.wav,S4A08058_20190425_100000.wav
145,SM4,24/04/19,13:00:00,S4A08058_20190424_130000.wav,../Recordings/Selected/Aurignac/145,1 SM4 avril eoux,https://nextcloud.inrae.fr/s/MzeqsR82M8BiC2R?path=%2F1%20SM4%20avril%20eoux,/media/david/One Touch/PSI-BIOM/Travail/Enregistrements analyses BirdNET/Aurignac/145,S4A08058_20190424_140000.wav,S4A08058_20190424_150000.wav,S4A08058_20190424_160000.wav
154,SM4,17/06/19,00:00:00,S4A10950_20190617_000000.wav,../Recordings/Selected/Aurignac/154,3 SMA4 juin eoux,https://nextcloud.inrae.fr/s/MzeqsR82M8BiC2R?path=%2F3%20SMA4%20juin%20eoux,/media/david/One Touch/PSI-BIOM/Travail/Enregistrements analyses BirdNET/Aurignac/154,S4A10950_20190617_010000.wav,S4A10950_20190617_020000.wav,S4A10950_20190617_030000.wav
154,SM4,17/06/19,07:00:00,S4A10950_20190617_070000.wav,../Recordings/Selected/Aurignac/154,3 SMA4 juin eoux,https://nextcloud.inrae.fr/s/MzeqsR82M8BiC2R?path=%2F3%20SMA4%20juin%20eoux,/media/david/One Touch/PSI-BIOM/Travail/Enregistrements analyses BirdNET/Aurignac/154,S4A10950_20190617_080000.wav,S4A10950_20190617_090000.wav,S4A10950_20190617_100000.wav
154,SM4,17/06/19,13:00:00,S4A10950_20190617_130000.wav,../Recordings/Selected/Aurignac/154,3 SMA4 juin eoux,https://nextcloud.inrae.fr/s/MzeqsR82M8BiC2R?path=%2F3%20SMA4%20juin%20eoux,/media/david/One Touch/PSI-BIOM/Travail/Enregistrements analyses BirdNET/Aurignac/154,S4A10950_20190617_140000.wav,S4A10950_20190617_150000.wav,S4A10950_20190617_160000.wav
155,SM4,09/06/21,00:00:00,S4A09568_20210609_000000.wav,../Recordings/Selected/Aurignac/155,SM4_155/Data,https://nextcloud.inrae.fr/s/MzeqsR82M8BiC2R?path=%2FSM4_155%2FData,/media/david/One Touch/PSI-BIOM/Travail/Enregistrements analyses BirdNET/Aurignac/155,S4A09568_20210609_010000.wav,S4A09568_20210609_020000.wav,S4A09568_20210609_030000.wav
155,SM4,09/06/21,07:00:00,S4A09568_20210609_070000.wav,../Recordings/Selected/Aurignac/155,SM4_155/Data,https://nextcloud.inrae.fr/s/MzeqsR82M8BiC2R?path=%2FSM4_155%2FData,/media/david/One Touch/PSI-BIOM/Travail/Enregistrements analyses BirdNET/Aurignac/155,S4A09568_20210609_080000.wav,S4A09568_20210609_090000.wav,S4A09568_20210609_100000.wav
155,SM4,09/06/21,13:00:00,S4A09568_20210609_130000.wav,../Recordings/Selected/Aurignac/155,SM4_155/Data,https://nextcloud.inrae.fr/s/MzeqsR82M8BiC2R?path=%2FSM4_155%2FData,/media/david/One Touch/PSI-BIOM/Travail/Enregistrements analyses BirdNET/Aurignac/155,S4A09568_20210609_140000.wav,S4A09568_20210609_150000.wav,S4A09568_20210609_160000.wav
156,Audiomoth,17/06/19,00:00:00,20190617_000000.wav,../Recordings/Selected/Aurignac/156,Audiomoth_2_16-20juin,https://nextcloud.inrae.fr/s/MzeqsR82M8BiC2R?path=%2FAudiomoth_2_16-20juin,/media/david/One Touch/PSI-BIOM/Travail/Enregistrements analyses BirdNET/Aurignac/156,20190617_010000.wav,20190617_020000.wav,20190617_030000.wav
156,Audiomoth,17/06/19,07:00:00,20190617_070000.wav,../Recordings/Selected/Aurignac/156,Audiomoth_2_16-20juin,https://nextcloud.inrae.fr/s/MzeqsR82M8BiC2R?path=%2FAudiomoth_2_16-20juin,/media/david/One Touch/PSI-BIOM/Travail/Enregistrements analyses BirdNET/Aurignac/156,20190617_080000.wav,20190617_090000.wav,20190617_100000.wav
156,Audiomoth,17/06/19,13:00:00,20190617_130000.wav,../Recordings/Selected/Aurignac/156,Audiomoth_2_16-20juin,https://nextcloud.inrae.fr/s/MzeqsR82M8BiC2R?path=%2FAudiomoth_2_16-20juin,/media/david/One Touch/PSI-BIOM/Travail/Enregistrements analyses BirdNET/Aurignac/156,20190617_140000.wav,20190617_150000.wav,20190617_160000.wav
160,SM4,09/06/21,00:00:00,S4A10950_20210609_000000.wav,../Recordings/Selected/Aurignac/160,160,https://nextcloud.inrae.fr/s/MzeqsR82M8BiC2R?path=%2F160,/media/david/One Touch/PSI-BIOM/Travail/Enregistrements analyses BirdNET/Aurignac/160,S4A10950_20210609_010000.wav,S4A10950_20210609_020000.wav,S4A10950_20210609_030000.wav
160,SM4,09/06/21,07:00:00,S4A10950_20210609_070000.wav,../Recordings/Selected/Aurignac/160,160,https://nextcloud.inrae.fr/s/MzeqsR82M8BiC2R?path=%2F160,/media/david/One Touch/PSI-BIOM/Travail/Enregistrements analyses BirdNET/Aurignac/160,S4A10950_20210609_080000.wav,S4A10950_20210609_090000.wav,S4A10950_20210609_100000.wav
160,SM4,09/06/21,13:00:00,S4A10950_20210609_130000.wav,../Recordings/Selected/Aurignac/160,160,https://nextcloud.inrae.fr/s/MzeqsR82M8BiC2R?path=%2F160,/media/david/One Touch/PSI-BIOM/Travail/Enregistrements analyses BirdNET/Aurignac/160,S4A10950_20210609_140000.wav,S4A10950_20210609_150000.wav,S4A10950_20210609_160000.wav
188,Audiomoth,29/05/20,00:00:00,20200529_000000.wav,../Recordings/Selected/Aurignac/188,Aurignac Audio 2020 AMTX 137 188,https://nextcloud.inrae.fr/s/MzeqsR82M8BiC2R?path=%2FAurignac%20Audio%202020%20AMTX%20137%20188,/media/david/One Touch/PSI-BIOM/Travail/Enregistrements analyses BirdNET/Aurignac/188,20200529_010000.wav,20200529_020000.wav,20200529_030000.wav
188,Audiomoth,29/05/20,07:00:00,20200529_070000.wav,../Recordings/Selected/Aurignac/188,Aurignac Audio 2020 AMTX 137 188,https://nextcloud.inrae.fr/s/MzeqsR82M8BiC2R?path=%2FAurignac%20Audio%202020%20AMTX%20137%20188,/media/david/One Touch/PSI-BIOM/Travail/Enregistrements analyses BirdNET/Aurignac/188,20200529_080000.wav,20200529_090000.wav,20200529_100000.wav
188,Audiomoth,29/05/20,13:00:00,20200529_130000.wav,../Recordings/Selected/Aurignac/188,Aurignac Audio 2020 AMTX 137 188,https://nextcloud.inrae.fr/s/MzeqsR82M8BiC2R?path=%2FAurignac%20Audio%202020%20AMTX%20137%20188,/media/david/One Touch/PSI-BIOM/Travail/Enregistrements analyses BirdNET/Aurignac/188,20200529_140000.wav,20200529_150000.wav,20200529_160000.wav
192,SM4,28/05/20,00:00:00,S4A09568_20200528_000000.wav,../Recordings/Selected/Aurignac/192,Aurignac Audio 2020 SM4A 192 347,https://nextcloud.inrae.fr/s/MzeqsR82M8BiC2R?path=%2FAurignac%20Audio%202020%20SM4A%20192%20347,/media/david/One Touch/PSI-BIOM/Travail/Enregistrements analyses BirdNET/Aurignac/192,S4A09568_20200528_010000.wav,S4A09568_20200528_020000.wav,S4A09568_20200528_030000.wav
192,SM4,28/05/20,07:00:00,S4A09568_20200528_070000.wav,../Recordings/Selected/Aurignac/192,Aurignac Audio 2020 SM4A 192 347,https://nextcloud.inrae.fr/s/MzeqsR82M8BiC2R?path=%2FAurignac%20Audio%202020%20SM4A%20192%20347,/media/david/One Touch/PSI-BIOM/Travail/Enregistrements analyses BirdNET/Aurignac/192,S4A09568_20200528_080000.wav,S4A09568_20200528_090000.wav,S4A09568_20200528_100000.wav
192,SM4,27/05/20,13:00:00,S4A09568_20200527_130000.wav,../Recordings/Selected/Aurignac/192,Aurignac Audio 2020 SM4A 192 347,https://nextcloud.inrae.fr/s/MzeqsR82M8BiC2R?path=%2FAurignac%20Audio%202020%20SM4A%20192%20347,/media/david/One Touch/PSI-BIOM/Travail/Enregistrements analyses BirdNET/Aurignac/192,S4A09568_20200527_140000.wav,S4A09568_20200527_150000.wav,S4A09568_20200527_160000.wav
201,SM4,25/04/19,00:00:00,S4A08064_20190425_000000.wav,../Recordings/Selected/Aurignac/201,2 SM4 avril 2019/Mauboussin_Esparron,https://nextcloud.inrae.fr/s/MzeqsR82M8BiC2R?path=%2F2%20SM4%20avril%202019%2FMauboussin_Esparron,/media/david/One Touch/PSI-BIOM/Travail/Enregistrements analyses BirdNET/Aurignac/201,S4A08064_20190425_010000.wav,S4A08064_20190425_020000.wav,S4A08064_20190425_030000.wav
201,SM4,25/04/19,07:00:00,S4A08064_20190425_070000.wav,../Recordings/Selected/Aurignac/201,2 SM4 avril 2019/Mauboussin_Esparron,https://nextcloud.inrae.fr/s/MzeqsR82M8BiC2R?path=%2F2%20SM4%20avril%202019%2FMauboussin_Esparron,/media/david/One Touch/PSI-BIOM/Travail/Enregistrements analyses BirdNET/Aurignac/201,S4A08064_20190425_080000.wav,S4A08064_20190425_090000.wav,S4A08064_20190425_100000.wav
201,SM4,24/04/19,13:00:00,S4A08064_20190424_130000.wav,../Recordings/Selected/Aurignac/201,2 SM4 avril 2019/Mauboussin_Esparron,https://nextcloud.inrae.fr/s/MzeqsR82M8BiC2R?path=%2F2%20SM4%20avril%202019%2FMauboussin_Esparron,/media/david/One Touch/PSI-BIOM/Travail/Enregistrements analyses BirdNET/Aurignac/201,S4A08064_20190424_140000.wav,S4A08064_20190424_150000.wav,S4A08064_20190424_160000.wav
203,SM4,22/04/19,00:00:00,S4A08058_20190422_000000.wav,../Recordings/Selected/Aurignac/203,1 SM4 avril eoux,https://nextcloud.inrae.fr/s/MzeqsR82M8BiC2R?path=%2F1%20SM4%20avril%20eoux,/media/david/One Touch/PSI-BIOM/Travail/Enregistrements analyses BirdNET/Aurignac/203,S4A08058_20190422_010000.wav,S4A08058_20190422_020000.wav,S4A08058_20190422_030000.wav
203,SM4,22/04/19,07:00:00,S4A08058_20190422_070000.wav,../Recordings/Selected/Aurignac/203,1 SM4 avril eoux,https://nextcloud.inrae.fr/s/MzeqsR82M8BiC2R?path=%2F1%20SM4%20avril%20eoux,/media/david/One Touch/PSI-BIOM/Travail/Enregistrements analyses BirdNET/Aurignac/203,S4A08058_20190422_080000.wav,S4A08058_20190422_090000.wav,S4A08058_20190422_100000.wav
203,SM4,21/04/19,13:00:00,S4A08058_20190421_130000.wav,../Recordings/Selected/Aurignac/203,1 SM4 avril eoux,https://nextcloud.inrae.fr/s/MzeqsR82M8BiC2R?path=%2F1%20SM4%20avril%20eoux,/media/david/One Touch/PSI-BIOM/Travail/Enregistrements analyses BirdNET/Aurignac/203,S4A08058_20190421_140000.wav,S4A08058_20190421_150000.wav,S4A08058_20190421_160000.wav
208,Audiomoth,17/06/19,00:00:00,20190617_000000.wav,../Recordings/Selected/Aurignac/208,Audiomoth_3_16-20juin,https://nextcloud.inrae.fr/s/MzeqsR82M8BiC2R?path=%2FAudiomoth_3_16-20juin,/media/david/One Touch/PSI-BIOM/Travail/Enregistrements analyses BirdNET/Aurignac/208,20190617_010000.wav,20190617_020000.wav,20190617_030000.wav
208,Audiomoth,17/06/19,07:00:00,20190617_070000.wav,../Recordings/Selected/Aurignac/208,Audiomoth_3_16-20juin,https://nextcloud.inrae.fr/s/MzeqsR82M8BiC2R?path=%2FAudiomoth_3_16-20juin,/media/david/One Touch/PSI-BIOM/Travail/Enregistrements analyses BirdNET/Aurignac/208,20190617_080000.wav,20190617_090000.wav,20190617_100000.wav
208,Audiomoth,17/06/19,13:00:00,20190617_130000.wav,../Recordings/Selected/Aurignac/208,Audiomoth_3_16-20juin,https://nextcloud.inrae.fr/s/MzeqsR82M8BiC2R?path=%2FAudiomoth_3_16-20juin,/media/david/One Touch/PSI-BIOM/Travail/Enregistrements analyses BirdNET/Aurignac/208,20190617_140000.wav,20190617_150000.wav,20190617_160000.wav
211,SM4,09/06/21,00:00:00,S4A10954_20210609_000000.wav,../Recordings/Selected/Aurignac/211,211 a faire/Data,https://nextcloud.inrae.fr/s/MzeqsR82M8BiC2R?path=%2F211%20a%20faire%2FData,/media/david/One Touch/PSI-BIOM/Travail/Enregistrements analyses BirdNET/Aurignac/211,S4A10954_20210609_010000.wav,S4A10954_20210609_020000.wav,S4A10954_20210609_030000.wav
211,SM4,09/06/21,07:00:00,S4A10954_20210609_070000.wav,../Recordings/Selected/Aurignac/211,211 a faire/Data,https://nextcloud.inrae.fr/s/MzeqsR82M8BiC2R?path=%2F211%20a%20faire%2FData,/media/david/One Touch/PSI-BIOM/Travail/Enregistrements analyses BirdNET/Aurignac/211,S4A10954_20210609_080000.wav,S4A10954_20210609_090000.wav,S4A10954_20210609_100000.wav
211,SM4,09/06/21,13:00:00,S4A10954_20210609_130000.wav,../Recordings/Selected/Aurignac/211,211 a faire/Data,https://nextcloud.inrae.fr/s/MzeqsR82M8BiC2R?path=%2F211%20a%20faire%2FData,/media/david/One Touch/PSI-BIOM/Travail/Enregistrements analyses BirdNET/Aurignac/211,S4A10954_20210609_140000.wav,S4A10954_20210609_150000.wav,S4A10954_20210609_160000.wav
212,SM4,09/06/21,00:00:00,S4A10922_20210609_000000.wav,../Recordings/Selected/Aurignac/212,212 a faire/Data,https://nextcloud.inrae.fr/s/MzeqsR82M8BiC2R?path=%2F212%20a%20faire%2FData,/media/david/One Touch/PSI-BIOM/Travail/Enregistrements analyses BirdNET/Aurignac/212,S4A10922_20210609_010000.wav,S4A10922_20210609_020000.wav,S4A10922_20210609_030000.wav
212,SM4,09/06/21,07:00:00,S4A10922_20210609_070000.wav,../Recordings/Selected/Aurignac/212,212 a faire/Data,https://nextcloud.inrae.fr/s/MzeqsR82M8BiC2R?path=%2F212%20a%20faire%2FData,/media/david/One Touch/PSI-BIOM/Travail/Enregistrements analyses BirdNET/Aurignac/212,S4A10922_20210609_080000.wav,S4A10922_20210609_090000.wav,S4A10922_20210609_100000.wav
212,SM4,09/06/21,13:00:00,S4A10922_20210609_130000.wav,../Recordings/Selected/Aurignac/212,212 a faire/Data,https://nextcloud.inrae.fr/s/MzeqsR82M8BiC2R?path=%2F212%20a%20faire%2FData,/media/david/One Touch/PSI-BIOM/Travail/Enregistrements analyses BirdNET/Aurignac/212,S4A10922_20210609_140000.wav,S4A10922_20210609_150000.wav,S4A10922_20210609_160000.wav
217,SM4,19/06/19,00:00:00,S4A10954_20190619_000000.wav,../Recordings/Selected/Aurignac/217,4 SM4 juin eoux,https://nextcloud.inrae.fr/s/MzeqsR82M8BiC2R?path=%2F4%20SM4%20juin%20eoux,/media/david/One Touch/PSI-BIOM/Travail/Enregistrements analyses BirdNET/Aurignac/217,S4A10954_20190619_010000.wav,S4A10954_20190619_020000.wav,S4A10954_20190619_030000.wav
217,SM4,19/06/19,07:00:00,S4A10954_20190619_070000.wav,../Recordings/Selected/Aurignac/217,4 SM4 juin eoux,https://nextcloud.inrae.fr/s/MzeqsR82M8BiC2R?path=%2F4%20SM4%20juin%20eoux,/media/david/One Touch/PSI-BIOM/Travail/Enregistrements analyses BirdNET/Aurignac/217,S4A10954_20190619_080000.wav,S4A10954_20190619_090000.wav,S4A10954_20190619_100000.wav
217,SM4,19/06/19,13:00:00,S4A10954_20190619_130000.wav,../Recordings/Selected/Aurignac/217,4 SM4 juin eoux,https://nextcloud.inrae.fr/s/MzeqsR82M8BiC2R?path=%2F4%20SM4%20juin%20eoux,/media/david/One Touch/PSI-BIOM/Travail/Enregistrements analyses BirdNET/Aurignac/217,S4A10954_20190619_120000.wav,S4A10954_20190619_110000.wav,S4A10954_20190619_100000.wav
239,SM4,29/05/20,00:00:00,S4A10922_20200529_000000.wav,../Recordings/Selected/Aurignac/239,Aurignac Audio 2020 SM4B 109 239,https://nextcloud.inrae.fr/s/MzeqsR82M8BiC2R?path=%2FAurignac%20Audio%202020%20SM4B%20109%20239,/media/david/One Touch/PSI-BIOM/Travail/Enregistrements analyses BirdNET/Aurignac/239,S4A10922_20200529_010000.wav,S4A10922_20200529_020000.wav,S4A10922_20200529_030000.wav
239,SM4,29/05/20,07:00:00,S4A10922_20200529_070000.wav,../Recordings/Selected/Aurignac/239,Aurignac Audio 2020 SM4B 109 239,https://nextcloud.inrae.fr/s/MzeqsR82M8BiC2R?path=%2FAurignac%20Audio%202020%20SM4B%20109%20239,/media/david/One Touch/PSI-BIOM/Travail/Enregistrements analyses BirdNET/Aurignac/239,S4A10922_20200529_080000.wav,S4A10922_20200529_090000.wav,S4A10922_20200529_100000.wav
239,SM4,29/05/20,13:00:00,S4A10922_20200529_130000.wav,../Recordings/Selected/Aurignac/239,Aurignac Audio 2020 SM4B 109 239,https://nextcloud.inrae.fr/s/MzeqsR82M8BiC2R?path=%2FAurignac%20Audio%202020%20SM4B%20109%20239,/media/david/One Touch/PSI-BIOM/Travail/Enregistrements analyses BirdNET/Aurignac/239,S4A10922_20200529_140000.wav,S4A10922_20200529_150000.wav,S4A10922_20200529_160000.wav
241,Audiomoth,19/06/19,00:00:00,20190619_000000.wav,../Recordings/Selected/Aurignac/241,Audiomoth_3_16-20juin,https://nextcloud.inrae.fr/s/MzeqsR82M8BiC2R?path=%2FAudiomoth_3_16-20juin,/media/david/One Touch/PSI-BIOM/Travail/Enregistrements analyses BirdNET/Aurignac/241,20190619_010000.wav,20190619_020000.wav,20190619_030000.wav
241,Audiomoth,19/06/19,07:00:00,20190619_070000.wav,../Recordings/Selected/Aurignac/241,Audiomoth_3_16-20juin,https://nextcloud.inrae.fr/s/MzeqsR82M8BiC2R?path=%2FAudiomoth_3_16-20juin,/media/david/One Touch/PSI-BIOM/Travail/Enregistrements analyses BirdNET/Aurignac/241,20190619_080000.wav,20190619_090000.wav,20190619_100000.wav
241,Audiomoth,19/06/19,13:00:00,20190619_130000.wav,../Recordings/Selected/Aurignac/241,Audiomoth_3_16-20juin,https://nextcloud.inrae.fr/s/MzeqsR82M8BiC2R?path=%2FAudiomoth_3_16-20juin,/media/david/One Touch/PSI-BIOM/Travail/Enregistrements analyses BirdNET/Aurignac/241,20190619_140000.wav,20190619_150000.wav,20190619_160000.wav
256,Audiomoth,14/05/19,00:00:00,20190514_000000.wav,../Recordings/Selected/Aurignac/256,Audiomoth_B_256_252_13-15mai,https://nextcloud.inrae.fr/s/MzeqsR82M8BiC2R?path=%2FAudiomoth_B_256_252_13-15mai,/media/david/One Touch/PSI-BIOM/Travail/Enregistrements analyses BirdNET/Aurignac/256,20190514_010000.wav,20190514_020000.wav,20190514_030000.wav
256,Audiomoth,14/05/19,07:00:00,20190514_070000.wav,../Recordings/Selected/Aurignac/256,Audiomoth_B_256_252_13-15mai,https://nextcloud.inrae.fr/s/MzeqsR82M8BiC2R?path=%2FAudiomoth_B_256_252_13-15mai,/media/david/One Touch/PSI-BIOM/Travail/Enregistrements analyses BirdNET/Aurignac/256,20190514_080000.wav,20190514_090000.wav,20190514_100000.wav
256,Audiomoth,13/05/19,13:00:00,20190513_130000.wav,../Recordings/Selected/Aurignac/256,Audiomoth_B_256_252_13-15mai,https://nextcloud.inrae.fr/s/MzeqsR82M8BiC2R?path=%2FAudiomoth_B_256_252_13-15mai,/media/david/One Touch/PSI-BIOM/Travail/Enregistrements analyses BirdNET/Aurignac/256,20190513_140000.wav,20190513_150000.wav,20190513_160000.wav
266,Audiomoth,18/06/19,00:00:00,20190618_000000.wav,../Recordings/Selected/Aurignac/266,Audiomoth_3_16-20juin,https://nextcloud.inrae.fr/s/MzeqsR82M8BiC2R?path=%2FAudiomoth_3_16-20juin,/media/david/One Touch/PSI-BIOM/Travail/Enregistrements analyses BirdNET/Aurignac/266,20190618_010000.wav,20190618_020000.wav,20190618_030000.wav
266,Audiomoth,18/06/19,07:00:00,20190618_070000.wav,../Recordings/Selected/Aurignac/266,Audiomoth_3_16-20juin,https://nextcloud.inrae.fr/s/MzeqsR82M8BiC2R?path=%2FAudiomoth_3_16-20juin,/media/david/One Touch/PSI-BIOM/Travail/Enregistrements analyses BirdNET/Aurignac/266,20190618_080000.wav,20190618_090000.wav,20190618_100000.wav
266,Audiomoth,18/06/19,13:00:00,20190618_130000.wav,../Recordings/Selected/Aurignac/266,Audiomoth_3_16-20juin,https://nextcloud.inrae.fr/s/MzeqsR82M8BiC2R?path=%2FAudiomoth_3_16-20juin,/media/david/One Touch/PSI-BIOM/Travail/Enregistrements analyses BirdNET/Aurignac/266,20190618_140000.wav,20190618_150000.wav,20190618_160000.wav
272,Audiomoth,19/06/19,00:00:00,20190619_000000.wav,../Recordings/Selected/Aurignac/272,Audiomoth_4_17-20juin,https://nextcloud.inrae.fr/s/MzeqsR82M8BiC2R?path=%2FAudiomoth_4_17-20juin,/media/david/One Touch/PSI-BIOM/Travail/Enregistrements analyses BirdNET/Aurignac/272,20190619_010000.wav,20190619_020000.wav,20190619_030000.wav
272,Audiomoth,19/06/19,07:00:00,20190619_070000.wav,../Recordings/Selected/Aurignac/272,Audiomoth_4_17-20juin,https://nextcloud.inrae.fr/s/MzeqsR82M8BiC2R?path=%2FAudiomoth_4_17-20juin,/media/david/One Touch/PSI-BIOM/Travail/Enregistrements analyses BirdNET/Aurignac/272,20190619_080000.wav,20190619_090000.wav,20190619_100000.wav
272,Audiomoth,19/06/19,13:00:00,20190619_130000.wav,../Recordings/Selected/Aurignac/272,Audiomoth_4_17-20juin,https://nextcloud.inrae.fr/s/MzeqsR82M8BiC2R?path=%2FAudiomoth_4_17-20juin,/media/david/One Touch/PSI-BIOM/Travail/Enregistrements analyses BirdNET/Aurignac/272,20190619_140000.wav,20190619_150000.wav,20190619_160000.wav
283,Audiomoth,28/05/20,00:00:00,20200528_000000.wav,../Recordings/Selected/Aurignac/283,Aurignac Audio 2020 AMTY 283 566,https://nextcloud.inrae.fr/s/MzeqsR82M8BiC2R?path=%2FAurignac%20Audio%202020%20AMTY%20283%20566,/media/david/One Touch/PSI-BIOM/Travail/Enregistrements analyses BirdNET/Aurignac/283,20200528_010000.wav,20200528_020000.wav,20200528_030000.wav
283,Audiomoth,28/05/20,07:00:00,20200528_070000.wav,../Recordings/Selected/Aurignac/283,Aurignac Audio 2020 AMTY 283 566,https://nextcloud.inrae.fr/s/MzeqsR82M8BiC2R?path=%2FAurignac%20Audio%202020%20AMTY%20283%20566,/media/david/One Touch/PSI-BIOM/Travail/Enregistrements analyses BirdNET/Aurignac/283,20200528_080000.wav,20200528_090000.wav,20200528_100000.wav
283,Audiomoth,28/05/20,13:00:00,20200528_130000.wav,../Recordings/Selected/Aurignac/283,Aurignac Audio 2020 AMTY 283 566,https://nextcloud.inrae.fr/s/MzeqsR82M8BiC2R?path=%2FAurignac%20Audio%202020%20AMTY%20283%20566,/media/david/One Touch/PSI-BIOM/Travail/Enregistrements analyses BirdNET/Aurignac/283,20200528_140000.wav,20200528_150000.wav,20200528_160000.wav
296,SM4,18/05/21,00:00:00,S4A10922_20210518_000000.wav,../Recordings/Selected/Aurignac/296,SM4_296,https://nextcloud.inrae.fr/s/MzeqsR82M8BiC2R?path=%2FSM4_296,/media/david/One Touch/PSI-BIOM/Travail/Enregistrements analyses BirdNET/Aurignac/296,S4A10922_20210518_010000.wav,S4A10922_20210518_020000.wav,S4A10922_20210518_030000.wav
296,SM4,18/05/21,07:00:00,S4A10922_20210518_070000.wav,../Recordings/Selected/Aurignac/296,SM4_296,https://nextcloud.inrae.fr/s/MzeqsR82M8BiC2R?path=%2FSM4_296,/media/david/One Touch/PSI-BIOM/Travail/Enregistrements analyses BirdNET/Aurignac/296,S4A10922_20210518_080000.wav,S4A10922_20210518_090000.wav,S4A10922_20210518_100000.wav
296,SM4,18/05/21,13:00:00,S4A10922_20210518_130000.wav,../Recordings/Selected/Aurignac/296,SM4_296,https://nextcloud.inrae.fr/s/MzeqsR82M8BiC2R?path=%2FSM4_296,/media/david/One Touch/PSI-BIOM/Travail/Enregistrements analyses BirdNET/Aurignac/296,S4A10922_20210518_140000.wav,S4A10922_20210518_150000.wav,S4A10922_20210518_160000.wav
299,SM4,22/04/19,00:00:00,S4A08064_20190422_000000.wav,../Recordings/Selected/Aurignac/299,2 SM4 avril 2019/Mauboussin_Esparron,https://nextcloud.inrae.fr/s/MzeqsR82M8BiC2R?path=%2F2%20SM4%20avril%202019%2FMauboussin_Esparron,/media/david/One Touch/PSI-BIOM/Travail/Enregistrements analyses BirdNET/Aurignac/299,S4A08064_20190422_010000.wav,S4A08064_20190422_020000.wav,S4A08064_20190422_030000.wav
299,SM4,22/04/19,07:00:00,S4A08064_20190422_070000.wav,../Recordings/Selected/Aurignac/299,2 SM4 avril 2019/Mauboussin_Esparron,https://nextcloud.inrae.fr/s/MzeqsR82M8BiC2R?path=%2F2%20SM4%20avril%202019%2FMauboussin_Esparron,/media/david/One Touch/PSI-BIOM/Travail/Enregistrements analyses BirdNET/Aurignac/299,S4A08064_20190422_080000.wav,S4A08064_20190422_090000.wav,S4A08064_20190422_100000.wav
299,SM4,22/04/19,13:00:00,S4A08064_20190422_130000.wav,../Recordings/Selected/Aurignac/299,2 SM4 avril 2019/Mauboussin_Esparron,https://nextcloud.inrae.fr/s/MzeqsR82M8BiC2R?path=%2F2%20SM4%20avril%202019%2FMauboussin_Esparron,/media/david/One Touch/PSI-BIOM/Travail/Enregistrements analyses BirdNET/Aurignac/299,S4A08064_20190422_140000.wav,S4A08064_20190422_150000.wav,S4A08064_20190422_120000.wav
302,SM4,18/06/19,00:00:00,S4A10954_20190618_000000.wav,../Recordings/Selected/Aurignac/302,4 SM4 juin eoux,https://nextcloud.inrae.fr/s/MzeqsR82M8BiC2R?path=%2F4%20SM4%20juin%20eoux,/media/david/One Touch/PSI-BIOM/Travail/Enregistrements analyses BirdNET/Aurignac/302,S4A10954_20190618_010000.wav,S4A10954_20190618_020000.wav,S4A10954_20190618_030000.wav
302,SM4,18/06/19,07:00:00,S4A10954_20190618_070000.wav,../Recordings/Selected/Aurignac/302,4 SM4 juin eoux,https://nextcloud.inrae.fr/s/MzeqsR82M8BiC2R?path=%2F4%20SM4%20juin%20eoux,/media/david/One Touch/PSI-BIOM/Travail/Enregistrements analyses BirdNET/Aurignac/302,S4A10954_20190618_080000.wav,S4A10954_20190618_090000.wav,S4A10954_20190618_100000.wav
302,SM4,18/06/19,13:00:00,S4A10954_20190618_130000.wav,../Recordings/Selected/Aurignac/302,4 SM4 juin eoux,https://nextcloud.inrae.fr/s/MzeqsR82M8BiC2R?path=%2F4%20SM4%20juin%20eoux,/media/david/One Touch/PSI-BIOM/Travail/Enregistrements analyses BirdNET/Aurignac/302,S4A10954_20190618_140000.wav,S4A10954_20190618_150000.wav,S4A10954_20190618_160000.wav
306,Audiomoth,18/06/19,00:00:00,20190618_000000.wav,../Recordings/Selected/Aurignac/306,Audiomoth_4_17-20juin,https://nextcloud.inrae.fr/s/MzeqsR82M8BiC2R?path=%2FAudiomoth_4_17-20juin,/media/david/One Touch/PSI-BIOM/Travail/Enregistrements analyses BirdNET/Aurignac/306,20190618_010000.wav,20190618_020000.wav,20190618_030000.wav
306,Audiomoth,18/06/19,07:00:00,20190618_070000.wav,../Recordings/Selected/Aurignac/306,Audiomoth_4_17-20juin,https://nextcloud.inrae.fr/s/MzeqsR82M8BiC2R?path=%2FAudiomoth_4_17-20juin,/media/david/One Touch/PSI-BIOM/Travail/Enregistrements analyses BirdNET/Aurignac/306,20190618_080000.wav,20190618_090000.wav,20190618_100000.wav
306,Audiomoth,18/06/19,13:00:00,20190618_130000.wav,../Recordings/Selected/Aurignac/306,Audiomoth_4_17-20juin,https://nextcloud.inrae.fr/s/MzeqsR82M8BiC2R?path=%2FAudiomoth_4_17-20juin,/media/david/One Touch/PSI-BIOM/Travail/Enregistrements analyses BirdNET/Aurignac/306,20190618_140000.wav,20190618_150000.wav,20190618_160000.wav
320,Audiomoth,28/05/20,00:00:00,20200528_000000.wav,../Recordings/Selected/Aurignac/320,Aurignac Audio 2020 AMTW 320 590,https://nextcloud.inrae.fr/s/MzeqsR82M8BiC2R?path=%2FAurignac%20Audio%202020%20AMTW%20320%20590,/media/david/One Touch/PSI-BIOM/Travail/Enregistrements analyses BirdNET/Aurignac/320,20200528_010000.wav,20200528_020000.wav,20200528_030000.wav
320,Audiomoth,28/05/20,07:00:00,20200528_070000.wav,../Recordings/Selected/Aurignac/320,Aurignac Audio 2020 AMTW 320 590,https://nextcloud.inrae.fr/s/MzeqsR82M8BiC2R?path=%2FAurignac%20Audio%202020%20AMTW%20320%20590,/media/david/One Touch/PSI-BIOM/Travail/Enregistrements analyses BirdNET/Aurignac/320,20200528_080000.wav,20200528_090000.wav,20200528_100000.wav
320,Audiomoth,28/05/20,13:00:00,20200528_130000.wav,../Recordings/Selected/Aurignac/320,Aurignac Audio 2020 AMTW 320 590,https://nextcloud.inrae.fr/s/MzeqsR82M8BiC2R?path=%2FAurignac%20Audio%202020%20AMTW%20320%20590,/media/david/One Touch/PSI-BIOM/Travail/Enregistrements analyses BirdNET/Aurignac/320,20200528_140000.wav,20200528_150000.wav,20200528_160000.wav
323,Audiomoth,28/05/20,00:00:00,20200528_000000.wav,../Recordings/Selected/Aurignac/323,Aurignac Audio 2020 AMTZ 323 539,https://nextcloud.inrae.fr/s/MzeqsR82M8BiC2R?path=%2FAurignac%20Audio%202020%20AMTZ%20323%20539,/media/david/One Touch/PSI-BIOM/Travail/Enregistrements analyses BirdNET/Aurignac/323,20200528_010000.wav,20200528_020000.wav,20200528_030000.wav
323,Audiomoth,28/05/20,07:00:00,20200528_070000.wav,../Recordings/Selected/Aurignac/323,Aurignac Audio 2020 AMTZ 323 539,https://nextcloud.inrae.fr/s/MzeqsR82M8BiC2R?path=%2FAurignac%20Audio%202020%20AMTZ%20323%20539,/media/david/One Touch/PSI-BIOM/Travail/Enregistrements analyses BirdNET/Aurignac/323,20200528_080000.wav,20200528_090000.wav,20200528_100000.wav
323,Audiomoth,28/05/20,13:00:00,20200528_130000.wav,../Recordings/Selected/Aurignac/323,Aurignac Audio 2020 AMTZ 323 539,https://nextcloud.inrae.fr/s/MzeqsR82M8BiC2R?path=%2FAurignac%20Audio%202020%20AMTZ%20323%20539,/media/david/One Touch/PSI-BIOM/Travail/Enregistrements analyses BirdNET/Aurignac/323,20200528_140000.wav,20200528_150000.wav,20200528_160000.wav
328,Audiomoth,22/05/19,00:00:00,20190522_000000.wav,../Recordings/Selected/Aurignac/328,Audiomoth_328_21-22mai,https://nextcloud.inrae.fr/s/MzeqsR82M8BiC2R?path=%2FAudiomoth_328_21-22mai,/media/david/One Touch/PSI-BIOM/Travail/Enregistrements analyses BirdNET/Aurignac/328,20190522_010000.wav,20190522_020000.wav,20190522_030000.wav
328,Audiomoth,22/05/19,07:00:00,20190522_070000.wav,../Recordings/Selected/Aurignac/328,Audiomoth_328_21-22mai,https://nextcloud.inrae.fr/s/MzeqsR82M8BiC2R?path=%2FAudiomoth_328_21-22mai,/media/david/One Touch/PSI-BIOM/Travail/Enregistrements analyses BirdNET/Aurignac/328,20190522_080000.wav,20190522_090000.wav,20190522_100000.wav
328,Audiomoth,22/05/19,13:00:00,20190522_130000.wav,../Recordings/Selected/Aurignac/328,Audiomoth_328_21-22mai,https://nextcloud.inrae.fr/s/MzeqsR82M8BiC2R?path=%2FAudiomoth_328_21-22mai,/media/david/One Touch/PSI-BIOM/Travail/Enregistrements analyses BirdNET/Aurignac/328,20190522_140000.wav,20190522_120000.wav,20190522_110000.wav
333,SM4,18/05/21,00:00:00,S4A10950_20210518_000000.wav,../Recordings/Selected/Aurignac/333,SM4_333,https://nextcloud.inrae.fr/s/MzeqsR82M8BiC2R?path=%2FSM4_333,/media/david/One Touch/PSI-BIOM/Travail/Enregistrements analyses BirdNET/Aurignac/333,S4A10950_20210518_010000.wav,S4A10950_20210518_020000.wav,S4A10950_20210518_030000.wav
333,SM4,18/05/21,07:00:00,S4A10950_20210518_070000.wav,../Recordings/Selected/Aurignac/333,SM4_333,https://nextcloud.inrae.fr/s/MzeqsR82M8BiC2R?path=%2FSM4_333,/media/david/One Touch/PSI-BIOM/Travail/Enregistrements analyses BirdNET/Aurignac/333,S4A10950_20210518_080000.wav,S4A10950_20210518_090000.wav,S4A10950_20210518_100000.wav
333,SM4,18/05/21,13:00:00,S4A10950_20210518_130000.wav,../Recordings/Selected/Aurignac/333,SM4_333,https://nextcloud.inrae.fr/s/MzeqsR82M8BiC2R?path=%2FSM4_333,/media/david/One Touch/PSI-BIOM/Travail/Enregistrements analyses BirdNET/Aurignac/333,S4A10950_20210518_140000.wav,S4A10950_20210518_150000.wav,S4A10950_20210518_160000.wav
347,SM4,29/05/20,00:00:00,S4A09568_20200529_000000.wav,../Recordings/Selected/Aurignac/347,Aurignac Audio 2020 SM4A 192 347,https://nextcloud.inrae.fr/s/MzeqsR82M8BiC2R?path=%2FAurignac%20Audio%202020%20SM4A%20192%20347,/media/david/One Touch/PSI-BIOM/Travail/Enregistrements analyses BirdNET/Aurignac/347,S4A09568_20200529_010000.wav,S4A09568_20200529_020000.wav,S4A09568_20200529_030000.wav
347,SM4,29/05/20,07:00:00,S4A09568_20200529_070000.wav,../Recordings/Selected/Aurignac/347,Aurignac Audio 2020 SM4A 192 347,https://nextcloud.inrae.fr/s/MzeqsR82M8BiC2R?path=%2FAurignac%20Audio%202020%20SM4A%20192%20347,/media/david/One Touch/PSI-BIOM/Travail/Enregistrements analyses BirdNET/Aurignac/347,S4A09568_20200529_080000.wav,S4A09568_20200529_090000.wav,S4A09568_20200529_100000.wav
347,SM4,29/05/20,13:00:00,S4A09568_20200529_130000.wav,../Recordings/Selected/Aurignac/347,Aurignac Audio 2020 SM4A 192 347,https://nextcloud.inrae.fr/s/MzeqsR82M8BiC2R?path=%2FAurignac%20Audio%202020%20SM4A%20192%20347,/media/david/One Touch/PSI-BIOM/Travail/Enregistrements analyses BirdNET/Aurignac/347,S4A09568_20200529_140000.wav,S4A09568_20200529_150000.wav,S4A09568_20200529_160000.wav
352,Audiomoth,28/05/20,00:00:00,20200528_000000.wav,../Recordings/Selected/Aurignac/352,Aurignac Audio 2020 AMTA 352 533,https://nextcloud.inrae.fr/s/MzeqsR82M8BiC2R?path=%2FAurignac%20Audio%202020%20AMTA%20352%20533,/media/david/One Touch/PSI-BIOM/Travail/Enregistrements analyses BirdNET/Aurignac/352,20200528_010000.wav,20200528_020000.wav,20200528_030000.wav
352,Audiomoth,28/05/20,07:00:00,20200528_070000.wav,../Recordings/Selected/Aurignac/352,Aurignac Audio 2020 AMTA 352 533,https://nextcloud.inrae.fr/s/MzeqsR82M8BiC2R?path=%2FAurignac%20Audio%202020%20AMTA%20352%20533,/media/david/One Touch/PSI-BIOM/Travail/Enregistrements analyses BirdNET/Aurignac/352,20200528_080000.wav,20200528_090000.wav,20200528_100000.wav
352,Audiomoth,28/05/20,13:00:00,20200528_130000.wav,../Recordings/Selected/Aurignac/352,Aurignac Audio 2020 AMTA 352 533,https://nextcloud.inrae.fr/s/MzeqsR82M8BiC2R?path=%2FAurignac%20Audio%202020%20AMTA%20352%20533,/media/david/One Touch/PSI-BIOM/Travail/Enregistrements analyses BirdNET/Aurignac/352,20200528_140000.wav,20200528_150000.wav,20200528_160000.wav
355,SM4,28/05/20,00:00:00,S4A10950_20200528_000000.wav,../Recordings/Selected/Aurignac/355,Aurignac Audio 2020 SM4D 355 615,https://nextcloud.inrae.fr/s/MzeqsR82M8BiC2R?path=%2FAurignac%20Audio%202020%20SM4D%20355%20615,/media/david/One Touch/PSI-BIOM/Travail/Enregistrements analyses BirdNET/Aurignac/355,S4A10950_20200528_010000.wav,S4A10950_20200528_020000.wav,S4A10950_20200528_030000.wav
355,SM4,28/05/20,07:00:00,S4A10950_20200528_070000.wav,../Recordings/Selected/Aurignac/355,Aurignac Audio 2020 SM4D 355 615,https://nextcloud.inrae.fr/s/MzeqsR82M8BiC2R?path=%2FAurignac%20Audio%202020%20SM4D%20355%20615,/media/david/One Touch/PSI-BIOM/Travail/Enregistrements analyses BirdNET/Aurignac/355,S4A10950_20200528_080000.wav,S4A10950_20200528_090000.wav,S4A10950_20200528_100000.wav
355,SM4,28/05/20,13:00:00,S4A10950_20200528_130000.wav,../Recordings/Selected/Aurignac/355,Aurignac Audio 2020 SM4D 355 615,https://nextcloud.inrae.fr/s/MzeqsR82M8BiC2R?path=%2FAurignac%20Audio%202020%20SM4D%20355%20615,/media/david/One Touch/PSI-BIOM/Travail/Enregistrements analyses BirdNET/Aurignac/355,S4A10950_20200528_140000.wav,S4A10950_20200528_150000.wav,S4A10950_20200528_160000.wav
386,Audiomoth,28/05/20,00:00:00,20200528_000000.wav,../Recordings/Selected/Aurignac/386,Aurignac Audio 2020 AMTI 386 la louge,https://nextcloud.inrae.fr/s/MzeqsR82M8BiC2R?path=%2FAurignac%20Audio%202020%20AMTI%20386%20la%20louge,/media/david/One Touch/PSI-BIOM/Travail/Enregistrements analyses BirdNET/Aurignac/386,20200528_010000.wav,20200528_020000.wav,20200528_030000.wav
386,Audiomoth,28/05/20,07:00:00,20200528_070000.wav,../Recordings/Selected/Aurignac/386,Aurignac Audio 2020 AMTI 386 la louge,https://nextcloud.inrae.fr/s/MzeqsR82M8BiC2R?path=%2FAurignac%20Audio%202020%20AMTI%20386%20la%20louge,/media/david/One Touch/PSI-BIOM/Travail/Enregistrements analyses BirdNET/Aurignac/386,20200528_080000.wav,20200528_090000.wav,20200528_100000.wav
386,Audiomoth,28/05/20,13:00:00,20200528_130000.wav,../Recordings/Selected/Aurignac/386,Aurignac Audio 2020 AMTI 386 la louge,https://nextcloud.inrae.fr/s/MzeqsR82M8BiC2R?path=%2FAurignac%20Audio%202020%20AMTI%20386%20la%20louge,/media/david/One Touch/PSI-BIOM/Travail/Enregistrements analyses BirdNET/Aurignac/386,20200528_140000.wav,20200528_120000.wav,20200528_110000.wav
396,SM4,28/05/20,00:00:00,S4A10954_20200528_000000.wav,../Recordings/Selected/Aurignac/396,Aurignac Audio 2020 SM4C 398 461/Data,https://nextcloud.inrae.fr/s/MzeqsR82M8BiC2R?path=%2FAurignac%20Audio%202020%20SM4C%20398%20461%2FData,/media/david/One Touch/PSI-BIOM/Travail/Enregistrements analyses BirdNET/Aurignac/396,S4A10954_20200528_010000.wav,S4A10954_20200528_020000.wav,S4A10954_20200528_030000.wav
396,SM4,28/05/20,07:00:00,S4A10954_20200528_070000.wav,../Recordings/Selected/Aurignac/396,Aurignac Audio 2020 SM4C 398 461/Data,https://nextcloud.inrae.fr/s/MzeqsR82M8BiC2R?path=%2FAurignac%20Audio%202020%20SM4C%20398%20461%2FData,/media/david/One Touch/PSI-BIOM/Travail/Enregistrements analyses BirdNET/Aurignac/396,S4A10954_20200528_080000.wav,S4A10954_20200528_090000.wav,S4A10954_20200528_100000.wav
396,SM4,28/05/20,13:00:00,S4A10954_20200528_130000.wav,../Recordings/Selected/Aurignac/396,Aurignac Audio 2020 SM4C 398 461/Data,https://nextcloud.inrae.fr/s/MzeqsR82M8BiC2R?path=%2FAurignac%20Audio%202020%20SM4C%20398%20461%2FData,/media/david/One Touch/PSI-BIOM/Travail/Enregistrements analyses BirdNET/Aurignac/396,S4A10954_20200528_140000.wav,S4A10954_20200528_150000.wav,S4A10954_20200528_160000.wav
423,Audiomoth,28/05/20,00:00:00,20200528_000000.wav,../Recordings/Selected/Aurignac/423,Aurignac Audio 2020 AMTB 423 507,https://nextcloud.inrae.fr/s/MzeqsR82M8BiC2R?path=%2FAurignac%20Audio%202020%20AMTB%20423%20507,/media/david/One Touch/PSI-BIOM/Travail/Enregistrements analyses BirdNET/Aurignac/423,20200528_010000.wav,20200528_020000.wav,20200528_030000.wav
423,Audiomoth,28/05/20,07:00:00,20200528_070000.wav,../Recordings/Selected/Aurignac/423,Aurignac Audio 2020 AMTB 423 507,https://nextcloud.inrae.fr/s/MzeqsR82M8BiC2R?path=%2FAurignac%20Audio%202020%20AMTB%20423%20507,/media/david/One Touch/PSI-BIOM/Travail/Enregistrements analyses BirdNET/Aurignac/423,20200528_080000.wav,20200528_090000.wav,20200528_100000.wav
423,Audiomoth,28/05/20,13:00:00,20200528_130000.wav,../Recordings/Selected/Aurignac/423,Aurignac Audio 2020 AMTB 423 507,https://nextcloud.inrae.fr/s/MzeqsR82M8BiC2R?path=%2FAurignac%20Audio%202020%20AMTB%20423%20507,/media/david/One Touch/PSI-BIOM/Travail/Enregistrements analyses BirdNET/Aurignac/423,20200528_140000.wav,20200528_150000.wav,20200528_160000.wav
461,SM4,29/05/20,00:00:00,S4A10954_20200529_000000.wav,../Recordings/Selected/Aurignac/461,Aurignac Audio 2020 SM4C 398 461/Data,https://nextcloud.inrae.fr/s/MzeqsR82M8BiC2R?path=%2FAurignac%20Audio%202020%20SM4C%20398%20461%2FData,/media/david/One Touch/PSI-BIOM/Travail/Enregistrements analyses BirdNET/Aurignac/461,S4A10954_20200529_010000.wav,S4A10954_20200529_020000.wav,S4A10954_20200529_030000.wav
461,SM4,29/05/20,07:00:00,S4A10954_20200529_070000.wav,../Recordings/Selected/Aurignac/461,Aurignac Audio 2020 SM4C 398 461/Data,https://nextcloud.inrae.fr/s/MzeqsR82M8BiC2R?path=%2FAurignac%20Audio%202020%20SM4C%20398%20461%2FData,/media/david/One Touch/PSI-BIOM/Travail/Enregistrements analyses BirdNET/Aurignac/461,S4A10954_20200529_080000.wav,S4A10954_20200529_090000.wav,S4A10954_20200529_100000.wav
461,SM4,29/05/20,13:00:00,S4A10954_20200529_130000.wav,../Recordings/Selected/Aurignac/461,Aurignac Audio 2020 SM4C 398 461/Data,https://nextcloud.inrae.fr/s/MzeqsR82M8BiC2R?path=%2FAurignac%20Audio%202020%20SM4C%20398%20461%2FData,/media/david/One Touch/PSI-BIOM/Travail/Enregistrements analyses BirdNET/Aurignac/461,S4A10954_20200529_140000.wav,S4A10954_20200529_150000.wav,S4A10954_20200529_160000.wav
496,SM4,21/05/21,00:00:00,S4A09568_20210521_000000.wav,../Recordings/Selected/Aurignac/496,SM4_496,https://nextcloud.inrae.fr/s/MzeqsR82M8BiC2R?path=%2FSM4_496,/media/david/One Touch/PSI-BIOM/Travail/Enregistrements analyses BirdNET/Aurignac/496,S4A09568_20210521_010000.wav,S4A09568_20210521_020000.wav,S4A09568_20210521_030000.wav
496,SM4,21/05/21,07:00:00,S4A09568_20210521_070000.wav,../Recordings/Selected/Aurignac/496,SM4_496,https://nextcloud.inrae.fr/s/MzeqsR82M8BiC2R?path=%2FSM4_496,/media/david/One Touch/PSI-BIOM/Travail/Enregistrements analyses BirdNET/Aurignac/496,S4A09568_20210521_080000.wav,S4A09568_20210521_090000.wav,S4A09568_20210521_100000.wav
496,SM4,20/05/21,13:00:00,S4A09568_20210520_130000.wav,../Recordings/Selected/Aurignac/496,SM4_496,https://nextcloud.inrae.fr/s/MzeqsR82M8BiC2R?path=%2FSM4_496,/media/david/One Touch/PSI-BIOM/Travail/Enregistrements analyses BirdNET/Aurignac/496,S4A09568_20210520_140000.wav,S4A09568_20210520_150000.wav,S4A09568_20210520_160000.wav
507,Audiomoth,29/05/20,00:00:00,20200529_000000.wav,../Recordings/Selected/Aurignac/507,Aurignac Audio 2020 AMTB 423 507,https://nextcloud.inrae.fr/s/MzeqsR82M8BiC2R?path=%2FAurignac%20Audio%202020%20AMTB%20423%20507,/media/david/One Touch/PSI-BIOM/Travail/Enregistrements analyses BirdNET/Aurignac/507,20200529_010000.wav,20200529_020000.wav,20200529_030000.wav
507,Audiomoth,29/05/20,07:00:00,20200529_070000.wav,../Recordings/Selected/Aurignac/507,Aurignac Audio 2020 AMTB 423 507,https://nextcloud.inrae.fr/s/MzeqsR82M8BiC2R?path=%2FAurignac%20Audio%202020%20AMTB%20423%20507,/media/david/One Touch/PSI-BIOM/Travail/Enregistrements analyses BirdNET/Aurignac/507,20200529_080000.wav,20200529_090000.wav,20200529_100000.wav
507,Audiomoth,29/05/20,13:00:00,20200529_130000.wav,../Recordings/Selected/Aurignac/507,Aurignac Audio 2020 AMTB 423 507,https://nextcloud.inrae.fr/s/MzeqsR82M8BiC2R?path=%2FAurignac%20Audio%202020%20AMTB%20423%20507,/media/david/One Touch/PSI-BIOM/Travail/Enregistrements analyses BirdNET/Aurignac/507,20200529_140000.wav,20200529_150000.wav,20200529_160000.wav
533,Audiomoth,29/05/20,00:00:00,20200529_000000.wav,../Recordings/Selected/Aurignac/533,Aurignac Audio 2020 AMTA 352 533,https://nextcloud.inrae.fr/s/MzeqsR82M8BiC2R?path=%2FAurignac%20Audio%202020%20AMTA%20352%20533,/media/david/One Touch/PSI-BIOM/Travail/Enregistrements analyses BirdNET/Aurignac/533,20200529_010000.wav,20200529_020000.wav,20200529_030000.wav
533,Audiomoth,29/05/20,07:00:00,20200529_070000.wav,../Recordings/Selected/Aurignac/533,Aurignac Audio 2020 AMTA 352 533,https://nextcloud.inrae.fr/s/MzeqsR82M8BiC2R?path=%2FAurignac%20Audio%202020%20AMTA%20352%20533,/media/david/One Touch/PSI-BIOM/Travail/Enregistrements analyses BirdNET/Aurignac/533,20200529_080000.wav,20200529_090000.wav,20200529_100000.wav
533,Audiomoth,29/05/20,13:00:00,20200529_130000.wav,../Recordings/Selected/Aurignac/533,Aurignac Audio 2020 AMTA 352 533,https://nextcloud.inrae.fr/s/MzeqsR82M8BiC2R?path=%2FAurignac%20Audio%202020%20AMTA%20352%20533,/media/david/One Touch/PSI-BIOM/Travail/Enregistrements analyses BirdNET/Aurignac/533,20200529_140000.wav,20200529_150000.wav,20200529_160000.wav
539,Audiomoth,29/05/20,00:00:00,20200529_000000.wav,../Recordings/Selected/Aurignac/539,Aurignac Audio 2020 AMTZ 323 539,https://nextcloud.inrae.fr/s/MzeqsR82M8BiC2R?path=%2FAurignac%20Audio%202020%20AMTZ%20323%20539,/media/david/One Touch/PSI-BIOM/Travail/Enregistrements analyses BirdNET/Aurignac/539,20200529_010000.wav,20200529_020000.wav,20200529_030000.wav
539,Audiomoth,29/05/20,07:00:00,20200529_070000.wav,../Recordings/Selected/Aurignac/539,Aurignac Audio 2020 AMTZ 323 539,https://nextcloud.inrae.fr/s/MzeqsR82M8BiC2R?path=%2FAurignac%20Audio%202020%20AMTZ%20323%20539,/media/david/One Touch/PSI-BIOM/Travail/Enregistrements analyses BirdNET/Aurignac/539,20200529_080000.wav,20200529_090000.wav,20200529_100000.wav
539,Audiomoth,29/05/20,13:00:00,20200529_130000.wav,../Recordings/Selected/Aurignac/539,Aurignac Audio 2020 AMTZ 323 539,https://nextcloud.inrae.fr/s/MzeqsR82M8BiC2R?path=%2FAurignac%20Audio%202020%20AMTZ%20323%20539,/media/david/One Touch/PSI-BIOM/Travail/Enregistrements analyses BirdNET/Aurignac/539,20200529_140000.wav,20200529_150000.wav,20200529_160000.wav
566,Audiomoth,29/05/20,00:00:00,20200529_000000.wav,../Recordings/Selected/Aurignac/566,Aurignac Audio 2020 AMTY 283 566,https://nextcloud.inrae.fr/s/MzeqsR82M8BiC2R?path=%2FAurignac%20Audio%202020%20AMTY%20283%20566,/media/david/One Touch/PSI-BIOM/Travail/Enregistrements analyses BirdNET/Aurignac/566,20200529_010000.wav,20200529_020000.wav,20200529_030000.wav
566,Audiomoth,29/05/20,07:00:00,20200529_070000.wav,../Recordings/Selected/Aurignac/566,Aurignac Audio 2020 AMTY 283 566,https://nextcloud.inrae.fr/s/MzeqsR82M8BiC2R?path=%2FAurignac%20Audio%202020%20AMTY%20283%20566,/media/david/One Touch/PSI-BIOM/Travail/Enregistrements analyses BirdNET/Aurignac/566,20200529_080000.wav,20200529_090000.wav,20200529_100000.wav
566,Audiomoth,29/05/20,13:00:00,20200529_130000.wav,../Recordings/Selected/Aurignac/566,Aurignac Audio 2020 AMTY 283 566,https://nextcloud.inrae.fr/s/MzeqsR82M8BiC2R?path=%2FAurignac%20Audio%202020%20AMTY%20283%20566,/media/david/One Touch/PSI-BIOM/Travail/Enregistrements analyses BirdNET/Aurignac/566,20200529_140000.wav,20200529_150000.wav,20200529_160000.wav
590,Audiomoth,29/05/20,00:00:00,20200529_000000.wav,../Recordings/Selected/Aurignac/590,Aurignac Audio 2020 AMTW 320 590,https://nextcloud.inrae.fr/s/MzeqsR82M8BiC2R?path=%2FAurignac%20Audio%202020%20AMTW%20320%20590,/media/david/One Touch/PSI-BIOM/Travail/Enregistrements analyses BirdNET/Aurignac/590,20200529_010000.wav,20200529_020000.wav,20200529_030000.wav
590,Audiomoth,29/05/20,07:00:00,20200529_070000.wav,../Recordings/Selected/Aurignac/590,Aurignac Audio 2020 AMTW 320 590,https://nextcloud.inrae.fr/s/MzeqsR82M8BiC2R?path=%2FAurignac%20Audio%202020%20AMTW%20320%20590,/media/david/One Touch/PSI-BIOM/Travail/Enregistrements analyses BirdNET/Aurignac/590,20200529_080000.wav,20200529_090000.wav,20200529_100000.wav
590,Audiomoth,29/05/20,13:00:00,20200529_130000.wav,../Recordings/Selected/Aurignac/590,Aurignac Audio 2020 AMTW 320 590,https://nextcloud.inrae.fr/s/MzeqsR82M8BiC2R?path=%2FAurignac%20Audio%202020%20AMTW%20320%20590,/media/david/One Touch/PSI-BIOM/Travail/Enregistrements analyses BirdNET/Aurignac/590,20200529_140000.wav,20200529_150000.wav,20200529_160000.wav
615,SM4,29/05/20,00:00:00,S4A10950_20200529_000000.wav,../Recordings/Selected/Aurignac/615,Aurignac Audio 2020 SM4D 355 615/Data,https://nextcloud.inrae.fr/s/MzeqsR82M8BiC2R?path=%2FAurignac%20Audio%202020%20SM4D%20355%20615%2FData,/media/david/One Touch/PSI-BIOM/Travail/Enregistrements analyses BirdNET/Aurignac/615,S4A10950_20200529_010000.wav,S4A10950_20200529_020000.wav,S4A10950_20200529_030000.wav
615,SM4,29/05/20,07:00:00,S4A10950_20200529_070000.wav,../Recordings/Selected/Aurignac/615,Aurignac Audio 2020 SM4D 355 615/Data,https://nextcloud.inrae.fr/s/MzeqsR82M8BiC2R?path=%2FAurignac%20Audio%202020%20SM4D%20355%20615%2FData,/media/david/One Touch/PSI-BIOM/Travail/Enregistrements analyses BirdNET/Aurignac/615,S4A10950_20200529_080000.wav,S4A10950_20200529_090000.wav,S4A10950_20200529_100000.wav
615,SM4,29/05/20,13:00:00,S4A10950_20200529_130000.wav,../Recordings/Selected/Aurignac/615,Aurignac Audio 2020 SM4D 355 615/Data,https://nextcloud.inrae.fr/s/MzeqsR82M8BiC2R?path=%2FAurignac%20Audio%202020%20SM4D%20355%20615%2FData,/media/david/One Touch/PSI-BIOM/Travail/Enregistrements analyses BirdNET/Aurignac/615,S4A10950_20200529_140000.wav,S4A10950_20200529_150000.wav,S4A10950_20200529_160000.wav
1001,SMMicro,03/06/22,00:00:00,SMM00803_20220603_000000.wav,../Recordings/Selected/Sites dmonstrateurs/1001,-,-,/media/david/One Touch/PSI-BIOM/Travail/Enregistrements analyses BirdNET/Sites dmonstrateurs/1001,SMM00803_20220603_001500.wav,SMM00803_20220603_003000.wav,SMM00803_20220603_004500.wav
1001,SMMicro,03/06/22,07:00:00,SMM00803_20220603_070000.wav,../Recordings/Selected/Sites dmonstrateurs/1001,-,-,/media/david/One Touch/PSI-BIOM/Travail/Enregistrements analyses BirdNET/Sites dmonstrateurs/1001,SMM00803_20220603_071500.wav,SMM00803_20220603_073000.wav,SMM00803_20220603_074500.wav
1001,SMMicro,03/06/22,13:00:00,SMM00803_20220603_130000.wav,../Recordings/Selected/Sites dmonstrateurs/1001,-,-,/media/david/One Touch/PSI-BIOM/Travail/Enregistrements analyses BirdNET/Sites dmonstrateurs/1001,SMM00803_20220603_131500.wav,SMM00803_20220603_133000.wav,SMM00803_20220603_134500.wav
1002,SMMicro,15/06/22,00:00:00,SMM00674_20220615_000000.wav,../Recordings/Selected/Sites dmonstrateurs/1002,-,-,/media/david/One Touch/PSI-BIOM/Travail/Enregistrements analyses BirdNET/Sites dmonstrateurs/1002,SMM00674_20220615_001500.wav,SMM00674_20220615_003000.wav,SMM00674_20220615_004500.wav
1002,SMMicro,15/06/22,07:00:00,SMM00674_20220615_070000.wav,../Recordings/Selected/Sites dmonstrateurs/1002,-,-,/media/david/One Touch/PSI-BIOM/Travail/Enregistrements analyses BirdNET/Sites dmonstrateurs/1002,SMM00674_20220615_071500.wav,SMM00674_20220615_073000.wav,SMM00674_20220615_074500.wav
1002,SMMicro,15/06/22,13:00:00,SMM00674_20220615_130000.wav,../Recordings/Selected/Sites dmonstrateurs/1002,-,-,/media/david/One Touch/PSI-BIOM/Travail/Enregistrements analyses BirdNET/Sites dmonstrateurs/1002,SMM00674_20220615_131500.wav,SMM00674_20220615_133000.wav,SMM00674_20220615_134500.wav
1003,SMMicro,17/06/22,00:00:00,SMM00685_20220617_000000.wav,../Recordings/Selected/Sites dmonstrateurs/1003,-,-,/media/david/One Touch/PSI-BIOM/Travail/Enregistrements analyses BirdNET/Sites dmonstrateurs/1003,SMM00685_20220617_001500.wav,SMM00685_20220617_003000.wav,SMM00685_20220617_004500.wav
1003,SMMicro,17/06/22,07:00:00,SMM00685_20220617_070000.wav,../Recordings/Selected/Sites dmonstrateurs/1003,-,-,/media/david/One Touch/PSI-BIOM/Travail/Enregistrements analyses BirdNET/Sites dmonstrateurs/1003,SMM00685_20220617_071500.wav,SMM00685_20220617_073000.wav,SMM00685_20220617_074500.wav
1003,SMMicro,17/06/22,13:00:00,SMM00685_20220617_130000.wav,../Recordings/Selected/Sites dmonstrateurs/1003,-,-,/media/david/One Touch/PSI-BIOM/Travail/Enregistrements analyses BirdNET/Sites dmonstrateurs/1003,SMM00685_20220617_131500.wav,SMM00685_20220617_133000.wav,SMM00685_20220617_134500.wav
2001,SMMini,23/05/22,00:00:00,SMA06988_20220522_235702.wav,../Recordings/Selected/SpatialTreeP/2001,372RougeE_6988_Pose 29.6,https://nextcloud.inrae.fr/s/Yn7yyCcDBkybZLR?path=%2FAscou_Pailh%C3%A8res%2F372RougeE_6988_Pose%2029.6%2FData,/media/david/One Touch/PSI-BIOM/Travail/Enregistrements analyses BirdNET/SpatialTreeP/2001,SMA06988_20220523_005702.wav,SMA06988_20220523_015702.wav,SMA06988_20220523_025702.wav
2001,SMMini,23/05/22,07:00:00,SMA06988_20220523_065702.wav,../Recordings/Selected/SpatialTreeP/2001,372RougeE_6988_Pose 29.6,https://nextcloud.inrae.fr/s/Yn7yyCcDBkybZLR?path=%2FAscou_Pailh%C3%A8res%2F372RougeE_6988_Pose%2029.6%2FData,/media/david/One Touch/PSI-BIOM/Travail/Enregistrements analyses BirdNET/SpatialTreeP/2001,SMA06988_20220523_075702.wav,SMA06988_20220523_085702.wav,SMA06988_20220523_095702.wav
2001,SMMini,23/05/22,13:00:00,SMA06988_20220523_125702.wav,../Recordings/Selected/SpatialTreeP/2001,372RougeE_6988_Pose 29.6,https://nextcloud.inrae.fr/s/Yn7yyCcDBkybZLR?path=%2FAscou_Pailh%C3%A8res%2F372RougeE_6988_Pose%2029.6%2FData,/media/david/One Touch/PSI-BIOM/Travail/Enregistrements analyses BirdNET/SpatialTreeP/2001,SMA06988_20220523_135702.wav,SMA06988_20220523_145702.wav,SMA06988_20220523_155702.wav
2002,SMMini,22/05/22,00:00:00,SMA07142_20220521_235402.wav,../Recordings/Selected/SpatialTreeP/2002,estagnet 374 bleu E,https://nextcloud.inrae.fr/s/Yn7yyCcDBkybZLR?path=%2FEstagnet%2Festagnet%20374%20bleu%20E,/media/david/One Touch/PSI-BIOM/Travail/Enregistrements analyses BirdNET/SpatialTreeP/2002,SMA07142_20220522_005402.wav,SMA07142_20220522_015402.wav,SMA07142_20220522_025402.wav
2002,SMMini,22/05/22,07:00:00,SMA07142_20220522_065402.wav,../Recordings/Selected/SpatialTreeP/2002,estagnet 374 bleu E,https://nextcloud.inrae.fr/s/Yn7yyCcDBkybZLR?path=%2FEstagnet%2Festagnet%20374%20bleu%20E,/media/david/One Touch/PSI-BIOM/Travail/Enregistrements analyses BirdNET/SpatialTreeP/2002,SMA07142_20220522_075402.wav,SMA07142_20220522_085402.wav,SMA07142_20220522_095402.wav
2002,SMMini,22/05/22,13:00:00,SMA07142_20220522_125402.wav,../Recordings/Selected/SpatialTreeP/2002,estagnet 374 bleu E,https://nextcloud.inrae.fr/s/Yn7yyCcDBkybZLR?path=%2FEstagnet%2Festagnet%20374%20bleu%20E,/media/david/One Touch/PSI-BIOM/Travail/Enregistrements analyses BirdNET/SpatialTreeP/2002,SMA07142_20220522_135402.wav,SMA07142_20220522_145402.wav,SMA07142_20220522_155402.wav
2003,SMMini,22/06/22,00:00:00,SMA04564_20220621_235802.wav,../Recordings/Selected/SpatialTreeP/2003,4564_eychelle_bleuE,https://nextcloud.inrae.fr/s/Yn7yyCcDBkybZLR?path=%2FEychelle%2F4564_eychelle_bleuE,/media/david/One Touch/PSI-BIOM/Travail/Enregistrements analyses BirdNET/SpatialTreeP/2003,SMA04564_20220622_005802.wav,SMA04564_20220622_015802.wav,SMA04564_20220622_025802.wav
2003,SMMini,22/06/22,07:00:00,SMA04564_20220622_065802.wav,../Recordings/Selected/SpatialTreeP/2003,4564_eychelle_bleuE,https://nextcloud.inrae.fr/s/Yn7yyCcDBkybZLR?path=%2FEychelle%2F4564_eychelle_bleuE,/media/david/One Touch/PSI-BIOM/Travail/Enregistrements analyses BirdNET/SpatialTreeP/2003,SMA04564_20220622_075802.wav,SMA04564_20220622_085802.wav,SMA04564_20220622_095802.wav
2003,SMMini,22/06/22,13:00:00,SMA04564_20220622_125802.wav,../Recordings/Selected/SpatialTreeP/2003,4564_eychelle_bleuE,https://nextcloud.inrae.fr/s/Yn7yyCcDBkybZLR?path=%2FEychelle%2F4564_eychelle_bleuE,/media/david/One Touch/PSI-BIOM/Travail/Enregistrements analyses BirdNET/SpatialTreeP/2003,SMA04564_20220622_135802.wav,SMA04564_20220622_145802.wav,SMA04564_20220622_155802.wav
2004,SMMini,17/06/22,00:00:00,SMA06989_20220616_235202.wav,../Recordings/Selected/SpatialTreeP/2004,SM6989_ST_245e_16VI2022,https://nextcloud.inrae.fr/s/Yn7yyCcDBkybZLR?path=%2FEylie_montNer%2FSM6989_ST_245e_16VI2022%2FData,/media/david/One Touch/PSI-BIOM/Travail/Enregistrements analyses BirdNET/SpatialTreeP/2004,SMA06989_20220617_005202.wav,SMA06989_20220617_015202.wav,SMA06989_20220617_025202.wav
2004,SMMini,17/06/22,07:00:00,SMA06989_20220617_065202.wav,../Recordings/Selected/SpatialTreeP/2004,SM6989_ST_245e_16VI2022,https://nextcloud.inrae.fr/s/Yn7yyCcDBkybZLR?path=%2FEylie_montNer%2FSM6989_ST_245e_16VI2022%2FData,/media/david/One Touch/PSI-BIOM/Travail/Enregistrements analyses BirdNET/SpatialTreeP/2004,SMA06989_20220617_075202.wav,SMA06989_20220617_085202.wav,SMA06989_20220617_095202.wav
2004,SMMini,17/06/22,13:00:00,SMA06989_20220617_125202.wav,../Recordings/Selected/SpatialTreeP/2004,SM6989_ST_245e_16VI2022,https://nextcloud.inrae.fr/s/Yn7yyCcDBkybZLR?path=%2FEylie_montNer%2FSM6989_ST_245e_16VI2022%2FData,/media/david/One Touch/PSI-BIOM/Travail/Enregistrements analyses BirdNET/SpatialTreeP/2004,SMA06989_20220617_135202.wav,SMA06989_20220617_145202.wav,SMA06989_20220617_155202.wav
2005,SMMini,15/06/22,00:00:00,SMA04559_20220615_000702.wav,../Recordings/Selected/SpatialTreeP/2005,goulier_4559_bleuL,https://nextcloud.inrae.fr/s/Yn7yyCcDBkybZLR?path=%2FGoulier%2Fgoulier_4559_bleuL,/media/david/One Touch/PSI-BIOM/Travail/Enregistrements analyses BirdNET/SpatialTreeP/2005,SMA04559_20220615_010748.wav,SMA04559_20220615_020702.wav,SMA04559_20220615_030702.wav
2005,SMMini,15/06/22,07:00:00,SMA04559_20220615_070702.wav,../Recordings/Selected/SpatialTreeP/2005,goulier_4559_bleuL,https://nextcloud.inrae.fr/s/Yn7yyCcDBkybZLR?path=%2FGoulier%2Fgoulier_4559_bleuL,/media/david/One Touch/PSI-BIOM/Travail/Enregistrements analyses BirdNET/SpatialTreeP/2005,SMA04559_20220615_080702.wav,SMA04559_20220615_090702.wav,SMA04559_20220615_100702.wav
2005,SMMini,15/06/22,13:00:00,SMA04559_20220615_130702.wav,../Recordings/Selected/SpatialTreeP/2005,goulier_4559_bleuL,https://nextcloud.inrae.fr/s/Yn7yyCcDBkybZLR?path=%2FGoulier%2Fgoulier_4559_bleuL,/media/david/One Touch/PSI-BIOM/Travail/Enregistrements analyses BirdNET/SpatialTreeP/2005,SMA04559_20220615_140702.wav,SMA04559_20220615_150702.wav,SMA04559_20220615_160702.wav
2006,SMMini,28/06/22,00:00:00,SMA05810_20220628_000602.wav,../Recordings/Selected/SpatialTreeP/2006,5810,https://nextcloud.inrae.fr/s/Yn7yyCcDBkybZLR?path=%2FGuzet%20neige%2F5810,/media/david/One Touch/PSI-BIOM/Travail/Enregistrements analyses BirdNET/SpatialTreeP/2006,SMA05810_20220628_010602.wav,SMA05810_20220628_020602.wav,SMA05810_20220628_030602.wav
2006,SMMini,28/06/22,07:00:00,SMA05810_20220628_070602.wav,../Recordings/Selected/SpatialTreeP/2006,5810,https://nextcloud.inrae.fr/s/Yn7yyCcDBkybZLR?path=%2FGuzet%20neige%2F5810,/media/david/One Touch/PSI-BIOM/Travail/Enregistrements analyses BirdNET/SpatialTreeP/2006,SMA05810_20220628_080602.wav,SMA05810_20220628_090602.wav,SMA05810_20220628_100602.wav
2006,SMMini,28/06/22,13:00:00,SMA05810_20220628_130602.wav,../Recordings/Selected/SpatialTreeP/2006,5810,https://nextcloud.inrae.fr/s/Yn7yyCcDBkybZLR?path=%2FGuzet%20neige%2F5810,/media/david/One Touch/PSI-BIOM/Travail/Enregistrements analyses BirdNET/SpatialTreeP/2006,SMA05810_20220628_140602.wav,SMA05810_20220628_150602.wav,SMA05810_20220628_160602.wav
2007,SMMini,01/06/22,00:00:00,SMA07134_20220531_235802.wav,../Recordings/Selected/SpatialTreeP/2007,isard 234 rouge E,https://nextcloud.inrae.fr/s/Yn7yyCcDBkybZLR?path=%2FIsard%2Fisard%20234%20rouge%20E,/media/david/One Touch/PSI-BIOM/Travail/Enregistrements analyses BirdNET/SpatialTreeP/2007,SMA07134_20220601_005802.wav,SMA07134_20220601_015802.wav,SMA07134_20220601_025802.wav
2007,SMMini,01/06/22,07:00:00,SMA07134_20220601_065802.wav,../Recordings/Selected/SpatialTreeP/2007,isard 234 rouge E,https://nextcloud.inrae.fr/s/Yn7yyCcDBkybZLR?path=%2FIsard%2Fisard%20234%20rouge%20E,/media/david/One Touch/PSI-BIOM/Travail/Enregistrements analyses BirdNET/SpatialTreeP/2007,SMA07134_20220601_075802.wav,SMA07134_20220601_085802.wav,SMA07134_20220601_095802.wav
2007,SMMini,01/06/22,13:00:00,SMA07134_20220601_125802.wav,../Recordings/Selected/SpatialTreeP/2007,isard 234 rouge E,https://nextcloud.inrae.fr/s/Yn7yyCcDBkybZLR?path=%2FIsard%2Fisard%20234%20rouge%20E,/media/david/One Touch/PSI-BIOM/Travail/Enregistrements analyses BirdNET/SpatialTreeP/2007,SMA07134_20220601_135802.wav,SMA07134_20220601_145802.wav,SMA07134_20220601_155802.wav
2008,SMMini,07/07/22,00:00:00,SMA06988_20220707_000902.wav,../Recordings/Selected/SpatialTreeP/2008,6988_E_bleu,https://nextcloud.inrae.fr/s/Yn7yyCcDBkybZLR?path=%2FLuzenac%2F6988_E_bleu,/media/david/One Touch/PSI-BIOM/Travail/Enregistrements analyses BirdNET/SpatialTreeP/2008,SMA06988_20220707_010902.wav,SMA06988_20220707_020902.wav,SMA06988_20220707_030902.wav
2008,SMMini,07/07/22,07:00:00,SMA06988_20220707_070902.wav,../Recordings/Selected/SpatialTreeP/2008,6988_E_bleu,https://nextcloud.inrae.fr/s/Yn7yyCcDBkybZLR?path=%2FLuzenac%2F6988_E_bleu,/media/david/One Touch/PSI-BIOM/Travail/Enregistrements analyses BirdNET/SpatialTreeP/2008,SMA06988_20220707_080902.wav,SMA06988_20220707_090902.wav,SMA06988_20220707_100902.wav
2008,SMMini,07/07/22,13:00:00,SMA06988_20220707_130902.wav,../Recordings/Selected/SpatialTreeP/2008,6988_E_bleu,https://nextcloud.inrae.fr/s/Yn7yyCcDBkybZLR?path=%2FLuzenac%2F6988_E_bleu,/media/david/One Touch/PSI-BIOM/Travail/Enregistrements analyses BirdNET/SpatialTreeP/2008,SMA06988_20220707_140902.wav,SMA06988_20220707_150902.wav,SMA06988_20220707_160902.wav
2009,SMMini,12/06/22,00:00:00,SMA05744_20220611_235402.wav,../Recordings/Selected/SpatialTreeP/2009,349BleuE_5744,https://nextcloud.inrae.fr/s/Yn7yyCcDBkybZLR?path=%2FMerens%20_etang%20de%20Comte%2F349BleuE_5744%2FSMA05744,/media/david/One Touch/PSI-BIOM/Travail/Enregistrements analyses BirdNET/SpatialTreeP/2009,SMA05744_20220612_005402.wav,SMA05744_20220612_015402.wav,SMA05744_20220612_025402.wav
2009,SMMini,12/06/22,07:00:00,SMA05744_20220612_065451.wav,../Recordings/Selected/SpatialTreeP/2009,349BleuE_5744,https://nextcloud.inrae.fr/s/Yn7yyCcDBkybZLR?path=%2FMerens%20_etang%20de%20Comte%2F349BleuE_5744%2FSMA05744,/media/david/One Touch/PSI-BIOM/Travail/Enregistrements analyses BirdNET/SpatialTreeP/2009,SMA05744_20220612_075402.wav,SMA05744_20220612_085402.wav,SMA05744_20220612_095402.wav
2009,SMMini,12/06/22,13:00:00,SMA05744_20220612_125402.wav,../Recordings/Selected/SpatialTreeP/2009,349BleuE_5744,https://nextcloud.inrae.fr/s/Yn7yyCcDBkybZLR?path=%2FMerens%20_etang%20de%20Comte%2F349BleuE_5744%2FSMA05744,/media/david/One Touch/PSI-BIOM/Travail/Enregistrements analyses BirdNET/SpatialTreeP/2009,SMA05744_20220612_135402.wav,SMA05744_20220612_145402.wav,SMA05744_20220612_155402.wav
2010,SMMini,29/06/22,00:00:00,SMA04559_20220628_234602.wav,../Recordings/Selected/SpatialTreeP/2010,SM4559_ST_402l_28VI2022,https://nextcloud.inrae.fr/s/Yn7yyCcDBkybZLR?path=%2FOrle_besset%2FSM4559_ST_402l_28VI2022%2FData,/media/david/One Touch/PSI-BIOM/Travail/Enregistrements analyses BirdNET/SpatialTreeP/2010,SMA04559_20220629_004602.wav,SMA04559_20220629_014602.wav,SMA04559_20220629_024602.wav
2010,SMMini,29/06/22,07:00:00,SMA04559_20220629_064602.wav,../Recordings/Selected/SpatialTreeP/2010,SM4559_ST_402l_28VI2022,https://nextcloud.inrae.fr/s/Yn7yyCcDBkybZLR?path=%2FOrle_besset%2FSM4559_ST_402l_28VI2022%2FData,/media/david/One Touch/PSI-BIOM/Travail/Enregistrements analyses BirdNET/SpatialTreeP/2010,SMA04559_20220629_074602.wav,SMA04559_20220629_084602.wav,SMA04559_20220629_094602.wav
2010,SMMini,29/06/22,13:00:00,SMA04559_20220629_124602.wav,../Recordings/Selected/SpatialTreeP/2010,SM4559_ST_402l_28VI2022,https://nextcloud.inrae.fr/s/Yn7yyCcDBkybZLR?path=%2FOrle_besset%2FSM4559_ST_402l_28VI2022%2FData,/media/david/One Touch/PSI-BIOM/Travail/Enregistrements analyses BirdNET/SpatialTreeP/2010,SMA04559_20220629_134602.wav,SMA04559_20220629_144602.wav,SMA04559_20220629_154602.wav
2011,SMMini,13/06/22,00:00:00,SMA07142_20220613_000702.wav,../Recordings/Selected/SpatialTreeP/2011,369BleuE_7142,https://nextcloud.inrae.fr/s/Yn7yyCcDBkybZLR?path=%2FOrlu%20_orri%20de%20la%20Coume%2F369BleuE_7142%2FSMA07142,/media/david/One Touch/PSI-BIOM/Travail/Enregistrements analyses BirdNET/SpatialTreeP/2011,SMA07142_20220613_010702.wav,SMA07142_20220613_020702.wav,SMA07142_20220613_030702.wav
2011,SMMini,13/06/22,07:00:00,SMA07142_20220613_070702.wav,../Recordings/Selected/SpatialTreeP/2011,369BleuE_7142,https://nextcloud.inrae.fr/s/Yn7yyCcDBkybZLR?path=%2FOrlu%20_orri%20de%20la%20Coume%2F369BleuE_7142%2FSMA07142,/media/david/One Touch/PSI-BIOM/Travail/Enregistrements analyses BirdNET/SpatialTreeP/2011,SMA07142_20220613_080702.wav,SMA07142_20220613_090702.wav,SMA07142_20220613_100702.wav
2011,SMMini,13/06/22,13:00:00,SMA07142_20220613_130702.wav,../Recordings/Selected/SpatialTreeP/2011,369BleuE_7142,https://nextcloud.inrae.fr/s/Yn7yyCcDBkybZLR?path=%2FOrlu%20_orri%20de%20la%20Coume%2F369BleuE_7142%2FSMA07142,/media/david/One Touch/PSI-BIOM/Travail/Enregistrements analyses BirdNET/SpatialTreeP/2011,SMA07142_20220613_140702.wav,SMA07142_20220613_150702.wav,SMA07142_20220613_160702.wav
2012,SMMini,06/07/22,00:00:00,SMA06936_20220705_235202.wav,../Recordings/Selected/SpatialTreeP/2012,SM6936,https://nextcloud.inrae.fr/s/Yn7yyCcDBkybZLR?path=%2FOrlu_RNCFS%2FSM6936%2FData,/media/david/One Touch/PSI-BIOM/Travail/Enregistrements analyses BirdNET/SpatialTreeP/2012,SMA06936_20220706_005202.wav,SMA06936_20220706_015202.wav,SMA06936_20220706_025202.wav
2012,SMMini,06/07/22,07:00:00,SMA06936_20220706_065202.wav,../Recordings/Selected/SpatialTreeP/2012,SM6936,https://nextcloud.inrae.fr/s/Yn7yyCcDBkybZLR?path=%2FOrlu_RNCFS%2FSM6936%2FData,/media/david/One Touch/PSI-BIOM/Travail/Enregistrements analyses BirdNET/SpatialTreeP/2012,SMA06936_20220706_075202.wav,SMA06936_20220706_085202.wav,SMA06936_20220706_095202.wav
2012,SMMini,06/07/22,13:00:00,SMA06936_20220706_125202.wav,../Recordings/Selected/SpatialTreeP/2012,SM6936,https://nextcloud.inrae.fr/s/Yn7yyCcDBkybZLR?path=%2FOrlu_RNCFS%2FSM6936%2FData,/media/david/One Touch/PSI-BIOM/Travail/Enregistrements analyses BirdNET/SpatialTreeP/2012,SMA06936_20220706_135202.wav,SMA06936_20220706_145202.wav,SMA06936_20220706_155202.wav
2013,SMMini,23/05/22,00:00:00,SMA05810_20220522_234702.wav,../Recordings/Selected/SpatialTreeP/2013,373RougeE_5810,https://nextcloud.inrae.fr/s/Yn7yyCcDBkybZLR?path=%2FPailh%C3%A8resEst%2F373RougeE_5810%2FData,/media/david/One Touch/PSI-BIOM/Travail/Enregistrements analyses BirdNET/SpatialTreeP/2013,SMA05810_20220523_004702.wav,SMA05810_20220523_014702.wav,SMA05810_20220523_024702.wav
2013,SMMini,23/05/22,07:00:00,SMA05810_20220523_064702.wav,../Recordings/Selected/SpatialTreeP/2013,373RougeE_5810,https://nextcloud.inrae.fr/s/Yn7yyCcDBkybZLR?path=%2FPailh%C3%A8resEst%2F373RougeE_5810%2FData,/media/david/One Touch/PSI-BIOM/Travail/Enregistrements analyses BirdNET/SpatialTreeP/2013,SMA05810_20220523_074702.wav,SMA05810_20220523_084702.wav,SMA05810_20220523_094702.wav
2013,SMMini,23/05/22,13:00:00,SMA05810_20220523_124702.wav,../Recordings/Selected/SpatialTreeP/2013,373RougeE_5810,https://nextcloud.inrae.fr/s/Yn7yyCcDBkybZLR?path=%2FPailh%C3%A8resEst%2F373RougeE_5810%2FData,/media/david/One Touch/PSI-BIOM/Travail/Enregistrements analyses BirdNET/SpatialTreeP/2013,SMA05810_20220523_134702.wav,SMA05810_20220523_144702.wav,SMA05810_20220523_154702.wav
2014,SMMini,23/06/22,00:00:00,SMA04559_20220623_000902.wav,../Recordings/Selected/SpatialTreeP/2014,SMA_04559_P424_LISIERE,https://nextcloud.inrae.fr/s/Yn7yyCcDBkybZLR?path=%2FPause%2FSMA_04559_P424_LISIERE%2FData,/media/david/One Touch/PSI-BIOM/Travail/Enregistrements analyses BirdNET/SpatialTreeP/2014,SMA04559_20220623_010902.wav,SMA04559_20220623_020902.wav,SMA04559_20220623_030902.wav
2014,SMMini,23/06/22,07:00:00,SMA04559_20220623_070902.wav,../Recordings/Selected/SpatialTreeP/2014,SMA_04559_P424_LISIERE,https://nextcloud.inrae.fr/s/Yn7yyCcDBkybZLR?path=%2FPause%2FSMA_04559_P424_LISIERE%2FData,/media/david/One Touch/PSI-BIOM/Travail/Enregistrements analyses BirdNET/SpatialTreeP/2014,SMA04559_20220623_080902.wav,SMA04559_20220623_090902.wav,SMA04559_20220623_100902.wav
2014,SMMini,23/06/22,13:00:00,SMA04559_20220623_130902.wav,../Recordings/Selected/SpatialTreeP/2014,SMA_04559_P424_LISIERE,https://nextcloud.inrae.fr/s/Yn7yyCcDBkybZLR?path=%2FPause%2FSMA_04559_P424_LISIERE%2FData,/media/david/One Touch/PSI-BIOM/Travail/Enregistrements analyses BirdNET/SpatialTreeP/2014,SMA04559_20220623_140902.wav,SMA04559_20220623_150902.wav,SMA04559_20220623_160902.wav
2015,SMMini,03/06/22,00:00:00,SMA06989_20220602_234802.wav,../Recordings/Selected/SpatialTreeP/2015,Transect564_e_6989,https://nextcloud.inrae.fr/s/Yn7yyCcDBkybZLR?path=%2FSalau_saube%2FTransect564_e_6989%2FData,/media/david/One Touch/PSI-BIOM/Travail/Enregistrements analyses BirdNET/SpatialTreeP/2015,SMA06989_20220603_004802.wav,SMA06989_20220603_014802.wav,SMA06989_20220603_024802.wav
2015,SMMini,03/06/22,07:00:00,SMA06989_20220603_064802.wav,../Recordings/Selected/SpatialTreeP/2015,Transect564_e_6989,https://nextcloud.inrae.fr/s/Yn7yyCcDBkybZLR?path=%2FSalau_saube%2FTransect564_e_6989%2FData,/media/david/One Touch/PSI-BIOM/Travail/Enregistrements analyses BirdNET/SpatialTreeP/2015,SMA06989_20220603_074802.wav,SMA06989_20220603_084802.wav,SMA06989_20220603_094802.wav
2015,SMMini,03/06/22,13:00:00,SMA06989_20220603_124802.wav,../Recordings/Selected/SpatialTreeP/2015,Transect564_e_6989,https://nextcloud.inrae.fr/s/Yn7yyCcDBkybZLR?path=%2FSalau_saube%2FTransect564_e_6989%2FData,/media/david/One Touch/PSI-BIOM/Travail/Enregistrements analyses BirdNET/SpatialTreeP/2015,SMA06989_20220603_134802.wav,SMA06989_20220603_144818.wav,SMA06989_20220603_151834.wav
2016,SMMini,29/06/22,00:00:00,SMA06992_20220628_235302.wav,../Recordings/Selected/SpatialTreeP/2016,626_EST_bleu_6992,https://nextcloud.inrae.fr/s/Yn7yyCcDBkybZLR?path=%2FSoularac%2F626_EST_bleu_6992,/media/david/One Touch/PSI-BIOM/Travail/Enregistrements analyses BirdNET/SpatialTreeP/2016,SMA06992_20220629_005302.wav,SMA06992_20220629_015302.wav,SMA06992_20220629_025302.wav
2016,SMMini,29/06/22,07:00:00,SMA06992_20220629_065302.wav,../Recordings/Selected/SpatialTreeP/2016,626_EST_bleu_6992,https://nextcloud.inrae.fr/s/Yn7yyCcDBkybZLR?path=%2FSoularac%2F626_EST_bleu_6992,/media/david/One Touch/PSI-BIOM/Travail/Enregistrements analyses BirdNET/SpatialTreeP/2016,SMA06992_20220629_075302.wav,SMA06992_20220629_085302.wav,SMA06992_20220629_095302.wav
2016,SMMini,29/06/22,13:00:00,SMA06992_20220629_125302.wav,../Recordings/Selected/SpatialTreeP/2016,626_EST_bleu_6992,https://nextcloud.inrae.fr/s/Yn7yyCcDBkybZLR?path=%2FSoularac%2F626_EST_bleu_6992,/media/david/One Touch/PSI-BIOM/Travail/Enregistrements analyses BirdNET/SpatialTreeP/2016,SMA06992_20220629_135302.wav,SMA06992_20220629_145302.wav,SMA06992_20220629_155302.wav
