"recording_id","total_time","species","min_frequency","max_frequency","min_code_n_ind","detected_by_BirdNET","total_detections","proportion_of_time_detected","mean_BirdNET_confidence"
"1","22.745441","Luscinia megarhynchos","1778.946777","9905.947266","1","FALSE","0","0","0"
"1","5.14420200000001","Strix aluco","347.815796","1228.168823","1","FALSE","0","0","0"
"2","16.491708","Turdus merula","1305.356445","4750.020508","4","FALSE","0","0","0"
"2","35.067991","Sylvia atricapilla","1927.735229","5185.706055","1","FALSE","0","0","0"
"2","17.66008","Alectoris rufa","832.109497","2735.541016","1","FALSE","0","0","0"
"2","10.649843","Erithacus rubecula","1668.96875","6252.906738","4","FALSE","0","0","0"
"2","5.598102","Hippolais polyglotta","1550.568726","6342.600586","4","FALSE","0","0","0"
"2","3.25295099999999","Curruca communis","1858.349243","5943.391602","4","FALSE","0","0","0"
"2","17.66008","Alectoris rufa","832.109497","2735.541016","1","FALSE","0","0","0"
"2","16.273163","Corvus corone","379.760101","2779.861084","1","FALSE","0","0","0"
"2","6.741258","Luscinia megarhynchos","1254.600586","7037.57373","1","FALSE","0","0","0"
"2","6.489093","Cyanistes caeruleus","4135.504883","7650.497559","1","FALSE","0","0","0"
"2","0.697660999999997","Oriolus oriolus","1072.254639","2439.297363","4","FALSE","0","0","0"
"2","8.817431","Streptopelia decaocto","343.007172","933.516724","2","FALSE","0","0","0"
"2","1.89125","Phoenicurus ochruros","2135.888672","6843.430176","4","FALSE","0","0","0"
"3","35.958981","Sylvia atricapilla","1533.327026","4436.317383","1","FALSE","0","0","0"
"3","36.320421","Luscinia megarhynchos","1057.592773","4655.467285","4","FALSE","0","0","0"
"3","6.19489700000001","Turdus merula","1292.299561","2826.490234","1","FALSE","0","0","0"
"3","2.40399","Streptopelia decaocto","265.680054","766.519714","1","FALSE","0","0","0"
"4","47.348514","Turdus merula","1255.64502","4690.387207","1","FALSE","0","0","0"
"4","59.94004","Luscinia megarhynchos","836.20636","0","4","TRUE","32","1","0.84885625"
"4","12.801667","Aegithalos caudatus","5455.767578","10420.938477","1","FALSE","0","0","0"
"4","2.370368","Streptopelia decaocto","225.30423","694.804565","1","FALSE","0","0","0"
"4","15.146818","Sylvia atricapilla","1012.488953","5308.944824","4","FALSE","0","0","0"
"4","2.967162","Curruca communis","1480.05896","5760.26416","4","FALSE","0","0","0"
"4","12.801667","Aegithalos caudatus","5455.767578","10420.938477","1","FALSE","0","0","0"
"5","59.998879","Luscinia megarhynchos","976.133667","9410.849609","4","TRUE","1","0.0500009341841203","0.7253"
"5","25.653766","Otus scops","953.804565","3643.562012","1","FALSE","0","0","0"
"6","48.03777","Luscinia megarhynchos","653.308594","8530.981445","4","FALSE","0","0","0"
"6","44.457001","Jynx torquilla","750.858276","0","4","FALSE","0","0","0"
"6","16.937202","Corvus corone","216.44162","11214.958984","1","FALSE","0","0","0"
"6","2.883107","Oriolus oriolus","1102.365479","2264.76123","1","FALSE","0","0","0"
"6","29.049612","Parus major","1943.076538","7529.394531","4","FALSE","0","0","0"
"6","5.320718","Columba palumbus","193.347305","846.450928","1","FALSE","0","0","0"
"6","0.781716999999999","Curruca communis","2264.76123","5205.682129","1","FALSE","0","0","0"
"6","0.739688999999998","Aegithalos caudatus","5675.633789","8413.930664","1","FALSE","0","0","0"
"6","0.848960999999996","Emberiza calandra","3817.344482","7322.01416","4","FALSE","0","0","0"
"7","1.075911","Luscinia megarhynchos","1277.932983","3419.583984","1","FALSE","0","0","0"
"8","44.616706","Hippolais polyglotta","1870.945679","8857.550781","4","TRUE","6","0.403436327190985","0.79145"
"8","9.91015400000001","Emberiza cirlus","5754.437988","11330.620117","1","FALSE","0","0","0"
"8","13.608601","Oriolus oriolus","805.611206","8857.550781","1","FALSE","0","0","0"
"8","7.985281","Erithacus rubecula","1370.286255","11168.863281","4","FALSE","0","0","0"
"8","4.429729","Turdus merula","931.772644","2666.519043","4","FALSE","0","0","0"
"8","5.186229","Columba palumbus","158.818893","679.314392","1","FALSE","0","0","0"
"8","7.296025","Streptopelia turtur","420.919678","785.553711","1","FALSE","0","0","0"
"8","3.143679","Sylvia atricapilla","1012.875305","5332.036133","4","FALSE","0","0","0"
"8","5.404774","Emberiza citrinella","4027.631592","10242.980469","1","FALSE","0","0","0"
"8","0.117677999999998","Dendrocopos major","1287.896118","7876.605957","4","FALSE","0","0","0"
"8","13.608601","Oriolus oriolus","805.611206","8857.550781","1","FALSE","0","0","0"
"9","20.551592","Sylvia atricapilla","1636.462524","5360.025391","1","FALSE","0","0","0"
"9","40.985505","Hippolais polyglotta","1284.98584","9561.650391","4","TRUE","11","0.734399783533227","0.850345454545455"
"9","18.895694","Turdus merula","1187.87146","4850.736328","1","FALSE","0","0","0"
"9","24.855237","Columba palumbus","212.1987","769.086182","1","FALSE","0","0","0"
"9","31.16781","Erithacus rubecula","2121.389648","10503.174805","1","FALSE","0","0","0"
"9","6.37141399999999","Phylloscopus collybita","2878.751465","7802.04248","4","FALSE","0","0","0"
"9","31.16781","Erithacus rubecula","2121.389648","10503.174805","1","FALSE","0","0","0"
"9","7.405297","Curruca communis","1787.654541","8155.597656","4","FALSE","0","0","0"
"9","1.159967","Phylloscopus bonelli","2577.991211","7696.091797","1","FALSE","0","0","0"
"10","28.503249","Saxicola rubicola","1451.345337","7474.525391","1","TRUE","16","1","0.83755625"
"10","0.327817","Oriolus oriolus","1172.474243","2201.179932","1","FALSE","0","0","0"
"10","2.034145","Turdus merula","1275.176758","2295.633545","1","FALSE","0","0","0"
"10","14.028878","Sylvia atricapilla","1405.882324","6264.538574","4","FALSE","0","0","0"
"10","4.24480900000001","Picus viridis","718.493591","14486.852539","1","TRUE","15","1","0.901246666666667"
"10","0.420277999999996","Fringilla coelebs","2891.989746","4806.249512","1","FALSE","0","0","0"
"10","15.432606","Turdus philomelos","1569.343628","6414.894531","1","FALSE","0","0","0"
"11","2.57210000000001","Otus scops","1007.614685","1753.332153","1","FALSE","0","0","0"
"11","31.092162","Luscinia megarhynchos","1357.411743","13412.748047","1","TRUE","3","0.186918941178809","0.835633333333333"
"12","59.998879","Alauda arvensis","1654.300415","8154.782715","4","FALSE","0","0","0"
"12","0.899396000000003","Dendrocopos major","591.958496","4741.72998","1","FALSE","0","0","0"
"12","3.908585","Luscinia megarhynchos","1627.794434","4104.492188","1","FALSE","0","0","0"
"12","2.765429","Fringilla coelebs","1877.505981","4866.362305","1","FALSE","0","0","0"
"12","0.378250000000001","Oriolus oriolus","1264.201782","1966.560059","1","FALSE","0","0","0"
"12","3.076435","Pica pica","440.667389","13546.286133","1","TRUE","2","0.606557265146184","0.76695"
"13","12.759638","Turdus merula","741.897461","3502.798828","1","FALSE","0","0","0"
"13","10.708682","Corvus corone","329.832886","3502.798828","1","FALSE","0","0","0"
"13","2.319934","Sylvia atricapilla","831.21344","3452.58374","4","FALSE","0","0","0"
"13","3.101651","Streptopelia decaocto","317.52829","945.725403","1","FALSE","0","0","0"
"13","3.03440699999999","Luscinia megarhynchos","447.490814","3071.865479","4","FALSE","0","0","0"
"14","1.353295","Luscinia megarhynchos","732.214844","3564.870605","1","FALSE","0","0","0"
"14","0.571576999999998","Otus scops","1017.873413","1616.055054","1","FALSE","0","0","0"
"15","59.898013","Sylvia atricapilla","1066.053955","11381.267578","4","TRUE","7","0.350595937130669","0.816814285714286"
"15","22.098216","Streptopelia decaocto","234.204712","878.334045","1","FALSE","0","0","0"
"15","2.799051","Corvus corone","319.533508","3130.156738","4","FALSE","0","0","0"
"15","5.211446","Turdus merula","514.284546","5011.438477","4","FALSE","0","0","0"
"15","1.41213399999999","Luscinia megarhynchos","1567.042358","2556.269043","1","FALSE","0","0","0"
"15","0.201732999999997","Emberiza citrinella","3326.314209","5611.430664","1","FALSE","0","0","0"
"16","59.679468","Luscinia megarhynchos","1322.326172","3702.207275","2","TRUE","2","0.100537089238128","0.7763"
"16","3.16049","Otus scops","1224.494507","1810.36792","1","FALSE","0","0","0"
"17","40.094516","Sylvia atricapilla","1552.722778","5216.564453","1","FALSE","0","0","0"
"17","25.166243","Phylloscopus collybita","1791.848877","8416.823242","1","FALSE","0","0","0"
"17","15.314928","Cyanistes caeruleus","3998.113281","8549.169922","1","FALSE","0","0","0"
"17","2.02573899999999","Pica pica","741.035339","9530.967773","1","FALSE","0","0","0"
"17","11.919081","Turdus merula","1278.67981","4276.912598","1","FALSE","0","0","0"
"18","45.549724","Luscinia megarhynchos","807.942871","5899.707031","1","FALSE","0","0","0"
"18","41.321728","Passer domesticus","1184.346313","8019.558105","1","FALSE","0","0","0"
"18","41.086372","Sturnus vulgaris","4699.690918","10363.558594","1","FALSE","0","0","0"
"18","5.749402","Columba palumbus","140.133636","872.281616","1","FALSE","0","0","0"
"18","5.228258","Curruca communis","1009.311829","8141.844727","4","FALSE","0","0","0"
"18","1.899656","Sylvia atricapilla","2044.542236","4436.317383","1","FALSE","0","0","0"
"18","0.933017","Streptopelia decaocto","292.956543","807.942871","1","FALSE","0","0","0"
"19","44.230052","Luscinia megarhynchos","1009.44635","3682.704346","1","FALSE","0","0","0"
"20","60.058839","Luscinia megarhynchos","913.718018","8947.173828","4","FALSE","0","0","0"
"20","8.413964","Emberiza calandra","4580.002441","7191.231934","1","FALSE","0","0","0"
"20","30.799088","Sylvia atricapilla","1593.635986","7112.35498","4","FALSE","0","0","0"
"20","7.649059","Fringilla coelebs","1253.080933","7432.669922","4","FALSE","0","0","0"
"20","1.445756","Oriolus oriolus","1176.157104","1993.572998","4","FALSE","0","0","0"
"20","3.143679","Corvus corone","1292.717651","2132.321777","4","FALSE","0","0","0"
"20","1.176778","Curruca communis","1374.420532","4964.65625","1","FALSE","0","0","0"
"20","4.370891","Garrulus glandarius","1176.157104","5256.448242","1","FALSE","0","0","0"
"20","0.949829000000001","Turdus merula","1333.158813","2248.449219","1","FALSE","0","0","0"
"21","3.227735","Emberiza calandra","4311.212891","6615.041992","1","FALSE","0","0","0"
"21","7.89282","Corvus corone","1005.147522","2513.075439","1","FALSE","0","0","0"
"21","12.423416","Sylvia atricapilla","1399.484497","5955.005371","1","TRUE","1","0.223632533918207","0.7199"
"21","7.49775900000001","Emberiza citrinella","3816.141113","6211.554688","1","FALSE","0","0","0"
"21","1.597057","Turdus merula","1340.76062","2831.745361","1","FALSE","0","0","0"
"22","59.948446","Luscinia megarhynchos","933.516724","7726.895996","4","FALSE","0","0","0"
"22","52.391849","Otus scops","1049.879883","1643.79895","1","FALSE","0","0","0"
"22","6.08562499999999","Strix aluco","450.58017","1614.208374","1","FALSE","0","0","0"
"22","29.125262","Lullula arborea","1493.606812","5656.223145","4","TRUE","2","0.136643886671303","0.7429"
"23","24.821616","Troglodytes troglodytes","986.965515","9295.135742","4","FALSE","0","0","0"
"23","59.830768","Luscinia megarhynchos","1279.016968","5854.269531","4","FALSE","0","0","0"
"23","13.600194","Sylvia atricapilla","1569.272217","4951.11377","4","FALSE","0","0","0"
"23","1.832411","Upupa epops","457.85495","788.065918","1","FALSE","0","0","0"
"23","8.111363","Corvus corone","221.705673","3134.677979","1","FALSE","0","0","0"
"23","23.274993","Cuculus canorus","149.694427","847.839172","1","FALSE","0","0","0"
"23","4.816386","Phylloscopus collybita","3178.662598","8849.40625","4","FALSE","0","0","0"
"23","5.102173","Turdus merula","1106.444824","4062.528809","4","FALSE","0","0","0"
"23","9.884937","Curruca communis","1468.074463","10375.583008","4","FALSE","0","0","0"
"23","18.769613","Columba palumbus","240.789215","847.839172","1","FALSE","0","0","0"
"23","0.512739","Oriolus oriolus","937.939331","1875.571777","4","FALSE","0","0","0"
"23","1.19359","Emberiza calandra","4887.029297","8741.112305","1","FALSE","0","0","0"
"23","1.706328","Lullula arborea","2183.377686","4577.345703","4","FALSE","0","0","0"
"24","10.053048","Luscinia megarhynchos","839.145874","10010.227539","1","FALSE","0","0","0"
"24","11.742566","Sylvia atricapilla","1300.477417","4051.726807","1","FALSE","0","0","0"
"24","15.205656","Streptopelia turtur","352.426025","722.733521","1","FALSE","0","0","0"
"24","13.147415","Curruca communis","1031.864868","8451.375","1","TRUE","2","0.0427755570201442","0.7737"
"24","3.00919100000001","Turdus merula","765.406189","3152.72876","1","FALSE","0","0","0"
"24","0.958234000000001","Phylloscopus collybita","1353.615112","3467.970215","1","FALSE","0","0","0"
"24","0.865772000000003","Picus viridis","1380.710815","3307.250488","4","FALSE","0","0","0"
"24","13.919606","Cuculus canorus","376.197876","732.214844","1","FALSE","0","0","0"
"24","2.672968","Corvus corone","298.667206","3203.562256","4","FALSE","0","0","0"
"26","59.948446","Turdus merula","1165.626099","0","4","TRUE","23","1","0.816439130434783"
"26","2.32834","Luscinia megarhynchos","1101.325073","3203.562256","1","FALSE","0","0","0"
"26","13.801929","Curruca communis","676.248596","9870.75293","1","FALSE","0","0","0"
"26","2.698184","Corvus corone","298.667206","3102.556885","1","FALSE","0","0","0"
"26","3.412657","Emberiza calandra","4466.12793","10426.457031","1","FALSE","0","0","0"
"26","3.790907","Cuculus canorus","413.735199","956.236816","1","FALSE","0","0","0"
"26","3.345413","Streptopelia decaocto","325.194366","760.524902","1","FALSE","0","0","0"
"27","24.140765","Curruca communis","1446.824463","10433.146484","1","TRUE","2","0.13212472761323","0.7073"
"27","3.698446","Sylvia atricapilla","1781.42334","4030.542236","1","FALSE","0","0","0"
"27","2.941945","Emberiza calandra","5139.934082","8805.9375","1","FALSE","0","0","0"
"27","5.37955700000001","Luscinia megarhynchos","1716.927979","11348.400391","4","FALSE","0","0","0"
"28","12.852099","Hippolais polyglotta","1713.932373","8341.237305","1","FALSE","0","0","0"
"28","14.432346","Sylvia atricapilla","1573.300171","6584.19873","1","FALSE","0","0","0"
"28","16.769087","Turdus merula","1153.63623","3971.71582","1","FALSE","0","0","0"
"28","15.86129","Curruca communis","1440.860962","7712.899414","1","TRUE","7","0.702905249194737","0.812471428571429"
"28","0.731283999999999","Turdus philomelos","1519.368774","4260.720703","1","FALSE","0","0","0"
"28","2.277907","Emberiza calandra","4893.471191","9016.499023","1","FALSE","0","0","0"
"30","0.98345","Curruca communis","2504.338623","5247.005859","4","FALSE","0","0","0"
"30","16.130268","Turdus merula","1008.545471","3089.380859","1","FALSE","0","0","0"
"30","33.000223","Sylvia atricapilla","1639.820068","9449.476562","1","FALSE","0","0","0"
"30","2.000523","Erithacus rubecula","1898.370728","5309.665039","4","FALSE","0","0","0"
"30","4.942469","Emberiza calandra","4826.3125","9135.307617","1","FALSE","0","0","0"
"30","2.605723","Luscinia megarhynchos","2067.02002","9449.476562","1","FALSE","0","0","0"
"30","6.724448","Emberiza cirlus","3210.424561","5123.644043","1","FALSE","0","0","0"
"30","10.624627","Columba palumbus","270.12085","822.495605","1","FALSE","0","0","0"
"30","1.462567","Garrulus glandarius","973.103577","2748.271729","4","FALSE","0","0","0"
"31","59.982068","Sylvia atricapilla","1771.479736","4975.733398","4","FALSE","0","0","0"
"31","53.223999","Phylloscopus collybita","2715.635498","8042.79541","1","FALSE","0","0","0"
"31","10.137105","Turdus merula","1004.240784","3184.95874","4","FALSE","0","0","0"
"33","25.914339","Phylloscopus collybita","3360.123047","8214.582031","1","FALSE","0","0","0"
"33","22.182268","Sylvia atricapilla","1414.741943","6817.888184","1","FALSE","0","0","0"
"33","20.324642","Streptopelia decaocto","199.247467","900.876587","1","FALSE","0","0","0"
"33","5.303908","Troglodytes troglodytes","2077.997314","10026.605469","4","FALSE","0","0","0"
"34","36.891995","Luscinia megarhynchos","1223.337769","5640.024414","1","FALSE","0","0","0"
"34","13.818738","Otus scops","1040.334717","1646.337524","1","FALSE","0","0","0"
"34","0.537956000000001","Coturnix coturnix","1580.6604","3578.681641","1","TRUE","3","1","0.863466666666667"
"35","54.96395","Sylvia atricapilla","1132.704346","9779.214844","4","TRUE","1","0.0545812300607944","0.752"
"35","24.821615","Turdus merula","854.327454","4872.552734","4","FALSE","0","0","0"
"35","8.766998","Columba palumbus","261.291931","673.66272","4","FALSE","0","0","0"
"35","0.857367","Phasianus colchicus","481.116394","1813.215454","1","FALSE","0","0","0"
"35","2.168634","Emberiza calandra","4292.916504","8310.344727","1","FALSE","0","0","0"
"35","2.899918","Luscinia megarhynchos","1497.174072","3199.683594","4","FALSE","0","0","0"
"35","6.70763699999999","Corvus corone","301.711853","2517.766602","4","FALSE","0","0","0"
"35","3.471496","Curruca communis","1431.472656","6241.51123","4","FALSE","0","0","0"
"35","0.420278000000003","Oriolus oriolus","1132.704346","1955.092529","1","FALSE","0","0","0"
"35","2.639346","Emberiza citrinella","3835.412842","6533.382324","1","FALSE","0","0","0"
"35","9.229303","Streptopelia turtur","274.580719","673.66272","1","FALSE","0","0","0"
"36","45.701024","Sylvia atricapilla","1067.503906","11487.542969","1","TRUE","2","0.110441617238161","0.79335"
"36","5.825053","Corvus corone","465.011475","4292.916504","1","FALSE","0","0","0"
"36","1.143156","Curruca communis","1711.805054","6837.52832","1","FALSE","0","0","0"
"37","44.431784","Lullula arborea","1678.919434","4361.9375","1","TRUE","17","1","0.853705882352941"
"37","59.948446","Luscinia megarhynchos","1209.764648","3898.108887","4","FALSE","0","0","0"
"37","45.986812","Otus scops","1058.753418","1646.481934","4","FALSE","0","0","0"
"37","0.537956000000001","Coturnix coturnix","1683.984985","3351.885742","1","FALSE","0","0","0"
"38","25.292326","Phylloscopus collybita","2884.439941","8674.580078","4","FALSE","0","0","0"
"38","38.228483","Sylvia atricapilla","1380.591797","8674.580078","4","FALSE","0","0","0"
"38","15.550285","Emberiza calandra","1661.158203","10350.238281","4","FALSE","0","0","0"
"38","20.711297","Turdus merula","1180.3396","3216.318604","4","FALSE","0","0","0"
"38","21.316498","Streptopelia decaocto","295.894379","855.352844","1","FALSE","0","0","0"
"38","14.129745","Luscinia megarhynchos","855.352844","9413.810547","4","FALSE","0","0","0"
"38","13.112672","Anthus trivialis","1912.616699","9805.005859","4","TRUE","1","0.228786322116499","0.7115"
"38","1.672706","Parus major","2190.85498","8556.740234","4","FALSE","0","0","0"
"38","0.226951","Pica pica","895.205383","2580.68457","1","FALSE","0","0","0"
"38","0.504334","Oriolus oriolus","1631.477783","2498.724854","1","FALSE","0","0","0"
"38","1.672706","Parus major","2190.85498","8556.740234","4","FALSE","0","0","0"
"38","7.96847","Columba palumbus","273.996582","936.078857","1","FALSE","0","0","0"
"38","2.261097","Emberiza citrinella","3916.3396","7665.801758","1","TRUE","3","1","0.829166666666667"
"38","0.714472999999998","Cyanistes caeruleus","4810.756836","8440.379883","4","FALSE","0","0","0"
"38","2.261097","Emberiza citrinella","3916.3396","7665.801758","1","TRUE","3","1","0.829166666666667"
"38","1.50459499999999","Certhia brachydactyla","3070.479736","8793.921875","4","FALSE","0","0","0"
"39","33.924834","Turdus merula","1020.99469","4605.543457","1","FALSE","0","0","0"
"39","16.483301","Sylvia atricapilla","1544.655884","4880.910645","4","FALSE","0","0","0"
"39","1.13475","Garrulus glandarius","915.512756","3316.665771","1","FALSE","0","0","0"
"39","4.984497","Streptopelia decaocto","214.29921","778.609924","1","FALSE","0","0","0"
"39","1.470973","Emberiza cirlus","2750.959229","4605.543457","1","FALSE","0","0","0"
"39","4.757547","Phylloscopus collybita","3419.583984","8325.483398","1","FALSE","0","0","0"
"39","1.714734","Fringilla coelebs","2884.439941","8325.483398","1","FALSE","0","0","0"
"40","32.722839","Luscinia megarhynchos","1444.995361","3959.713379","1","FALSE","0","0","0"
"41","20.828974","Cyanistes caeruleus","2113.503662","10951.731445","1","FALSE","0","0","0"
"41","9.666393","Emberiza citrinella","3994.621094","7382.894531","1","FALSE","0","0","0"
"41","38.186454","Sylvia atricapilla","1535.710693","7996.241211","1","FALSE","0","0","0"
"41","5.18623200000001","Oriolus oriolus","1058.109009","2423.38623","1","TRUE","1","0.137763216146134","0.708"
"41","1.454162","Turdus merula","1559.193237","2423.38623","1","FALSE","0","0","0"
"41","2.19385","Turdus philomelos","2203.092773","3398.348877","1","FALSE","0","0","0"
"41","4.27002400000001","Phoenicurus ochruros","1680.358887","7215.73584","1","FALSE","0","0","0"
"41","7.413702","Corvus corone","321.12616","2203.092773","1","FALSE","0","0","0"
"41","0.899394999999998","Phasianus colchicus","433.594025","6138.51709","1","FALSE","0","0","0"
"42","8.699755","Sylvia atricapilla","1694.471069","4854.849609","1","FALSE","0","0","0"
"42","6.312575","Parus major","2859.910889","6443.172363","1","FALSE","0","0","0"
"42","22.552114","Phylloscopus collybita","2379.131836","9418.518555","1","FALSE","0","0","0"
"42","11.305476","Passer domesticus","2205.520752","4908.838867","1","FALSE","0","0","0"
"42","1.017072","Curruca communis","2594.832764","6943.567383","1","FALSE","0","0","0"
"42","6.312575","Parus major","2859.910889","6443.172363","1","FALSE","0","0","0"
"43","58.334579","Otus scops","1086.142334","1646.337524","1","FALSE","0","0","0"
"43","7.13632","Luscinia megarhynchos","1476.553345","3792.338867","1","FALSE","0","0","0"
"44","29.705245","Alauda arvensis","1816.261475","8668.104492","4","FALSE","0","0","0"
"44","18.458607","Streptopelia decaocto","271.074707","763.799011","1","FALSE","0","0","0"
"44","1.412134","Oriolus oriolus","923.518127","2247.642334","1","FALSE","0","0","0"
"44","22.266326","Emberiza calandra","2040.048828","9626.195312","1","FALSE","0","0","0"
"44","11.465183","Emberiza citrinella","3924.444336","6917.081543","4","FALSE","0","0","0"
"44","16.911984","Luscinia megarhynchos","1067.907959","10010.227539","4","FALSE","0","0","0"
"44","12.305739","Cyanistes caeruleus","4214.619629","9501.271484","1","FALSE","0","0","0"
"44","10.515354","Corvus corone","334.838104","2588.890625","1","FALSE","0","0","0"
"44","2.387179","Galerida cristata","1974.152466","4783.583496","4","FALSE","0","0","0"
"44","5.875486","Hippolais polyglotta","3296.010254","4987.517578","4","FALSE","0","0","0"
"44","7.833982","Sylvia atricapilla","1974.152466","4717.244629","4","FALSE","0","0","0"
"44","1.403729","Curruca communis","1696.687988","5569.189453","4","FALSE","0","0","0"
"44","11.490399","Lullula arborea","1909.840942","5057.166016","4","FALSE","0","0","0"
"44","0.773311","Phasianus colchicus","521.380737","2507.841797","1","FALSE","0","0","0"
"45","5.42999099999999","Corvus corone","554.697632","3111.717529","1","FALSE","0","0","0"
"45","21.42577","Emberiza calandra","2221.758545","10825.685547","1","TRUE","3","0.0863955414437845","0.766466666666667"
"45","17.702106","Sylvia atricapilla","1388.234497","7763.500977","1","FALSE","0","0","0"
"45","2.067768","Emberiza citrinella","4113.215332","6012.812012","1","FALSE","0","0","0"
"47","52.971832","Sylvia atricapilla","1632.004639","6888.617676","4","FALSE","0","0","0"
"47","32.504296","Emberiza calandra","2144.023438","19326.404297","1","TRUE","4","0.282110186296605","0.86705"
"47","0.285789","Passer domesticus","2546.402344","4515.949707","1","FALSE","0","0","0"
"47","1.840817","Turdus merula","1365.614868","2338.55957","4","FALSE","0","0","0"
"47","9.93537100000001","Alauda arvensis","1388.519409","10099.750977","1","FALSE","0","0","0"
"47","15.40739","Streptopelia decaocto","275.867554","719.776978","1","FALSE","0","0","0"
"47","9.93537100000001","Alauda arvensis","1388.519409","10099.750977","1","FALSE","0","0","0"
"47","5.177824","Parus major","673.576477","19548.470703","4","FALSE","0","0","0"
"48","11.767781","Emberiza calandra","2667.158936","9776.237305","1","FALSE","0","0","0"
"48","2.361962","Curruca communis","2091.393555","5387.662109","1","FALSE","0","0","0"
"48","10.40608","Sylvia atricapilla","1854.130005","4925.472656","1","FALSE","0","0","0"
"48","30.377689","Passer domesticus","2700.556885","5327.873535","4","FALSE","0","0","0"
"49","32.033584","Sylvia atricapilla","1448.709839","5016.513184","1","FALSE","0","0","0"
"49","21.459392","Turdus merula","1245.791016","4073.64624","1","FALSE","0","0","0"
"49","4.396106","Chloris chloris","1873.112183","5241.630859","1","FALSE","0","0","0"
"49","5.514047","Fringilla coelebs","1591.581299","6145.60791","4","FALSE","0","0","0"
"49","1.706329","Cyanistes caeruleus","2226.669189","8270.84375","1","FALSE","0","0","0"
"49","1.311267","Streptopelia decaocto","276.823181","714.296753","1","FALSE","0","0","0"
"51","55.745666","Streptopelia decaocto","344.357269","985.024902","1","FALSE","0","0","0"
"51","51.416803","Turdus merula","451.392578","11176.305664","4","TRUE","1","0.0583466848376396","0.8189"
"51","3.580767","Oriolus oriolus","746.236877","3098.405273","1","FALSE","0","0","0"
"51","29.780897","Sylvia atricapilla","825.939453","11830.811523","4","FALSE","0","0","0"
"51","13.305999","Parus major","785.553711","10112.098633","4","FALSE","0","0","0"
"51","6.337791","Emberiza calandra","3149.690674","11176.305664","1","FALSE","0","0","0"
"51","9.784071","Troglodytes troglodytes","1141.11084","7793.163086","4","FALSE","0","0","0"
"51","5.75780700000001","Corvus corone","616.643311","2448.173828","4","FALSE","0","0","0"
"51","4.169156","Emberiza citrinella","3761.644531","8882.741211","1","FALSE","0","0","0"
"51","14.642484","Streptopelia turtur","277.22348","795.088989","4","FALSE","0","0","0"
"51","5.825053","Curruca communis","1433.777344","7349.550781","1","FALSE","0","0","0"
"51","4.169156","Emberiza citrinella","3761.644531","8882.741211","1","FALSE","0","0","0"
"51","51.416803","Turdus merula","451.392578","11176.305664","4","TRUE","1","0.0583466848376396","0.8189"
"51","2.143417","Coturnix coturnix","1772.966675","4540.690918","4","FALSE","0","0","0"
"52","1.412134","Emberiza calandra","5214.025879","7755.441406","1","FALSE","0","0","0"
"52","14.575239","Sylvia atricapilla","1226.23645","4792.395996","1","FALSE","0","0","0"
"53","1.563434","Luscinia megarhynchos","1859.92627","3831.223145","1","FALSE","0","0","0"
"54","32.210102","Sylvia atricapilla","1248.714722","5589.620605","1","FALSE","0","0","0"
"54","13.810335","Emberiza calandra","4158.674805","9689.857422","1","FALSE","0","0","0"
"54","33.269201","Parus major","2694.800049","6559.487793","1","TRUE","3","0.270520473274967","0.7757"
"54","4.37089100000001","Turdus merula","519.647766","3436.222168","1","FALSE","0","0","0"
"55","59.923229","Lullula arborea","1977.021851","4498.137207","4","TRUE","4","0.200256231185406","0.78085"
"55","13.415272","Garrulus glandarius","593.436035","11838.958984","1","TRUE","3","0.187970024014422","0.755333333333333"
"55","11.305477","Turdus merula","1380.591797","3858.310303","1","FALSE","0","0","0"
"55","1.336484","Passer domesticus","2498.724854","4094.896729","1","FALSE","0","0","0"
"55","13.415272","Garrulus glandarius","593.436035","11838.958984","1","TRUE","3","0.187970024014422","0.755333333333333"
"57","57.772527","Sylvia atricapilla","1624.369629","8829.709961","1","TRUE","1","0.0519277960612663","0.8355"
"57","33.874401","Corvus corone","234.204712","2515.863037","1","FALSE","0","0","0"
"57","17.643267","Columba oenas","123.40152","514.284546","1","FALSE","0","0","0"
"57","10.742304","Cyanistes caeruleus","3734.112549","8479.335938","1","FALSE","0","0","0"
"57","3.580769","Turdus merula","1251.57959","3639.546875","4","FALSE","0","0","0"
"57","29.553945","Troglodytes troglodytes","1511.128662","9830.8125","4","FALSE","0","0","0"
"57","5.387965","Certhia brachydactyla","5050.582031","9443.633789","1","TRUE","3","0.61753519185815","0.865466666666667"
"57","0.563172000000002","Oriolus oriolus","1156.500488","2321.229004","4","FALSE","0","0","0"
"57","1.34489","Turdus viscivorus","2068.370361","3178.280762","1","FALSE","0","0","0"
"57","1.563434","Luscinia megarhynchos","1456.594727","2809.595459","4","FALSE","0","0","0"
"58","20.417103","Luscinia megarhynchos","934.109314","7708.014648","1","FALSE","0","0","0"
"59","18.651935","Sylvia atricapilla","1474.517578","5487.98291","1","FALSE","0","0","0"
"59","11.28026","Phylloscopus collybita","3234.514648","7943.733398","1","FALSE","0","0","0"
"59","27.33488","Luscinia megarhynchos","1169.865234","6419.007324","1","TRUE","2","0.102245446111342","0.76935"
"59","6.12765","Turdus merula","1169.865234","3407.906006","1","FALSE","0","0","0"
"59","3.068029","Emberiza citrinella","4341.791016","6496.17627","1","FALSE","0","0","0"
"59","1.504595","Lullula arborea","2437.344482","4563.980469","1","FALSE","0","0","0"
"59","11.759377","Streptopelia turtur","322.350159","823.512329","1","FALSE","0","0","0"
"59","0.840555999999999","Phasianus colchicus","840.026917","1360.398804","1","FALSE","0","0","0"
"59","1.319672","Oriolus oriolus","925.324097","3068.442383","1","FALSE","0","0","0"
"59","0.564292999999999","Corvus corone","653.132385","2471.352539","4","FALSE","0","0","0"
"60","22.535303","Luscinia megarhynchos","1134.016968","6149.079102","1","FALSE","0","0","0"
"61","59.460923","Luscinia megarhynchos","1539.586304","6160.954102","1","FALSE","0","0","0"
"61","42.767483","Otus scops","1040.880859","1571.148438","1","FALSE","0","0","0"
"62","59.982068","Alauda arvensis","1854.838013","4709.007812","4","FALSE","0","0","0"
"62","8.741781","Curruca communis","1757.616211","6489.18457","4","FALSE","0","0","0"
"62","17.794568","Emberiza calandra","1990.47644","9362.537109","1","FALSE","0","0","0"
"62","6.304169","Sylvia atricapilla","2133.316162","4114.704102","4","FALSE","0","0","0"
"62","2.664563","Luscinia megarhynchos","1694.865601","4850.736328","4","FALSE","0","0","0"
"62","2.034145","Corvus corone","485.645386","2605.939209","1","FALSE","0","0","0"
"62","2.109795","Alectoris rufa","784.131409","2133.316162","1","FALSE","0","0","0"
"62","3.15208499999999","Turdus merula","1350.612671","3476.270264","4","FALSE","0","0","0"
"62","0.764905999999996","Pica pica","1858.349243","5185.706055","1","FALSE","0","0","0"
"62","0.210138999999998","Passer domesticus","3410.831055","5338.542969","1","FALSE","0","0","0"
"63","10.137103","Curruca communis","1955.906372","5575.27002","1","FALSE","0","0","0"
"63","11.019687","Passer domesticus","1955.906372","5416.441895","1","FALSE","0","0","0"
"63","21.493013","Emberiza calandra","3517.578125","10174.422852","1","FALSE","0","0","0"
"63","3.34541100000001","Turdus merula","1272.578735","3422.609131","1","FALSE","0","0","0"
"63","35.025964","Sylvia atricapilla","2171.181152","4922.986328","1","FALSE","0","0","0"
"64","59.898013","Luscinia megarhynchos","1197.513672","3755.237549","2","FALSE","0","0","0"
"65","22.552115","Sylvia atricapilla","1616.055054","5763.062988","4","FALSE","0","0","0"
"65","55.779288","Alauda arvensis","1705.961426","6316.546875","4","FALSE","0","0","0"
"65","27.133144","Passer domesticus","982.439514","4284.316406","1","FALSE","0","0","0"
"65","5.984758","Turdus merula","889.063721","4261.634277","1","FALSE","0","0","0"
"65","4.236401","Luscinia megarhynchos","2006.752686","5718.811035","1","FALSE","0","0","0"
"65","9.456253","Emberiza calandra","3401.861572","10598.712891","1","FALSE","0","0","0"
"65","2.983974","Corvus corone","574.187805","2589.06958","4","FALSE","0","0","0"
"65","9.456253","Emberiza calandra","3401.861572","10598.712891","1","FALSE","0","0","0"
"65","6.93458599999999","Pica pica","624.824646","4975.733398","4","FALSE","0","0","0"
"65","27.133144","Passer domesticus","982.439514","4284.316406","1","FALSE","0","0","0"
"65","1.235617","Erithacus rubecula","5516.036133","9483.46875","1","FALSE","0","0","0"
"65","5.984758","Turdus merula","889.063721","4261.634277","1","FALSE","0","0","0"
"66","17.44994","Sylvia atricapilla","1716.927979","4840.304199","1","FALSE","0","0","0"
"66","53.383704","Passer domesticus","1985.42041","8437.75293","1","FALSE","0","0","0"
"66","4.001046","Curruca communis","1475.279907","4419.437012","4","FALSE","0","0","0"
"66","14.239017","Turdus merula","1206.906616","3234.149902","1","FALSE","0","0","0"
"67","41.346945","Luscinia megarhynchos","906.896729","3968.65918","1","FALSE","0","0","0"
"68","13.348029","Luscinia megarhynchos","1077.012695","7793.163086","1","FALSE","0","0","0"
"68","12.515878","Coturnix coturnix","815.088745","5134.241699","4","TRUE","2","0.330506657223728","0.79635"
"68","15.499849","Sylvia atricapilla","1772.966675","4683.163086","1","FALSE","0","0","0"
"68","28.772228","Streptopelia decaocto","264.32373","897.799255","2","FALSE","0","0","0"
"68","3.874963","Emberiza calandra","3944.814941","8629.124023","1","FALSE","0","0","0"
"68","10.91882","Turdus merula","940.832458","3307.737305","1","FALSE","0","0","0"
"68","13.112669","Curruca communis","1521.37793","7032.11377","1","FALSE","0","0","0"
"68","0.647228","Saxicola rubicola","1349.630859","10112.098633","4","FALSE","0","0","0"
"68","1.773573","Oriolus oriolus","855.894409","2941.886475","1","FALSE","0","0","0"
"68","21.308092","Corvus corone","90.930405","0","1","TRUE","1","0.140791582840923","0.7685"
"68","10.91882","Turdus merula","940.832458","3307.737305","1","FALSE","0","0","0"
"69","10.641438","Passer domesticus","2283.739258","5011.438477","1","FALSE","0","0","0"
"69","18.500635","Milvus migrans","1351.52771","4971.887695","1","TRUE","3","0.465402619964126","0.825433333333333"
"69","17.164152","Curruca communis","1865.202271","8805.9375","1","FALSE","0","0","0"
"69","19.568141","Sylvia atricapilla","2031.940674","5190.30127","1","FALSE","0","0","0"
"69","0.588388999999999","Oriolus oriolus","1269.032593","2283.739258","1","FALSE","0","0","0"
"69","1.235617","Luscinia megarhynchos","1865.202271","4364.053223","4","FALSE","0","0","0"
"69","4.50538","Emberiza calandra","3236.4021","7401.836914","1","FALSE","0","0","0"
"69","1.924873","Turdus merula","2031.940674","3995.4646","4","FALSE","0","0","0"
"70","5.77462","Turdus merula","1302.673828","4124.140625","1","FALSE","0","0","0"
"70","2.235879","Erithacus rubecula","2511.897949","6357.987305","1","FALSE","0","0","0"
"70","7.66587000000001","Sylvia atricapilla","1803.15271","5490.052734","1","FALSE","0","0","0"
"70","4.555813","Phylloscopus collybita","3010.623291","5654.649902","1","FALSE","0","0","0"
"72","14.59205","Regulus ignicapilla","5841.021973","9607.235352","1","TRUE","9","0.845386563231349","0.787077777777778"
"72","6.892556","Curruca communis","1907.736694","4753.14502","1","FALSE","0","0","0"
"72","33.117903","Sylvia atricapilla","1729.640503","6180.021484","1","FALSE","0","0","0"
"72","10.624627","Troglodytes troglodytes","2939.942871","20000","4","TRUE","7","1","0.800157142857143"
"72","2.656156","Garrulus glandarius","971.690796","3367.911133","4","TRUE","1","0.804908672532789","0.7729"
"73","56.737523","Luscinia megarhynchos","1197.513672","3813.228027","1","FALSE","0","0","0"
"74","43.834989","Cyanistes caeruleus","1253.069702","11840.355469","1","TRUE","6","0.410630877539401","0.8036"
"74","51.761432","Cuculus canorus","135.536896","769.086182","4","FALSE","0","0","0"
"74","3.959018","Corvus corone","225.938492","2227.656006","1","FALSE","0","0","0"
"74","31.436791","Streptopelia decaocto","308.461914","965.366577","4","FALSE","0","0","0"
"74","48.138636","Sylvia atricapilla","1815.325562","4810.756836","4","FALSE","0","0","0"
"74","16.27316","Coturnix coturnix","1211.695312","5096.776855","4","FALSE","0","0","0"
"74","16.474897","Curruca communis","1133.363892","7153.048828","4","FALSE","0","0","0"
"74","10.995591","Turdus merula","1328.613159","3266.174805","4","FALSE","0","0","0"
"74","12.616744","Luscinia megarhynchos","1204.276733","6307.997559","1","FALSE","0","0","0"
"74","9.758854","Emberiza calandra","4094.896729","9805.005859","1","FALSE","0","0","0"
"74","0.764906000000002","Phasianus colchicus","697.211731","1982.054688","4","FALSE","0","0","0"
"74","0.479117","Oriolus oriolus","1260.249023","2050.173828","1","FALSE","0","0","0"
"74","1.025479","Corvus monedula","1516.440063","5023.90918","4","FALSE","0","0","0"
"75","22.10662","Sylvia atricapilla","2207.555176","6126.747559","4","FALSE","0","0","0"
"75","7.791954","Cyanistes caeruleus","6215.608398","10604.608398","1","FALSE","0","0","0"
"75","20.812165","Corvus corone","256.121185","2207.555176","1","FALSE","0","0","0"
"75","18.954535","Turdus merula","1197.513672","3697.992188","4","FALSE","0","0","0"
"75","26.864165","Luscinia megarhynchos","1459.481689","4370.320801","1","FALSE","0","0","0"
"75","2.303124","Pica pica","945.901978","4850.736328","1","FALSE","0","0","0"
"75","19.77828","Curruca communis","1603.731323","8028.23584","4","FALSE","0","0","0"
"75","0.588388999999999","Coturnix coturnix","1487.590088","3476.270264","4","FALSE","0","0","0"
"75","2.71499499999999","Hippolais polyglotta","2401.77417","4114.704102","4","FALSE","0","0","0"
"75","1.117939","Phasianus colchicus","554.4646","1298.254395","4","FALSE","0","0","0"
"77","37.480388","Sylvia atricapilla","1393.146362","5478.458984","1","FALSE","0","0","0"
"77","10.397677","Hippolais polyglotta","2256.822998","7829.120605","4","FALSE","0","0","0"
"77","4.623057","Chloris chloris","2734.286621","6153.113281","1","FALSE","0","0","0"
"77","19.038591","Troglodytes troglodytes","1965.739136","9554.582031","1","FALSE","0","0","0"
"77","5.161013","Emberiza citrinella","3724.4104","7539.515137","1","FALSE","0","0","0"
"77","1.781979","Erithacus rubecula","2396.197998","5550.016113","4","FALSE","0","0","0"
"78","18.324118","Erithacus rubecula","1737.481323","8928.650391","1","FALSE","0","0","0"
"78","40.472767","Sylvia atricapilla","1322.883789","7059.080566","1","FALSE","0","0","0"
"78","17.449942","Troglodytes troglodytes","2015.307007","9216.314453","4","FALSE","0","0","0"
"79","13.280783","Sturnus vulgaris","884.286255","8088.702637","4","FALSE","0","0","0"
"79","3.412657","Turdus merula","1227.52832","2630.980225","1","FALSE","0","0","0"
"79","5.90910800000001","Corvus corone","403.943909","2993.148193","1","FALSE","0","0","0"
"79","2.160228","Luscinia megarhynchos","1669.464966","2993.148193","1","FALSE","0","0","0"
"79","4.723923","Sylvia atricapilla","1459.275269","6160.335938","1","FALSE","0","0","0"
"80","34.530037","Luscinia megarhynchos","1169.635742","8010.710938","1","FALSE","0","0","0"
"81","31.251867","Sylvia atricapilla","1721.699585","6761.459961","4","FALSE","0","0","0"
"81","52.122869","Turdus merula","1226.295776","4444.027344","4","FALSE","0","0","0"
"81","8.19542","Streptopelia turtur","316.807404","803.289062","1","FALSE","0","0","0"
"81","3.55555200000001","Emberiza citrinella","3844.258301","7508.040527","1","FALSE","0","0","0"
"81","1.941684","Corvus corone","653.584534","2373.684082","4","FALSE","0","0","0"
"81","2.757024","Luscinia megarhynchos","1282.200562","2949.280029","4","FALSE","0","0","0"
"81","1.008667","Curruca communis","2617.352539","7276.542969","1","FALSE","0","0","0"
"81","3.597579","Periparus ater","3164.17334","9424.035156","1","FALSE","0","0","0"
"81","3.597579","Periparus ater","3164.17334","9424.035156","1","FALSE","0","0","0"
"81","23.16572","Cyanistes caeruleus","3352.884766","10870.053711","1","FALSE","0","0","0"
"81","4.169158","Lullula arborea","2617.352539","4799.130859","4","FALSE","0","0","0"
"81","5.463614","Erithacus rubecula","2315.616699","6905.13623","4","FALSE","0","0","0"
"81","4.034669","Phoenicurus ochruros","2373.684082","5524.928711","4","FALSE","0","0","0"
"81","3.55555200000001","Emberiza citrinella","3844.258301","7508.040527","1","FALSE","0","0","0"
"81","1.294456","Coturnix coturnix","876.704468","3019.549072","4","FALSE","0","0","0"
"83","42.960811","Sylvia atricapilla","1745.181763","5478.458984","1","FALSE","0","0","0"
"83","7.985279","Corvus corone","359.555786","3642.390381","1","FALSE","0","0","0"
"83","4.06829099999999","Certhia brachydactyla","4719.953613","10839.230469","1","FALSE","0","0","0"
"83","2.050957","Oriolus oriolus","934.109314","2744.186523","1","FALSE","0","0","0"
"83","2.916729","Parus major","2995.87207","4999.993164","1","FALSE","0","0","0"
"83","1.168373","Curruca communis","2202.010254","5057.712402","4","FALSE","0","0","0"
"84","56.989689","Sylvia atricapilla","1904.494873","5355.577637","4","FALSE","0","0","0"
"84","2.38717800000001","Oriolus oriolus","1090.048706","2750.385498","1","TRUE","7","1","0.872257142857143"
"85","19.980013","Luscinia megarhynchos","1402.204102","6559.257812","1","FALSE","0","0","0"
"86","58.72964","Luscinia megarhynchos","1466.717041","5604.225098","4","FALSE","0","0","0"
"86","32.243723","Sylvia atricapilla","2031.771606","5668.064941","4","FALSE","0","0","0"
"86","29.032801","Streptopelia turtur","328.008179","853.825806","1","TRUE","1","0.103331400921323","0.7288"
"86","14.550023","Emberiza calandra","2059.435059","19792.488281","1","TRUE","3","0.134242262022541","0.7694"
"86","7.59022","Turdus merula","1239.406372","3470.863525","1","FALSE","0","0","0"
"86","0.924611999999996","Emberiza citrinella","3959.713379","7011.63916","1","FALSE","0","0","0"
"86","8.977137","Columba palumbus","287.401031","792.448364","1","FALSE","0","0","0"
"86","8.94351600000001","Curruca communis","1648.595337","8002.735352","1","FALSE","0","0","0"
"86","3.597579","Lullula arborea","2261.081543","3730.782715","4","FALSE","0","0","0"
"87","12.810072","Luscinia megarhynchos","1718.88501","4773.042969","1","FALSE","0","0","0"
"87","10.011021","Emberiza cirlus","2634.802002","7055.984375","4","TRUE","3","0.286996900715721","0.8422"
"87","22.291542","Sylvia atricapilla","2153.217285","4773.042969","1","FALSE","0","0","0"
"87","2.967162","Curruca communis","1696.794312","5875.327637","1","FALSE","0","0","0"
"87","1.050695","Emberiza calandra","4247.665527","8118.991699","1","FALSE","0","0","0"
"87","5.892296","Turdus merula","1170.903442","3162.075928","1","FALSE","0","0","0"
"87","5.076957","Columba palumbus","240.198593","707.778198","1","FALSE","0","0","0"
"87","2.504857","Emberiza citrinella","2696.556641","6985.153809","4","FALSE","0","0","0"
"88","0.949828000000004","Luscinia megarhynchos","1417.758301","3397.156494","1","FALSE","0","0","0"
"89","1.294456","Parus major","2996.156006","4211.414551","4","FALSE","0","0","0"
"89","13.137889","Curruca communis","1322.429321","9514.099609","1","TRUE","4","0.364666195611791","0.846275"
"89","36.648237","Streptopelia decaocto","397.122742","732.944336","1","FALSE","0","0","0"
"89","2.109796","Luscinia megarhynchos","1621.298462","3505.976318","1","FALSE","0","0","0"
"89","3.85815099999999","Sylvia atricapilla","1852.013794","6055.03125","1","FALSE","0","0","0"
"89","1.87444","Corvus corone","649.092224","1786.907837","1","FALSE","0","0","0"
"90","16.44968","Curruca communis","2199.181885","7481.570312","1","FALSE","0","0","0"
"90","1.563434","Luscinia megarhynchos","2095.543701","3706.368652","1","FALSE","0","0","0"
"90","4.118724","Sylvia atricapilla","2070.218262","4634.319824","1","FALSE","0","0","0"
"90","4.22799699999999","Corvus corone","751.781738","3396.967529","1","FALSE","0","0","0"
"91","6.38822399999999","Luscinia megarhynchos","1380.977051","3639.017822","1","FALSE","0","0","0"
"92","4.227996","Erithacus rubecula","1342.09436","10941.449219","1","FALSE","0","0","0"
"92","19.433651","Fringilla coelebs","1171.885498","11688.099609","4","FALSE","0","0","0"
"92","3.387441","Dendrocopos major","462.020508","2302.344971","1","FALSE","0","0","0"
"92","10.179131","Turdus merula","1037.329468","4115.506348","1","FALSE","0","0","0"
"92","37.631688","Sylvia atricapilla","1984.509766","4890.3125","1","FALSE","0","0","0"
"92","2.135012","Cyanistes caeruleus","1951.340332","9839.282227","1","FALSE","0","0","0"
"92","2.277906","Phylloscopus collybita","3396.83374","8723.568359","4","FALSE","0","0","0"
"92","14.491184","Turdus philomelos","1195.303345","6036.411621","1","FALSE","0","0","0"
"92","3.210924","Parus major","1646.20813","9839.282227","1","FALSE","0","0","0"
"93","24.897265","Phylloscopus collybita","2421.268066","8530.981445","1","FALSE","0","0","0"
"93","4.75754799999999","Fringilla coelebs","1748.253174","6058.037109","1","FALSE","0","0","0"
"93","14.180178","Sylvia atricapilla","1621.275757","5318.623535","1","FALSE","0","0","0"
"93","7.430514","Erithacus rubecula","1141.11084","7742.136719","1","FALSE","0","0","0"
"93","12.288927","Turdus philomelos","1347.694336","4325.927734","4","FALSE","0","0","0"
"93","10.137104","Parus major","3647.669189","4911.787109","4","FALSE","0","0","0"
"93","5.076958","Turdus merula","1400.630005","3276.133789","1","FALSE","0","0","0"
"95","48.424427","Turdus philomelos","959.680481","9177.133789","4","TRUE","4","0.213416650237286","0.7419"
"95","32.186001","Turdus merula","515.789062","2659.864502","1","FALSE","0","0","0"
"95","37.463575","Erithacus rubecula","1648.479614","10702.901367","4","FALSE","0","0","0"
"95","28.696578","Troglodytes troglodytes","2110.394775","9296.078125","4","FALSE","0","0","0"
"95","15.264494","Cyanistes caeruleus","4116.248047","9177.133789","1","FALSE","0","0","0"
"95","1.529812","Fringilla coelebs","5953.863281","10567.217773","4","FALSE","0","0","0"
"95","15.264494","Cyanistes caeruleus","4116.248047","9177.133789","1","FALSE","0","0","0"
"95","15.18044","Phylloscopus collybita","2505.922607","8828.723633","4","FALSE","0","0","0"
"95","2.311528","Dendrocopos major","530.430176","1705.382935","1","FALSE","0","0","0"
"96","42.910378","Erithacus rubecula","1594.197021","11542.736328","1","TRUE","9","0.457326803320167","0.8277"
"96","1.302861","Regulus ignicapilla","5474.607422","8887.623047","1","FALSE","0","0","0"
"97","37.337492","Luscinia megarhynchos","1149.283813","3729.125732","1","FALSE","0","0","0"
"97","21.921699","Coturnix coturnix","1149.283813","3925.993164","1","FALSE","0","0","0"
"98","20.417102","Phylloscopus collybita","2761.608887","7874.637695","4","FALSE","0","0","0"
"98","19.299164","Curruca communis","1187.264526","9214.595703","1","FALSE","0","0","0"
"98","18.28209","Anthus trivialis","1717.471924","8853.126953","4","TRUE","13","1","0.844407692307692"
"98","20.871004","Turdus merula","1164.045044","3679.558105","1","FALSE","0","0","0"
"98","9.943777","Sylvia atricapilla","1778.074219","5342.51416","4","FALSE","0","0","0"
"98","5.656941","Pica pica","829.091248","7740.755859","1","FALSE","0","0","0"
"98","6.40503799999999","Emberiza cirlus","2892.587646","7040.096191","4","TRUE","2","0.477480383410685","0.83895"
"98","1.193589","Streptopelia decaocto","364.063751","728.59314","1","FALSE","0","0","0"
"98","0.672445","Phasianus colchicus","886.948059","1307.774536","1","FALSE","0","0","0"
"98","8.170203","Columba palumbus","291.421143","791.696716","1","FALSE","0","0","0"
"98","0.52955","Cyanistes caeruleus","6486.007812","9463.138672","1","FALSE","0","0","0"
"98","0.563172999999999","Coturnix coturnix","1572.37146","3959.212158","4","FALSE","0","0","0"
"99","22.963987","Phylloscopus collybita","2670.319092","7647.523438","1","TRUE","1","0.130639335408089","0.7212"
"99","14.012067","Anthus trivialis","1670.388062","8382.216797","4","TRUE","3","0.245924102418295","0.802766666666667"
"99","16.802712","Sylvia atricapilla","879.255249","5414.244629","1","FALSE","0","0","0"
"99","0.470711000000001","Parus major","2906.330811","6590.687988","4","FALSE","0","0","0"
"101","25.023352","Sylvia atricapilla","1602.329102","6943.099609","1","FALSE","0","0","0"
"101","32.0588","Curruca communis","1529.509277","9506.864258","1","TRUE","10","0.552482656868005","0.80832"
"101","4.597842","Emberiza cirlus","3494.869629","5338.236816","1","FALSE","0","0","0"
"101","4.782763","Columba palumbus","330.896606","721.660889","1","FALSE","0","0","0"
"101","30.932457","Streptopelia turtur","246.223099","916.696228","4","FALSE","0","0","0"
"101","7.53138000000001","Cisticola juncidis","4609.796387","9078.710938","1","TRUE","3","0.647093228598212","0.756733333333333"
"101","2.916729","Corvus corone","816.04541","2245.638428","1","FALSE","0","0","0"
"101","1.15156200000001","Turdus merula","1918.181885","2796.412109","1","FALSE","0","0","0"
"101","1.445756","Certhia brachydactyla","5273.893066","7025.42041","1","FALSE","0","0","0"
"102","3.286573","Turdus merula","1794.954834","3109.291504","1","FALSE","0","0","0"
"102","37.43836","Sylvia atricapilla","1747.422729","8010.710938","1","FALSE","0","0","0"
"102","2.883106","Curruca communis","1723.997192","6555.935547","1","TRUE","1","0.559766793173751","0.803"
"104","34.723364","Troglodytes troglodytes","1856.376587","11541.304688","1","FALSE","0","0","0"
"104","16.46649","Streptopelia decaocto","344.569733","685.027588","1","FALSE","0","0","0"
"104","4.135535","Hirundo rustica","2036.52124","7201.48877","1","FALSE","0","0","0"
"105","4.043074","Turdus merula","765.299377","3526.140869","1","FALSE","0","0","0"
"105","1.25242799999999","Oriolus oriolus","1180.034302","2954.300537","1","FALSE","0","0","0"
"106","32.403431","Luscinia megarhynchos","1336.221802","14473.464844","1","TRUE","6","0.379013691482239","0.793533333333333"
"107","31.403168","Sylvia atricapilla","1496.64856","5574.563477","1","FALSE","0","0","0"
"107","23.787732","Passer domesticus","2547.707764","5259.904297","1","FALSE","0","0","0"
"107","22.829497","Luscinia megarhynchos","1241.486572","8576.836914","4","TRUE","1","0.078399624836237","0.7934"
"107","6.959802","Corvus corone","880.364746","2862.842529","1","FALSE","0","0","0"
"107","1.874439","Turdus merula","1889.776367","3289.826904","4","FALSE","0","0","0"
"108","17.702108","Sylvia atricapilla","1625.987793","6797.123535","1","FALSE","0","0","0"
"108","15.844479","Luscinia megarhynchos","1516.173706","6374.411621","1","FALSE","0","0","0"
"108","6.270547","Prunella modularis","1937.647705","8137.041992","1","TRUE","1","0.274512893372779","0.837"
"108","7.169941","Serinus serinus","5130.098145","8222.931641","4","FALSE","0","0","0"
"109","0.268978","Coturnix coturnix","1580.133179","2719.174805","1","FALSE","0","0","0"
"109","23.16572","Luscinia megarhynchos","1539.441406","3860.884521","1","FALSE","0","0","0"
"109","57.678945","Otus scops","934.109314","1274.223267","1","FALSE","0","0","0"
"110","38.295728","Hippolais polyglotta","1441.264648","9948.986328","4","TRUE","4","0.313350878197171","0.832725"
"110","2.227473","Certhia brachydactyla","5501.97168","7985.307129","4","TRUE","1","0.863681400403058","0.7431"
"110","14.978705","Sylvia atricapilla","1422.371948","4494.611328","1","FALSE","0","0","0"
"110","12.415009","Fringilla coelebs","1403.646484","17423.326172","4","FALSE","0","0","0"
"110","2.10139","Luscinia megarhynchos","1208.251343","16484.822266","1","FALSE","0","0","0"
"110","14.390317","Corvus corone","391.841064","2694.762695","1","FALSE","0","0","0"
"110","12.826883","Phylloscopus collybita","3143.199707","9132.609375","4","FALSE","0","0","0"
"110","6.388224","Turdus merula","1259.666138","2880.159668","1","FALSE","0","0","0"
"110","7.237186","Emberiza citrinella","3768.102051","7757.435059","4","FALSE","0","0","0"
"110","3.916989","Coturnix coturnix","1558.204712","3389.16626","4","FALSE","0","0","0"
"111","33.61383","Parus major","2952.415771","6383.343262","1","FALSE","0","0","0"
"111","10.498543","Sylvia atricapilla","1908.964478","6020.602539","1","FALSE","0","0","0"
"111","16.239542","Turdus merula","1436.55542","4202.621094","1","FALSE","0","0","0"
"111","6.900964","Fringilla coelebs","1827.959839","5543.759766","4","FALSE","0","0","0"
"112","7.43051499999999","Luscinia megarhynchos","1256.174316","4135.504883","1","FALSE","0","0","0"
"113","15.659557","Sylvia atricapilla","1665.947388","6894.637695","4","FALSE","0","0","0"
"113","22.123431","Troglodytes troglodytes","1607.345215","9822.277344","4","FALSE","0","0","0"
"113","11.31388","Curruca communis","1494.459473","9182.763672","1","TRUE","12","1","0.80595"
"113","8.48961300000001","Erithacus rubecula","1948.630493","9561.650391","1","FALSE","0","0","0"
"113","1.605461","Turdus merula","1578.590698","3110.331787","1","FALSE","0","0","0"
"113","2.824267","Turdus philomelos","1822.710938","3729.125732","4","FALSE","0","0","0"
"113","10.204348","Phylloscopus collybita","2084.879883","8266.385742","1","FALSE","0","0","0"
"113","2.504856","Cyanistes caeruleus","2923.913818","8607.131836","1","FALSE","0","0","0"
"113","19.273947","Corvus corone","662.604187","2378.764648","1","FALSE","0","0","0"
"113","10.204348","Phylloscopus collybita","2084.879883","8266.385742","1","FALSE","0","0","0"
"114","31.394762","Curruca communis","1740.022095","10112.098633","4","FALSE","0","0","0"
"114","11.431562","Regulus ignicapilla","6191.854492","9143.25293","1","TRUE","1","0.18014703502461","0.7541"
"114","3.328601","Streptopelia turtur","358.327637","795.088989","1","FALSE","0","0","0"
"114","10.330432","Sylvia atricapilla","1675.444092","4798.299805","1","FALSE","0","0","0"
"116","17.660079","Turdus merula","1316.862427","6558.146973","1","FALSE","0","0","0"
"116","34.546848","Erithacus rubecula","1500.25415","11087.087891","4","TRUE","2","0.119028919801888","0.78"
"116","23.754109","Sylvia atricapilla","1589.071533","5323.280762","1","FALSE","0","0","0"
"116","4.606246","Cyanistes caeruleus","3008.960449","9453.423828","1","FALSE","0","0","0"
"116","30.243201","Streptopelia decaocto","254.018829","768.694153","1","FALSE","0","0","0"
"116","16.769089","Phylloscopus collybita","2873.170654","8841.463867","4","FALSE","0","0","0"
"116","1.580245","Garrulus glandarius","994.662476","2416.442383","1","FALSE","0","0","0"
"117","38.547893","Sylvia atricapilla","1325.341919","8954.405273","1","TRUE","2","0.137995843248813","0.7684"
"117","2.672968","Prunella modularis","2846.76001","7667.54248","1","TRUE","1","0.904877649115141","0.7095"
"117","5.724185","Erithacus rubecula","1349.630859","11265.123047","1","FALSE","0","0","0"
"117","1.613868","Oriolus oriolus","1076.429565","2975.900146","1","FALSE","0","0","0"
"117","5.724185","Erithacus rubecula","1349.630859","11265.123047","1","FALSE","0","0","0"
"117","7.89281999999999","Phylloscopus collybita","3441.300293","6297.425781","4","FALSE","0","0","0"
"118","59.965257","Luscinia megarhynchos","1421.907837","4511.690918","2","FALSE","0","0","0"
"119","25.712604","Turdus merula","1197.34021","4050.400391","1","FALSE","0","0","0"
"119","23.199343","Troglodytes troglodytes","3364.86377","9565.761719","1","FALSE","0","0","0"
"119","24.619883","Sylvia atricapilla","1738.888794","5147.575684","1","FALSE","0","0","0"
"119","11.574456","Luscinia megarhynchos","1368.938354","5676.438965","1","FALSE","0","0","0"
"119","4.001046","Erithacus rubecula","2659.856689","5901.144531","4","FALSE","0","0","0"
"119","0.235355999999999","Passer domesticus","2718.544434","5249.717773","4","FALSE","0","0","0"
"119","11.608077","Cisticola juncidis","5621.467773","9046.076172","1","FALSE","0","0","0"
"119","1.992118","Fringilla coelebs","1936.538452","6436.10791","4","FALSE","0","0","0"
"119","2.899917","Cuculus canorus","390.159546","828.05603","1","FALSE","0","0","0"
"119","0.521144","Phylloscopus collybita","3027.7229","5353.644043","1","FALSE","0","0","0"
"119","0.790122000000004","Cyanistes caeruleus","4091.70874","6881.98584","1","FALSE","0","0","0"
"120","20.845786","Turdus merula","800.215088","4057.46875","1","FALSE","0","0","0"
"120","0.235355999999999","Cisticola juncidis","5997.092773","8179.884277","1","FALSE","0","0","0"
"120","11.187799","Sylvia atricapilla","1937.518921","5091.211426","1","FALSE","0","0","0"
"120","2.412396","Luscinia megarhynchos","1580.755127","3076.864746","4","FALSE","0","0","0"
"120","1.311267","Troglodytes troglodytes","3630.475586","7522.283691","1","FALSE","0","0","0"
"120","1.815599","Emberiza citrinella","3781.119873","5241.658691","1","FALSE","0","0","0"
"121","5.572886","Luscinia megarhynchos","1029.476807","6365.297852","1","FALSE","0","0","0"
"122","7.791953","Turdus merula","1279.393066","8249.21582","1","FALSE","0","0","0"
"122","5.219852","Phylloscopus collybita","3383.696289","8921.374023","4","FALSE","0","0","0"
"122","0.823745","Chloris chloris","2505.922607","5132.947266","4","FALSE","0","0","0"
"122","0.395061","Corvus corone","1303.429688","2009.097778","1","FALSE","0","0","0"
"122","23.258182","Troglodytes troglodytes","2319.97168","9397.298828","1","FALSE","0","0","0"
"122","37.236626","Sylvia atricapilla","1976.594604","4498.689941","4","FALSE","0","0","0"
"122","6.119246","Oriolus oriolus","920.418091","3238.46875","1","FALSE","0","0","0"
"122","23.182532","Columba palumbus","256.938965","737.606689","4","FALSE","0","0","0"
"122","4.824791","Turdus philomelos","1730.224854","10555.984375","1","FALSE","0","0","0"
"122","4.824791","Turdus philomelos","1730.224854","10555.984375","1","FALSE","0","0","0"
"122","0.991856000000002","Luscinia megarhynchos","1819.837158","5530.519043","4","FALSE","0","0","0"
"122","2.941945","Cyanistes caeruleus","3534.279541","9397.298828","4","FALSE","0","0","0"
"122","5.03493","Coturnix coturnix","1279.393066","3852.307373","4","FALSE","0","0","0"
"122","11.406343","Streptopelia decaocto","319.109283","661.53656","4","FALSE","0","0","0"
"123","19.013373","Emberiza cirlus","2570.780518","6415.190918","1","TRUE","3","0.274608455848417","0.781933333333333"
"123","9.725232","Streptopelia decaocto","298.028839","846.643555","1","FALSE","0","0","0"
"123","1.412134","Turdus merula","1440.628418","2760.982422","4","FALSE","0","0","0"
"123","17.231394","Luscinia megarhynchos","983.49646","8606.568359","1","FALSE","0","0","0"
"123","2.799051","Sylvia atricapilla","2139.757812","4022.95166","1","FALSE","0","0","0"
"123","2.748618","Saxicola rubicola","1630.039429","7850.02832","1","TRUE","4","1","0.815275"
"125","10.406082","Regulus ignicapilla","3032.023438","9117.851562","1","FALSE","0","0","0"
"125","18.584691","Sylvia atricapilla","1756.901733","4609.106445","1","FALSE","0","0","0"
"125","12.658771","Troglodytes troglodytes","2170.955811","9198.657227","4","FALSE","0","0","0"
"125","1.487784","Turdus merula","1174.605835","4151.346191","1","FALSE","0","0","0"
"125","1.159967","Certhia brachydactyla","5062.629883","6669.173828","1","FALSE","0","0","0"
"125","1.655895","Turdus philomelos","2124.272705","3062.740723","1","FALSE","0","0","0"
"125","5.623321","Cyanistes caeruleus","5062.629883","9117.851562","1","FALSE","0","0","0"
"125","15.836074","Parus major","2194.585938","14091.53125","1","FALSE","0","0","0"
"125","15.836074","Parus major","2194.585938","14091.53125","1","FALSE","0","0","0"
"126","10.893604","Turdus merula","1064.80188","5344.119629","1","FALSE","0","0","0"
"126","9.63388999999999","Sylvia atricapilla","1723.290771","7074.828125","1","FALSE","0","0","0"
"127","32.579946","Luscinia megarhynchos","1001.122559","8032.12793","1","TRUE","2","0.184162367856595","0.80495"
"128","59.973663","Emberiza cirlus","124.544739","0","4","TRUE","46","1","0.844534782608696"
"128","60.940301","Phylloscopus collybita","2397.627686","7401.836914","4","FALSE","0","0","0"
"128","21.493015","Luscinia megarhynchos","918.245789","5493.990234","4","FALSE","0","0","0"
"128","9.851313","Curruca communis","1774.110352","6362.083008","4","FALSE","0","0","0"
"128","60.940301","Phylloscopus collybita","2397.627686","7401.836914","4","FALSE","0","0","0"
"128","1.260834","Troglodytes troglodytes","2556.269043","10232.771484","4","FALSE","0","0","0"
"128","1.72314","Parus major","1258.673706","9317.763672","4","FALSE","0","0","0"
"128","3.093245","Fringilla coelebs","2321.229004","6102.436523","4","FALSE","0","0","0"
"128","15.155223","Turdus merula","1234.575439","4801.450684","1","FALSE","0","0","0"
"128","5.236663","Columba palumbus","257.828156","839.406555","4","FALSE","0","0","0"
"128","1.72314","Parus major","1258.673706","9317.763672","4","FALSE","0","0","0"
"128","1.2104","Erithacus rubecula","1435.979614","5493.990234","1","FALSE","0","0","0"
"129","16.701846","Turdus merula","1110.712524","3227.010498","1","FALSE","0","0","0"
"129","63.588053","Phylloscopus collybita","2359.189941","8479.335938","4","TRUE","6","0.213361541357462","0.795766666666667"
"129","6.631985","Curruca communis","1833.096069","6018.026367","1","FALSE","0","0","0"
"129","63.588053","Phylloscopus collybita","2359.189941","8479.335938","4","TRUE","6","0.213361541357462","0.795766666666667"
"129","11.011282","Phylloscopus bonelli","2101.632324","4493.23584","1","FALSE","0","0","0"
"129","4.51378499999999","Corvus corone","260.43161","2727.127197","1","FALSE","0","0","0"
"129","19.753064","Cuculus canorus","389.345947","992.831116","1","FALSE","0","0","0"
"130","12.77645","Emberiza calandra","2885.830078","10609.029297","1","TRUE","2","0.164087676936864","0.71995"
"130","14.566833","Sylvia atricapilla","1794.954834","4841.432617","1","FALSE","0","0","0"
"130","5.219852","Turdus merula","1620.369873","2885.830078","1","FALSE","0","0","0"
"130","2.967163","Luscinia megarhynchos","1648.595337","4391.734863","1","FALSE","0","0","0"
"130","0.806933999999998","Curruca communis","2675.477051","6024.137695","1","FALSE","0","0","0"
"131","13.877577","Luscinia megarhynchos","1020.590088","3421.89917","1","FALSE","0","0","0"
"131","0.773311","Otus scops","495.599701","1574.474243","1","FALSE","0","0","0"
"132","55.199305","Alauda arvensis","986.143555","6965.293457","4","FALSE","0","0","0"
"132","21.392148","Cisticola juncidis","5681.788086","9341.853516","1","TRUE","2","0.280476743148935","0.8615"
"132","10.254781","Emberiza calandra","2084.259766","19801.308594","1","TRUE","7","0.917544704270135","0.829428571428571"
"132","4.740734","Pica pica","1709.231079","4218.652832","1","FALSE","0","0","0"
"132","6.556337","Curruca communis","2111.243652","6534.294922","1","FALSE","0","0","0"
"132","3.337008","Turdus merula","1551.941772","2644.22876","1","FALSE","0","0","0"
"132","2.219067","Sylvia atricapilla","2425.897705","3809.697021","4","FALSE","0","0","0"
"132","4.001046","Luscinia megarhynchos","1852.765747","4562.199707","4","FALSE","0","0","0"
"134","48.121825","Sylvia atricapilla","1666.061157","6103.177734","4","TRUE","1","0.0623417752755636","0.7252"
"134","3.042812","Poecile palustris","3792.766602","11857.801758","1","FALSE","0","0","0"
"134","1.739951","Erithacus rubecula","1535.905762","11623.179688","1","FALSE","0","0","0"
"134","8.540047","Turdus merula","1134.213501","4144.813965","1","FALSE","0","0","0"
"134","1.075912","Corvus corone","631.085449","1688.478882","1","FALSE","0","0","0"
"134","1.017073","Turdus viscivorus","1827.515503","3667.446533","1","FALSE","0","0","0"
"136","2.235879","Luscinia megarhynchos","1785.547852","3275.904785","1","FALSE","0","0","0"
"137","18.878886","Fringilla coelebs","1094.915771","9532.907227","1","FALSE","0","0","0"
"137","28.999178","Phylloscopus collybita","2645.199951","7440.975586","4","FALSE","0","0","0"
"137","8.691348","Cuculus canorus","339.378021","912.711975","1","FALSE","0","0","0"
"137","13.0034","Turdus merula","1212.641846","3010.185303","1","FALSE","0","0","0"
"137","10.708683","Regulus ignicapilla","6252.906738","9383.288086","1","FALSE","0","0","0"
"137","9.89334300000001","Certhia brachydactyla","2910.186523","8903.055664","4","TRUE","4","0.438950312346393","0.79365"
"137","7.89281999999999","Oriolus oriolus","880.756165","2870.223145","1","TRUE","4","0.27978225779886","0.8139"
"137","3.496712","Lullula arborea","2245.737549","4750.020508","1","FALSE","0","0","0"
"137","7.69108600000001","Erithacus rubecula","1894.560181","9913.755859","4","FALSE","0","0","0"
"137","0.874178000000001","Dendrocopos major","1094.915771","6939.885742","4","FALSE","0","0","0"
"137","0.6052","Columba oenas","238.923447","692.148865","1","FALSE","0","0","0"
"137","3.404252","Picus viridis","1164.6521","2283.739258","4","FALSE","0","0","0"
"137","9.784071","Parus major","3255.754639","5990.616211","4","FALSE","0","0","0"
"138","50.290458","Phylloscopus collybita","2222.345215","10356.256836","4","FALSE","0","0","0"
"138","11.944299","Turdus merula","1460.937988","4248.508789","1","FALSE","0","0","0"
"138","2.992379","Fringilla coelebs","1774.553833","6012.812012","1","FALSE","0","0","0"
"138","5.404774","Erithacus rubecula","1989.14502","6696.754883","4","FALSE","0","0","0"
"138","2.008928","Certhia brachydactyla","4502.854004","8792.772461","1","FALSE","0","0","0"
"138","10.506949","Regulus ignicapilla","5829.280273","9495.386719","1","TRUE","5","0.723153695711286","0.80576"
"138","7.10269599999999","Sylvia atricapilla","1847.95752","5106.863281","1","FALSE","0","0","0"
"138","0.512738999999996","Cuculus canorus","418.00238","919.682739","1","FALSE","0","0","0"
"138","2.27790700000001","Troglodytes troglodytes","3155.87085","7450.38623","1","FALSE","0","0","0"
"139","51.710999","Sylvia atricapilla","1462.586914","4724.575195","4","FALSE","0","0","0"
"139","6.56474099999998","Turdus merula","1443.488281","4117.155762","1","FALSE","0","0","0"
"139","1.445756","Emberiza calandra","2886.239258","4363.040527","4","FALSE","0","0","0"
"140","31.260275","Luscinia megarhynchos","937.551514","3832.807617","1","TRUE","2","0.0842687724276258","0.7236"
"141","59.982068","Sylvia atricapilla","2006.900269","10141.383789","4","TRUE","3","0.150044843402198","0.779166666666667"
"141","59.965257","Merops apiaster","1025.390991","2470.963867","4","TRUE","15","0.750434539119877","0.836626666666667"
"141","3.252951","Corvus corone","273.737823","1345.938477","1","FALSE","0","0","0"
"141","9.36379200000001","Emberiza calandra","4651.708496","8898.954102","1","FALSE","0","0","0"
"141","7.90963199999999","Emberiza citrinella","3813.228027","7395.036621","1","FALSE","0","0","0"
"141","21.417364","Streptopelia decaocto","285.662231","702.89209","1","FALSE","0","0","0"
"141","1.185184","Turdus merula","1345.938477","2357.263916","4","FALSE","0","0","0"
"141","2.353557","Luscinia megarhynchos","1025.390991","4335.725586","1","FALSE","0","0","0"
"141","1.437351","Curruca communis","1248.714722","6210.348633","4","FALSE","0","0","0"
"141","1.857628","Alectoris rufa","413.240112","1370.993164","4","FALSE","0","0","0"
"141","0.327817000000003","Oriolus oriolus","1111.4729","2176.753174","4","FALSE","0","0","0"
"143","21.15679","Sylvia atricapilla","1158.537231","9720.427734","1","FALSE","0","0","0"
"143","33.840779","Streptopelia turtur","386.338379","741.13678","1","FALSE","0","0","0"
"143","9.943776","Luscinia megarhynchos","983.49646","7154.986816","1","FALSE","0","0","0"
"143","3.715257","Corvus corone","642.827271","1410.591675","2","FALSE","0","0","0"
"143","2.958758","Cyanistes caeruleus","3891.340088","9147.762695","1","FALSE","0","0","0"
"143","5.81664700000001","Parus major","3175.211182","9287.910156","1","FALSE","0","0","0"
"143","5.81664700000001","Parus major","3175.211182","9287.910156","1","FALSE","0","0","0"
"143","1.781978","Turdus philomelos","1765.535889","2391.030762","1","FALSE","0","0","0"
"143","1.092723","Curruca communis","1630.039429","5390.873535","1","FALSE","0","0","0"
"144","19.273945","Luscinia megarhynchos","1033.28418","8420.579102","1","FALSE","0","0","0"
"144","17.668485","Erithacus rubecula","3020.617188","9896.764648","1","TRUE","5","0.710963107476391","0.76238"
"144","9.59915","Emberiza cirlus","3133.836426","5203.869629","1","TRUE","4","0.603020059067729","0.873225"
"144","15.247684","Phylloscopus collybita","2725.072021","8420.579102","1","FALSE","0","0","0"
"144","1.555028","Cyanistes caeruleus","4409.816895","8648.390625","1","FALSE","0","0","0"
"144","11.986327","Leiopicus medius","736.296082","8937.979492","1","FALSE","0","0","0"
"144","1.555028","Cyanistes caeruleus","4409.816895","8648.390625","1","FALSE","0","0","0"
"144","6.842124","Streptopelia decaocto","360.338593","736.296082","1","FALSE","0","0","0"
"144","6.052001","Sylvia atricapilla","1327.758057","3939.478027","1","FALSE","0","0","0"
"144","2.958757","Sitta europaea","1590.021362","7780.03125","4","FALSE","0","0","0"
"144","10.397677","Turdus merula","1327.758057","3813.228027","1","FALSE","0","0","0"
"144","19.937985","Streptopelia turtur","420.490265","817.775574","1","FALSE","0","0","0"
"145","49.634826","Luscinia megarhynchos","1237.359375","7784.445801","1","TRUE","3","0.181324298386782","0.7547"
"146","3.00919","Corvus corone","411.311218","3368.482666","1","FALSE","0","0","0"
"146","0.622012","Oriolus oriolus","949.548767","2200.061279","1","FALSE","0","0","0"
"146","7.127915","Saxicola rubicola","1446.436768","7232.292969","1","TRUE","2","0.116635229236039","0.7486"
"146","16.121862","Luscinia megarhynchos","1571.026978","6657.436035","4","FALSE","0","0","0"
"146","34.799016","Sylvia atricapilla","1818.527588","6726.953125","1","FALSE","0","0","0"
"146","2.437612","Curruca communis","2040.961792","7158.051758","4","FALSE","0","0","0"
"147","11.347504","Sylvia atricapilla","2093.253906","5483.265137","1","FALSE","0","0","0"
"147","18.20644","Curruca communis","1888.320312","6740.213867","1","TRUE","1","0.112393581611781","0.7201"
"147","2.56369500000001","Oriolus oriolus","956.496338","2380.760742","1","FALSE","0","0","0"
"147","13.121076","Turdus merula","1250.307129","3760.596436","1","FALSE","0","0","0"
"147","3.62279599999999","Emberiza cirlus","5829.132812","9726.484375","1","FALSE","0","0","0"
"147","0.655632999999998","Phasianus colchicus","753.6521","1250.307129","1","FALSE","0","0","0"
"148","20.585215","Luscinia megarhynchos","1255.980347","3210.848877","1","FALSE","0","0","0"
"149","33.311232","Sylvia atricapilla","1379.991577","4718.222656","1","FALSE","0","0","0"
"149","10.29681","Phylloscopus collybita","3197.834229","7006.719238","1","FALSE","0","0","0"
"149","21.257657","Turdus merula","1348.372192","4396.193848","1","FALSE","0","0","0"
"149","0.243762","Corvus corone","991.413391","2040.378784","1","FALSE","0","0","0"
"149","7.48935299999998","Luscinia megarhynchos","1461.192139","6438.48291","1","FALSE","0","0","0"
"149","9.38901","Cuculus canorus","401.471985","854.747009","1","FALSE","0","0","0"
"149","1.403728","Emberiza cirlus","3639.0271","4396.193848","1","FALSE","0","0","0"
"150","17.37429","Sylvia atricapilla","1850.489624","5216.460938","1","FALSE","0","0","0"
"150","1.706328","Passer domesticus","2371.56665","5274.633301","1","FALSE","0","0","0"
"150","3.790908","Buteo buteo","991.038879","2754.231201","1","TRUE","1","0.223946874996703","0.7126"
"150","1.244023","Corvus corone","833.418579","1850.489624","1","FALSE","0","0","0"
"151","59.965257","Luscinia megarhynchos","882.817749","0","2","TRUE","10","0.500289692746585","0.83931"
"152","14.045688","Luscinia megarhynchos","1407.322876","18029.001953","1","FALSE","0","0","0"
"152","7.497759","Emberiza cirlus","3238.487305","6301.643066","1","TRUE","1","0.40011955572325","0.8481"
"152","23.888598","Sylvia atricapilla","1478.794678","5079.759766","1","FALSE","0","0","0"
"152","2.57210199999999","Emberiza calandra","4573.211426","8291.646484","1","FALSE","0","0","0"
"152","6.127652","Corvus corax","677.349792","1442.760986","1","FALSE","0","0","0"
"152","4.093507","Phylloscopus collybita","3763.228271","6722.480469","1","FALSE","0","0","0"
"152","2.202257","Garrulus glandarius","1389.824341","3440.543457","4","FALSE","0","0","0"
"152","1.43735","Emberiza citrinella","4661.891113","6071.964844","1","FALSE","0","0","0"
"152","0.958234000000004","Turdus merula","1571.553345","2863.475098","1","FALSE","0","0","0"
"152","0.184922","Cisticola juncidis","5904.664551","8596.609375","1","FALSE","0","0","0"
"153","5.245068","Turdus merula","1425.321289","3434.743408","1","FALSE","0","0","0"
"153","2.521668","Curruca communis","1828.262817","4461.666504","1","FALSE","0","0","0"
"153","4.261618","Sylvia atricapilla","1877.505981","4363.052246","1","FALSE","0","0","0"
"153","3.16049","Luscinia megarhynchos","1877.505981","3897.533447","1","FALSE","0","0","0"
"153","0.622011000000001","Emberiza citrinella","4218.652832","5620.533203","1","FALSE","0","0","0"
"153","0.781717","Phasianus colchicus","2709.36499","4461.666504","1","FALSE","0","0","0"
"154","22.543708","Luscinia megarhynchos","1193.03894","6891.717773","1","TRUE","1","0.0764686536926399","0.8399"
"155","11.835027","Emberiza cirlus","2517.507812","6881.98584","1","TRUE","8","0.9789613492221","0.8238125"
"155","10.153915","Sylvia atricapilla","1846.790283","4803.692871","4","FALSE","0","0","0"
"155","10.859983","Garrulus glandarius","814.882812","9477.262695","1","FALSE","0","0","0"
"155","21.568665","Luscinia megarhynchos","1180.983521","4303.704102","1","FALSE","0","0","0"
"155","16.676629","Phylloscopus collybita","2900.830322","7785.274902","1","FALSE","0","0","0"
"155","1.798789","Turdus philomelos","2029.449829","3364.86377","1","FALSE","0","0","0"
"155","2.849485","Fringilla coelebs","1423.382568","5958.546387","1","FALSE","0","0","0"
"155","0.579982999999999","Picus viridis","1479.259521","3092.836426","4","FALSE","0","0","0"
"156","9.439444","Cyanistes caeruleus","3393.100342","18719.126953","1","TRUE","10","0.905586176473954","0.77054"
"156","9.17046299999999","Turdus merula","1311.120483","3232.914795","1","FALSE","0","0","0"
"156","22.78747","Lophophanes cristatus","1567.000977","8468.063477","1","TRUE","5","0.470396318678643","0.81992"
"156","3.042812","Phylloscopus collybita","3170.609619","6288.435547","1","FALSE","0","0","0"
"156","22.78747","Lophophanes cristatus","1567.000977","8468.063477","1","TRUE","5","0.470396318678643","0.81992"
"156","1.513001","Sylvia atricapilla","2090.029053","3264.442139","1","FALSE","0","0","0"
"156","2.244285","Curruca communis","1735.90271","6991.14209","1","FALSE","0","0","0"
"156","6.48068600000001","Hirundo rustica","2090.029053","6809.105957","4","FALSE","0","0","0"
"157","23.754109","Luscinia megarhynchos","1177.124756","6184.441895","1","TRUE","1","0.0888181072167347","0.7064"
"157","1.168373","Otus scops","1013.763672","1442.935669","1","FALSE","0","0","0"
"158","22.426032","Passer domesticus","1808.99646","8361.121094","4","FALSE","0","0","0"
"158","48.937163","Hippolais polyglotta","1199.345703","19814.949219","1","TRUE","35","1","0.90374"
"158","6.043596","Luscinia megarhynchos","1415.448486","4354.63916","1","FALSE","0","0","0"
"158","4.623057","Sylvia atricapilla","1808.99646","4586.759277","4","FALSE","0","0","0"
"158","0.386656000000002","Pica pica","1020.700928","2384.588379","1","FALSE","0","0","0"
"158","4.034668","Streptopelia decaocto","438.44278","590.950012","1","FALSE","0","0","0"
"159","30.276823","Hippolais polyglotta","1038.834473","6389.493164","1","TRUE","22","1","0.901995454545455"
"159","30.562612","Passer domesticus","2135.978516","6066.785156","4","FALSE","0","0","0"
"159","10.944036","Sylvia atricapilla","2027.986694","4377.072266","4","FALSE","0","0","0"
"159","1.067506","Corvus corax","666.853394","1564.179932","1","FALSE","0","0","0"
"160","17.340669","Luscinia megarhynchos","1387.448608","3467.970215","1","FALSE","0","0","0"
"161","14.339884","Passer domesticus","2843.178955","6397.595703","4","FALSE","0","0","0"
"161","9.700013","Corvus corone","508.596008","2676.954346","1","FALSE","0","0","0"
"161","13.516136","Emberiza cirlus","3169.599365","10521.198242","1","TRUE","35","1","0.879388571428571"
"161","27.570233","Curruca communis","1871.838257","7040.096191","1","TRUE","11","0.484608381800763","0.802281818181818"
"161","6.178085","Emberiza calandra","4135.504883","8735.594727","1","FALSE","0","0","0"
"161","15.743613","Sylvia atricapilla","1164.045044","4979.831055","4","FALSE","0","0","0"
"161","9.91015500000001","Oriolus oriolus","341.750977","10945.779297","1","FALSE","0","0","0"
"161","7.40529799999999","Turdus merula","737.312622","2804.729736","1","FALSE","0","0","0"
"161","13.516136","Emberiza cirlus","3169.599365","10521.198242","1","TRUE","35","1","0.879388571428571"
"161","7.40529799999999","Turdus merula","737.312622","2804.729736","1","FALSE","0","0","0"
"161","1.075912","Turdus viscivorus","1383.743652","3121.989746","1","FALSE","0","0","0"
"161","15.701584","Columba palumbus","325.592987","773.343811","1","FALSE","0","0","0"
"161","1.302862","Parus major","3217.800537","4256.723633","1","FALSE","0","0","0"
"161","9.91015500000001","Oriolus oriolus","341.750977","10945.779297","1","FALSE","0","0","0"
"162","27.149955","Sylvia atricapilla","1663.198608","4297.599609","1","FALSE","0","0","0"
"162","11.381126","Emberiza cirlus","3286.294922","5745.067383","1","FALSE","0","0","0"
"162","6.934586","Turdus merula","1533.327026","3400.562744","1","FALSE","0","0","0"
"162","3.54714600000001","Emberiza calandra","2570.780518","6619.147949","1","FALSE","0","0","0"
"162","1.193589","Curruca communis","2570.780518","4440.856445","1","FALSE","0","0","0"
"163","54.190637","Luscinia megarhynchos","1458.496216","3519.27417","2","FALSE","0","0","0"
"163","38.673977","Otus scops","1099.751587","1483.156982","1","FALSE","0","0","0"
"163","7.455731","Coturnix coturnix","1533.327026","3567.479736","1","TRUE","2","0.598672081919264","0.88645"
"164","27.763563","Sylvia atricapilla","1367.961914","7841.51123","4","FALSE","0","0","0"
"164","21.619098","Hippolais polyglotta","1201.081055","8155.140137","4","FALSE","0","0","0"
"164","23.165721","Phoenicurus ochruros","2026.52063","7343.281738","4","FALSE","0","0","0"
"164","40.800583","Passer domesticus","1660.290894","8262.223633","4","FALSE","0","0","0"
"164","1.580245","Streptopelia decaocto","317.52829","707.647217","1","FALSE","0","0","0"
"164","18.399768","Luscinia megarhynchos","1294.718994","4333.183105","4","FALSE","0","0","0"
"164","3.61439099999999","Curruca communis","1929.953003","7152.227051","4","FALSE","0","0","0"
"164","1.588651","Turdus merula","1343.25354","2644.671387","4","FALSE","0","0","0"
"164","0.462306000000005","Oriolus oriolus","1750.954834","2975.900146","4","FALSE","0","0","0"
"165","3.152084","Phoenicurus ochruros","1742.418091","10457.008789","1","TRUE","2","1","0.84945"
"165","26.544756","Sylvia atricapilla","1771.349243","6954.104492","4","FALSE","0","0","0"
"165","1.563435","Corvus corax","548.280884","1657.639771","1","FALSE","0","0","0"
"165","3.152084","Phoenicurus ochruros","1742.418091","10457.008789","1","TRUE","2","1","0.84945"
"165","1.933278","Periparus ater","3120.835693","8650.508789","1","FALSE","0","0","0"
"165","2.286313","Chloris chloris","1952.278687","4135.504883","1","FALSE","0","0","0"
"165","13.221947","Curruca communis","1860.21582","6775.943359","1","FALSE","0","0","0"
"165","3.64801300000001","Emberiza cirlus","2813.838867","5825.996582","4","FALSE","0","0","0"
"165","2.286313","Chloris chloris","1952.278687","4135.504883","1","FALSE","0","0","0"
"165","0.554767000000002","Cyanistes caeruleus","6024.16748","8650.508789","1","FALSE","0","0","0"
"165","17.332262","Passer domesticus","2945.034668","5347.988281","4","FALSE","0","0","0"
"165","2.580506","Turdus merula","1554.294312","2426.45752","1","FALSE","0","0","0"
"165","0.924611000000006","Luscinia megarhynchos","1502.240601","3113.223145","4","FALSE","0","0","0"
"167","28.915124","Troglodytes troglodytes","2418.661621","8932.907227","1","FALSE","0","0","0"
"167","46.877802","Sylvia atricapilla","1371.570068","4841.977051","4","FALSE","0","0","0"
"167","46.356657","Erithacus rubecula","1613.759521","9940.793945","1","FALSE","0","0","0"
"167","46.213763","Phylloscopus collybita","2821.994385","9040.003906","4","FALSE","0","0","0"
"167","46.356657","Erithacus rubecula","1613.759521","9940.793945","1","FALSE","0","0","0"
"167","6.220113","Cuculus canorus","440.248657","942.331299","1","TRUE","2","0.922258325532028","0.717"
"167","0.773311","Oriolus oriolus","1094.219482","2669.622559","4","FALSE","0","0","0"
"167","1.210401","Phylloscopus bonelli","2940.777588","7829.762695","4","FALSE","0","0","0"
"167","1.571839","Turdus viscivorus","2154.653809","3503.569824","4","FALSE","0","0","0"
"168","46.154924","Phylloscopus collybita","2650.304932","8805.9375","1","FALSE","0","0","0"
"168","51.223475","Sylvia atricapilla","1565.9104","6014.671875","4","TRUE","6","0.338628158280944","0.78485"
"168","12.179655","Leiopicus medius","1565.9104","3907.587646","4","FALSE","0","0","0"
"168","1.93327800000001","Erithacus rubecula","2075.291992","9973.787109","1","FALSE","0","0","0"
"168","5.70737499999999","Fringilla coelebs","1706.238159","6253.788574","1","FALSE","0","0","0"
"168","7.16153400000001","Cyanistes caeruleus","2115.782471","10775.473633","1","FALSE","0","0","0"
"168","3.34541299999999","Oriolus oriolus","971.643738","2327.270508","1","FALSE","0","0","0"
"168","7.16153400000001","Cyanistes caeruleus","2115.782471","10775.473633","1","FALSE","0","0","0"
"168","1.93327800000001","Erithacus rubecula","2075.291992","9973.787109","1","FALSE","0","0","0"
"169","9.17887","Phylloscopus collybita","3170.415771","8062.866699","1","FALSE","0","0","0"
"169","1.075911","Sylvia atricapilla","3468.888184","5539.645996","1","FALSE","0","0","0"
"169","2.68977899999999","Erithacus rubecula","1831.628174","9907.352539","1","FALSE","0","0","0"
"169","15.854005","Leiopicus medius","1391.40918","5092.91748","4","FALSE","0","0","0"
"171","11.742568","Turdus viscivorus","1321.788086","3526.140869","1","TRUE","4","0.783017479651811","0.871575"
"171","9.145247","Certhia brachydactyla","4037.54834","7774.466797","1","TRUE","9","1","0.801755555555556"
"171","29.873356","Phylloscopus collybita","2916.548096","8604.694336","1","FALSE","0","0","0"
"171","32.52111","Sylvia atricapilla","1407.538696","9622.904297","1","FALSE","0","0","0"
"171","9.145247","Certhia brachydactyla","4037.54834","7774.466797","1","TRUE","9","1","0.801755555555556"
"172","15.484158","Luscinia megarhynchos","427.20636","4068.270996","1","FALSE","0","0","0"
"173","16.525332","Luscinia megarhynchos","1419.036865","4851.824219","1","FALSE","0","0","0"
"173","13.507733","Passer domesticus","2120.883545","7200.840332","1","FALSE","0","0","0"
"173","13.171509","Parus major","1768.331055","6761.459961","1","FALSE","0","0","0"
"173","13.507733","Passer domesticus","2120.883545","7200.840332","1","FALSE","0","0","0"
"173","6.63198599999999","Turdus merula","1459.840332","3164.17334","1","FALSE","0","0","0"
"173","4.93406200000001","Sylvia atricapilla","2120.883545","3931.759766","1","FALSE","0","0","0"
"173","6.09403000000001","Corvus corone","269.462372","12027.730469","1","TRUE","4","0.465955861720405","0.7963"
"173","8.59048199999999","Carduelis carduelis","3238.579346","7430.13623","1","FALSE","0","0","0"
"173","13.171509","Parus major","1768.331055","6761.459961","1","FALSE","0","0","0"
"174","4.312053","Turdus merula","1391.40918","2855.380371","1","FALSE","0","0","0"
"174","50.660302","Passer domesticus","2463.644775","5949.87793","1","FALSE","0","0","0"
"174","2.824268","Lullula arborea","2364.508789","3886.703125","1","FALSE","0","0","0"
"175","34.29468","Sylvia atricapilla","1631.852661","7873.985352","1","FALSE","0","0","0"
"175","0.731284","Cyanistes caeruleus","5585.460938","7056.82959","4","FALSE","0","0","0"
"175","34.29468","Sylvia atricapilla","1631.852661","7873.985352","1","FALSE","0","0","0"
"175","1.260834","Turdus merula","1009.44635","2480.876221","4","FALSE","0","0","0"
"176","4.303648","Luscinia megarhynchos","1745.84314","3424.585938","1","FALSE","0","0","0"
"177","8.287881","Corvus corone","552.804871","3586.788818","1","FALSE","0","0","0"
"177","2.437612","Fringilla coelebs","2307.935059","7347.618652","4","FALSE","0","0","0"
"177","30.0919","Sylvia atricapilla","1819.629395","6451.211914","1","FALSE","0","0","0"
"177","0.739689000000002","Saxicola rubicola","3109.291504","6107.844238","1","FALSE","0","0","0"
"177","2.815862","Phylloscopus collybita","3109.291504","5717.496582","1","FALSE","0","0","0"
"177","0.537956000000001","Corvus monedula","934.109314","3146.9646","1","FALSE","0","0","0"
"177","0.672445000000003","Emberiza citrinella","3892.509766","5290.288574","1","FALSE","0","0","0"
"178","54.190637","Sylvia atricapilla","930.889648","11834.612305","1","TRUE","2","0.102048495942205","0.7946"
"178","5.858675","Curruca communis","1077.867432","8572.119141","1","FALSE","0","0","0"
"178","36.185932","Turdus merula","900.876587","10735.682617","1","FALSE","0","0","0"
"178","14.264233","Emberiza cirlus","3053.038574","6069.463867","1","FALSE","0","0","0"
"178","1.866034","Hippolais polyglotta","987.052612","9071.241211","4","FALSE","0","0","0"
"178","54.190637","Sylvia atricapilla","930.889648","11834.612305","1","TRUE","2","0.102048495942205","0.7946"
"178","36.185932","Turdus merula","900.876587","10735.682617","1","FALSE","0","0","0"
"178","0.630417","Cyanistes caeruleus","4934.515625","8214.582031","4","FALSE","0","0","0"
"178","2.092985","Chloris chloris","2465.031494","7870.82959","1","FALSE","0","0","0"
"178","1.773573","Aegithalos caudatus","5808.428711","7649.056152","4","FALSE","0","0","0"
"178","1.672706","Corvus corone","779.79541","3868.497803","4","FALSE","0","0","0"
"178","0.353033000000003","Cuculus canorus","338.720947","799.320007","1","FALSE","0","0","0"
"180","22.997608","Erithacus rubecula","1815.325562","11373.366211","1","FALSE","0","0","0"
"180","39.943216","Luscinia megarhynchos","1277.932983","5245.306152","4","FALSE","0","0","0"
"180","12.465444","Sylvia atricapilla","2013.670898","5553.879883","1","FALSE","0","0","0"
"180","8.489614","Corvus corone","324.548981","2539.445312","1","FALSE","0","0","0"
"180","4.85000800000001","Aegithalos caudatus","3367.798828","10350.238281","1","TRUE","1","0.0846524376867006","0.7139"
"180","19.862336","Columba palumbus","337.591827","723.548096","1","FALSE","0","0","0"
"180","2.244284","Cyanistes caeruleus","2790.109863","9286.678711","4","FALSE","0","0","0"
"180","1.555028","Fringilla coelebs","2118.633545","3578.926025","1","FALSE","0","0","0"
"180","5.27028599999999","Otus scops","778.609924","2302.670898","1","FALSE","0","0","0"
"180","2.85789","Emberiza cirlus","2539.445312","4880.910645","4","FALSE","0","0","0"
"180","1.807195","Strix aluco","705.653687","1461.067505","1","FALSE","0","0","0"
"180","2.883107","Lullula arborea","2083.202393","4538.851074","1","FALSE","0","0","0"
"180","2.143418","Streptopelia decaocto","391.444946","778.609924","1","FALSE","0","0","0"
"180","2.883107","Lullula arborea","2083.202393","4538.851074","1","FALSE","0","0","0"
"180","1.49618899999999","Turdus merula","1335.401001","2456.958984","4","FALSE","0","0","0"
"180","2.294718","Parus major","3801.010986","4880.910645","1","FALSE","0","0","0"
"182","59.71223","Hippolais polyglotta","1420.728149","7336.783203","4","TRUE","2","0.100481928074031","0.7383"
"182","59.968525","Alauda arvensis","1635.674438","8094.567871","4","FALSE","0","0","0"
"182","14.464928","Turdus merula","1200.935059","3310.564453","1","FALSE","0","0","0"
"182","19.815647","Anas platyrhynchos","1059.646606","2627.713379","4","FALSE","0","0","0"
"182","2.171761","Emberiza calandra","4454.855957","9048.483398","4","FALSE","0","0","0"
"182","5.858813","Luscinia megarhynchos","1759.085205","4623.439453","4","FALSE","0","0","0"
"182","3.327339","Erithacus rubecula","6275.717773","8800.717773","1","FALSE","0","0","0"
"182","5.53507099999999","Sylvia atricapilla","2008.325684","5125.383789","4","FALSE","0","0","0"
"182","1.465827","Columba palumbus","567.279602","15301.625","4","FALSE","0","0","0"
"183","38.893886","Hippolais polyglotta","1437.256226","7348.714355","1","TRUE","10","0.737664732189527","0.84658"
"183","10.44964","Cisticola juncidis","6129.358398","7935.825195","4","FALSE","0","0","0"
"183","12.661871","Luscinia megarhynchos","1189.498413","5163.127441","1","FALSE","0","0","0"
"183","3.282373","Fringilla coelebs","2447.973145","4606.543945","1","FALSE","0","0","0"
"183","2.212231","Emberiza calandra","4453.130859","7735.510742","1","FALSE","0","0","0"
"183","0.746404","Serinus serinus","5197.630371","7588.33252","1","FALSE","0","0","0"
"183","5.557555","Sylvia atricapilla","1500.883545","4483.45459","1","FALSE","0","0","0"
"184","8.794965","Asio otus","1655.616943","7439.39502","1","FALSE","0","0","0"
"185","56.456835","Sylvia atricapilla","1722.174805","5290.773438","4","FALSE","0","0","0"
"185","19.253598","Troglodytes troglodytes","3355.749268","8399.038086","4","FALSE","0","0","0"
"185","12.877698","Corvus corax","777.119263","1915.067017","1","FALSE","0","0","0"
"185","22.392085","Erithacus rubecula","1860.985962","9401.214844","4","FALSE","0","0","0"
"185","2.482014","Emberiza cirlus","6234.45459","9261.466797","1","FALSE","0","0","0"
"185","2.095324","Cyanistes caeruleus","3709.3396","9123.648438","1","FALSE","0","0","0"
"185","2.095324","Cyanistes caeruleus","3709.3396","9123.648438","1","FALSE","0","0","0"
"185","0.836329999999997","Turdus merula","1860.985962","2731.357666","1","FALSE","0","0","0"
"185","2.877698","Corvus corone","840.163452","2660.395264","1","FALSE","0","0","0"
"185","18.201439","Phylloscopus collybita","4161.010254","7727.875977","4","FALSE","0","0","0"
"185","4.172662","Sitta europaea","6480.229004","9832.34082","1","FALSE","0","0","0"
"186","15.935251","Turdus merula","1328.767212","3767.569824","1","FALSE","0","0","0"
"186","26.510792","Sylvia atricapilla","1194.800415","14463.960938","1","TRUE","3","0.339484388093724","0.759933333333333"
"186","2.81474899999999","Parus major","1223.784668","9364.681641","1","FALSE","0","0","0"
"186","3.615107","Fringilla coelebs","1625.785889","4306.327637","1","FALSE","0","0","0"
"186","1.69964","Erithacus rubecula","3441.007568","4579.526855","1","FALSE","0","0","0"
"188","6.196044","Sitta europaea","2521.022949","7782.797852","4","FALSE","0","0","0"
"188","2.203238","Oriolus oriolus","1077.077026","2424.268555","1","FALSE","0","0","0"
"188","15.593525","Turdus merula","1232.553223","2994.865723","1","FALSE","0","0","0"
"188","29.379497","Sylvia atricapilla","1450.258789","8810.639648","4","FALSE","0","0","0"
"188","17.805757","Troglodytes troglodytes","1533.817139","8385.34668","4","FALSE","0","0","0"
"188","1.960432","Phoenicurus ochruros","3167.826416","8112.433105","1","FALSE","0","0","0"
"188","2.27518","Emberiza cirlus","6694.931641","9642.720703","1","FALSE","0","0","0"
"188","4.109712","Chloris chloris","2376.986572","4274.419434","1","FALSE","0","0","0"
"188","3.27338100000001","Luscinia megarhynchos","1132.111206","4547.133301","1","FALSE","0","0","0"
"188","2.56295","Serinus serinus","4792.755859","8045.498047","1","FALSE","0","0","0"
"188","15.017986","Streptopelia turtur","382.596527","814.14447","1","FALSE","0","0","0"
"188","1.303957","Pica pica","1354.104248","3474.271729","1","FALSE","0","0","0"
"188","16.978417","Hirundo rustica","2829.639893","8247.848633","4","FALSE","0","0","0"
"189","42.491007","Hirundo rustica","4266.13623","7309.718262","1","FALSE","0","0","0"
"189","9.02877899999999","Passer domesticus","2419.664307","5111.260742","1","FALSE","0","0","0"
"189","8.444244","Sylvia atricapilla","1685.126221","4814.672363","1","FALSE","0","0","0"
"191","16.800619","Prunella modularis","1996.957764","11768.789062","1","FALSE","0","0","0"
"191","45.340618","Anthus trivialis","2046.967773","8257.667969","4","FALSE","0","0","0"
"191","10.299327","Sylvia atricapilla","1931.69104","6141.695312","4","FALSE","0","0","0"
"191","1.128463","Lophophanes cristatus","2423.988037","3783.711182","1","FALSE","0","0","0"
"191","0.176848","Loxia curvirostra","3147.180908","4275.700195","1","FALSE","0","0","0"
"191","7.20026599999999","Saxicola rubicola","2385.956055","7572.134766","4","FALSE","0","0","0"
"191","1.187412","Carduelis citrinella","3951.536377","6573.807129","1","FALSE","0","0","0"
"191","2.720101","Turdus philomelos","2097.905029","3923.135254","1","FALSE","0","0","0"
"191","2.720101","Turdus philomelos","2097.905029","3923.135254","1","FALSE","0","0","0"
"192","28.301992","Periparus ater","2746.787842","9617.6875","1","FALSE","0","0","0"
"192","16.632192","Prunella modularis","2516.182861","8871.993164","1","FALSE","0","0","0"
"192","6.01285300000001","Saxicola rubicola","2868.217529","8653.578125","1","FALSE","0","0","0"
"192","5.676","Fringilla coelebs","1958.507568","5581.36084","1","FALSE","0","0","0"
"192","28.301992","Periparus ater","2746.787842","9617.6875","1","FALSE","0","0","0"
"192","5.676","Fringilla coelebs","1958.507568","5581.36084","1","FALSE","0","0","0"
